ra,dec,label
0.200720,1.553790,1
1.705670,11.913890,1
1.835160,0.050650,1
2.182260,6.547430,1
3.026090,-9.760110,1
3.440310,29.358220,1
3.618600,-4.414040,1
3.973900,4.010960,1
4.262000,25.099910,1
4.494850,20.568750,1
5.858730,28.353580,1
6.029490,1.106230,1
7.549150,10.252360,1
7.564850,3.055280,1
7.703650,15.577200,1
10.421120,-0.327180,1
10.913900,13.743460,1
11.246190,-1.108140,1
11.301100,0.474210,1
11.723530,5.568530,1
13.372480,12.073960,1
13.514240,15.746840,1
13.602000,4.739220,1
14.327270,24.942200,1
14.956290,27.006750,1
15.348520,1.012590,1
17.113310,23.152840,1
17.222440,10.318620,1
17.877520,4.937640,1
18.299250,1.595130,1
18.900480,0.564590,1
18.998120,6.560780,1
19.239710,18.689970,1
19.388750,1.120060,1
19.925520,-0.317210,1
19.980320,3.500080,1
19.992010,0.730640,1
20.190530,3.493640,1
20.572610,-0.299800,1
20.972800,0.160780,1
21.064520,24.198430,1
21.067470,6.404380,1
21.527150,7.719410,1
22.780910,0.703840,1
23.058540,-2.527110,1
23.234690,0.723930,1
23.258720,14.170970,1
23.746910,-0.597450,1
25.381350,-9.431660,1
25.474890,1.084850,1
25.565280,8.107440,1
25.588010,22.460980,1
26.061620,-5.981600,1
26.400650,25.988590,1
27.770260,11.266290,1
28.290680,22.074790,1
29.055970,26.470650,1
29.457170,31.435670,1
29.519800,-0.872750,1
29.555990,-1.742210,1
29.689400,23.670050,1
29.690770,-0.360710,1
30.100500,0.093210,1
30.242640,0.232130,1
30.545280,15.587590,1
31.239710,-0.965490,1
31.321790,-6.242150,1
31.589750,3.724690,1
31.723970,-7.875350,1
31.933590,-6.165560,1
32.036520,0.516370,1
33.644120,1.018850,1
34.469160,-4.065520,1
34.538370,2.196630,1
35.109540,-4.273220,1
35.191260,-5.854610,1
35.738320,-0.530560,1
36.043240,-2.776580,1
36.204260,-0.659860,1
37.044260,-1.814770,1
39.341430,-1.037840,1
39.596940,-6.272200,1
40.977300,3.443200,1
41.126620,4.745390,1
41.286160,0.619630,1
41.430140,-0.236650,1
41.975140,4.483980,1
44.831300,-7.381240,1
47.685130,-8.264490,1
47.982910,-0.279530,1
48.884500,0.917670,1
62.287040,-6.123720,1
111.733660,41.026680,1
112.948240,38.756990,1
113.293990,28.692540,1
113.461690,44.130600,1
114.037440,35.787800,1
114.318310,38.034000,1
115.446720,30.545290,1
116.523800,22.278310,1
116.569650,19.286090,1
116.779560,46.852540,1
116.831890,21.879420,1
117.759870,24.171960,1
117.945030,42.078560,1
118.189720,20.060540,1
118.398500,40.789830,1
118.417270,16.484280,1
118.477150,45.400270,1
118.483530,26.889940,1
119.139860,41.687930,1
119.207140,42.109040,1
119.220100,29.328400,1
119.521570,14.924610,1
119.907010,27.449720,1
119.948870,11.418710,1
120.769770,22.126130,1
121.225920,21.607530,1
121.798820,19.744340,1
122.380140,10.296550,1
122.835710,14.211970,1
123.169840,7.257940,1
124.315750,3.184410,1
124.486930,5.991330,1
124.506110,20.836120,1
124.506880,7.694330,1
125.102490,39.230530,1
125.252850,34.193270,1
125.746130,58.348050,1
125.789840,20.791600,1
126.094140,23.945210,1
126.933750,7.980710,1
127.501490,34.544090,1
127.854660,56.157030,1
128.293800,4.176850,1
128.843910,6.024680,1
129.083420,6.944540,1
129.195250,15.216380,1
129.318630,3.935030,1
129.424890,4.232990,1
130.197800,37.116970,1
130.455780,-0.175420,1
130.763520,24.044210,1
131.846090,7.985720,1
131.945780,39.494060,1
132.995590,4.156800,1
133.473660,13.588930,1
134.388700,14.048180,1
134.863990,43.929440,1
136.249690,-0.701920,1
136.459600,0.663400,1
136.551190,40.777360,1
136.914250,11.858120,1
137.984220,-0.861220,1
138.137240,0.281450,1
138.488580,5.375200,1
138.655710,1.439850,1
140.351630,8.936200,1
140.495460,3.709930,1
140.806380,4.579160,1
141.464820,66.252010,1
141.621800,-0.101610,1
141.878130,-1.222990,1
141.951170,3.428920,1
142.326450,4.325940,1
142.491170,0.252410,1
142.892710,0.507840,1
144.178980,55.188710,1
144.596360,37.753350,1
145.147900,9.637390,1
145.387090,0.125310,1
145.595750,54.025890,1
145.728940,37.626820,1
145.774530,53.846790,1
146.814000,0.118910,1
146.944110,54.832080,1
146.951180,7.573440,1
147.162090,5.357520,1
147.218100,-2.728250,1
147.419650,40.236860,1
147.506040,56.834510,1
148.636680,3.879900,1
149.162840,15.092930,1
149.279590,-0.153600,1
149.761500,2.318440,1
150.485340,10.779830,1
150.706860,14.063160,1
151.238880,11.628500,1
151.262810,37.497510,1
152.970750,54.701780,1
153.172870,55.496070,1
153.774190,13.784110,1
154.102050,-1.011130,1
154.625480,49.063320,1
155.053490,32.793670,1
155.311790,5.293140,1
155.862160,39.352250,1
156.991430,0.074730,1
157.095140,23.905530,1
157.547040,22.647190,1
157.984740,46.852390,1
158.158110,16.648890,1
159.443920,33.028850,1
159.604620,46.953350,1
160.410870,0.833700,1
160.984770,9.641750,1
161.468440,0.402870,1
162.074130,38.254390,1
162.383530,9.266580,1
163.905130,27.378750,1
164.544050,3.194660,1
165.379370,2.917830,1
166.096770,63.718140,1
166.229900,1.315750,1
166.401900,12.906570,1
166.439950,2.665300,1
166.502220,9.592240,1
166.923820,5.437820,1
166.928200,4.359510,1
167.606020,-0.059470,1
168.373720,53.227440,1
168.666270,-0.470750,1
169.481200,57.635070,1
169.506340,36.868900,1
169.623530,32.066670,1
169.920710,14.492390,1
170.260650,4.060020,1
170.463180,2.852160,1
170.807480,2.557530,1
171.831230,4.199230,1
171.846310,-2.725810,1
172.411110,21.128830,1
172.587500,2.369870,1
172.791000,34.164800,1
172.826780,58.311580,1
173.121410,3.958090,1
173.289610,9.752470,1
173.686300,28.153760,1
173.688290,36.823010,1
173.958810,0.705810,1
174.062830,-0.387300,1
174.280440,27.104680,1
174.747430,2.812760,1
175.211120,64.826550,1
176.289540,65.896260,1
176.926810,13.808130,1
177.128190,39.426980,1
177.644950,0.958010,1
177.765740,53.027970,1
178.474860,-0.925270,1
178.512510,0.531660,1
178.817730,20.952230,1
178.991180,3.702150,1
179.782600,49.782730,1
179.805310,6.167360,1
179.907870,65.760150,1
179.972460,5.225000,1
180.020740,59.403500,1
180.131930,62.727010,1
180.441540,35.422910,1
180.987270,34.994890,1
181.146320,48.925810,1
181.199640,17.049120,1
181.470340,33.572460,1
181.521550,35.640290,1
181.792710,0.135060,1
181.824220,36.800270,1
181.993000,22.284370,1
182.103680,29.331300,1
182.638790,-1.298780,1
182.787600,49.676020,1
182.893630,38.899740,1
182.929380,60.609710,1
183.355810,57.169300,1
183.694890,0.935060,1
184.071360,56.851440,1
184.267010,33.593290,1
184.612170,46.947950,1
184.631200,42.112360,1
185.076840,6.688780,1
185.200020,36.469680,1
185.575960,1.482520,1
185.955420,2.246990,1
186.128340,36.438550,1
186.306980,60.894380,1
186.661140,-0.187250,1
186.864490,-1.366160,1
188.093180,1.722290,1
188.219240,32.795850,1
188.366760,65.930000,1
188.496370,8.703230,1
189.022040,44.557770,1
189.522000,59.729050,1
189.714790,49.346720,1
189.813850,53.237290,1
190.808270,50.183280,1
190.808450,58.746040,1
190.958400,2.040290,1
191.452450,34.863720,1
191.813790,67.824780,1
192.054790,62.416580,1
192.270870,35.598140,1
192.522350,4.266560,1
192.672940,-0.090430,1
193.335490,46.449580,1
193.515780,49.248010,1
193.546560,49.901310,1
193.692860,38.086070,1
193.938950,23.396670,1
194.819770,55.252000,1
195.102980,-2.485010,1
195.263180,35.376820,1
195.736370,31.455460,1
196.467960,0.324540,1
196.926200,52.044460,1
197.359530,53.691820,1
197.361640,45.715810,1
198.145110,-2.761730,1
198.641760,35.787930,1
199.443140,-2.090620,1
199.592990,-2.395550,1
199.632020,33.343600,1
199.675470,9.259470,1
200.188560,-0.413770,1
201.642020,31.243140,1
201.791730,1.907230,1
201.798020,-2.016400,1
202.314120,2.027910,1
202.399400,-1.509460,1
202.460420,35.609730,1
202.685140,7.441330,1
203.540240,1.679210,1
203.835200,-0.977430,1
203.932530,36.234620,1
204.126380,50.179550,1
204.264800,32.491640,1
204.674340,22.240650,1
205.009670,44.262430,1
205.154420,13.305350,1
205.768990,46.131350,1
205.850030,-3.328730,1
205.875060,51.034480,1
206.081660,51.440140,1
206.199580,45.530210,1
206.291250,32.653000,1
206.465310,42.965350,1
206.950300,40.775760,1
207.015560,45.624580,1
207.057000,13.534390,1
207.298540,36.702770,1
207.494670,-0.189140,1
207.790590,37.486350,1
207.826370,46.048660,1
208.497770,8.757420,1
208.512980,27.110740,1
209.102470,35.136980,1
209.506790,11.892190,1
210.069390,-1.139480,1
210.211560,-2.617200,1
210.495240,43.397450,1
210.635250,31.777450,1
210.704040,7.092900,1
211.972760,28.235860,1
212.464180,-3.276020,1
212.490510,-1.480710,1
213.078670,44.754690,1
213.224660,54.003990,1
213.352320,46.073930,1
213.897750,2.394100,1
214.307630,37.423630,1
214.396300,4.665190,1
214.647480,2.916800,1
215.722820,47.547850,1
216.375790,5.459900,1
216.995520,6.394910,1
217.054410,4.879900,1
217.263550,38.349860,1
217.566880,23.062340,1
217.756900,-0.714350,1
218.139690,6.845730,1
218.218180,39.046090,1
218.868980,3.493600,1
219.301980,31.371650,1
219.310430,37.793500,1
219.317830,28.443480,1
219.323340,39.145790,1
219.561490,42.568330,1
219.872980,-0.188420,1
220.016620,6.326830,1
220.187850,51.259250,1
220.213200,2.737710,1
220.663630,28.665450,1
221.282560,0.241260,1
222.056850,8.126200,1
222.908930,4.026440,1
223.775150,11.855850,1
223.785180,2.342410,1
224.312460,37.626460,1
224.495260,3.488380,1
224.496130,29.845740,1
224.807950,36.014300,1
224.820180,34.242550,1
225.233180,-1.873450,1
225.637410,6.393800,1
226.905740,-2.602190,1
227.573890,12.972480,1
227.825200,27.212410,1
227.865610,3.061300,1
228.280820,3.949750,1
228.381300,4.073800,1
228.423730,29.786200,1
228.440700,31.190300,1
228.934730,12.901890,1
229.045510,21.036250,1
229.522410,32.674920,1
229.594270,10.761840,1
229.616280,42.201740,1
230.185990,39.825090,1
230.688300,42.747520,1
230.744680,1.446530,1
230.919460,3.083510,1
231.259460,34.789870,1
231.323210,40.232690,1
232.035710,35.794980,1
232.874040,32.983200,1
233.279410,20.152050,1
233.291770,27.488950,1
233.374800,7.683920,1
233.489100,7.300650,1
233.759420,34.927330,1
233.760280,10.364000,1
233.792330,29.564430,1
233.998450,39.339450,1
234.310080,45.729910,1
234.391970,46.233030,1
234.735830,8.066310,1
235.105170,21.246010,1
235.914590,31.792070,1
235.989990,10.103750,1
236.130270,32.896160,1
236.373470,25.191070,1
236.499960,46.799270,1
236.642080,8.332870,1
236.928030,1.428060,1
237.025270,19.683430,1
237.173950,7.222230,1
237.174390,4.232610,1
237.922620,35.220820,1
238.013050,5.833810,1
238.038040,43.639400,1
238.097040,32.581940,1
238.243540,20.787200,1
238.249750,21.046350,1
238.338360,35.385020,1
238.379170,20.160870,1
238.419730,24.299940,1
238.608910,20.091020,1
238.667770,36.497770,1
240.011840,32.445720,1
240.198470,33.219640,1
240.412950,41.424820,1
240.524370,17.243840,1
240.525320,7.890330,1
240.795840,43.491390,1
241.139980,11.779580,1
241.278360,9.784790,1
241.801000,15.242240,1
241.875900,56.051530,1
241.981830,9.371930,1
242.418770,3.986240,1
242.434650,7.169410,1
242.513060,54.607750,1
243.017770,31.218830,1
243.186020,29.971160,1
243.926720,23.528870,1
244.089390,14.750840,1
244.297600,6.642620,1
244.553570,29.737940,1
244.762680,54.091420,1
244.777640,6.269930,1
244.993960,30.538070,1
245.018060,9.384360,1
245.025220,9.474870,1
247.044340,41.140020,1
247.121570,43.496810,1
247.251240,8.374710,1
247.276750,17.828340,1
247.483720,27.800040,1
247.791740,38.749280,1
247.997250,0.356590,1
248.010310,32.060940,1
248.238060,24.055350,1
248.363070,26.318100,1
248.569460,-0.675800,1
249.088850,44.402840,1
249.553340,40.474520,1
249.630160,25.423930,1
250.070600,27.296430,1
250.882960,30.809890,1
252.746120,22.880210,1
253.145670,39.625950,1
253.621630,24.127900,1
253.649330,33.047610,1
255.505510,26.213900,1
258.709460,29.235460,1
259.057550,34.498360,1
260.251360,37.741460,1
260.428500,35.744210,1
263.335180,27.406800,1
312.711590,0.199920,1
315.501770,0.083850,1
318.301930,3.624340,1
318.498570,6.791740,1
318.865150,-6.091120,1
320.165660,-0.945640,1
321.243240,-0.111740,1
324.474030,-8.603240,1
324.478000,7.399460,1
324.784330,2.333440,1
325.888860,1.369580,1
326.712310,0.542770,1
326.822680,0.035570,1
331.768830,1.175580,1
332.515340,-0.848520,1
332.686500,24.999460,1
332.867150,5.065960,1
333.594180,18.451250,1
334.856600,27.468480,1
335.674860,0.421740,1
335.717130,18.402170,1
335.812900,-0.401700,1
335.843580,0.771990,1
336.116310,27.290640,1
336.765820,29.559310,1
337.918020,-2.192490,1
338.898920,24.809190,1
339.432270,-1.271700,1
339.770730,-0.683140,1
340.306440,-1.352480,1
341.124770,0.868540,1
341.219940,21.602360,1
342.398560,0.257080,1
342.464860,25.570760,1
342.584440,1.538320,1
343.168230,1.166300,1
343.458740,6.532010,1
343.487570,17.516210,1
343.735080,0.808770,1
344.392160,9.847180,1
346.872810,5.565310,1
346.900710,-0.374260,1
347.288390,7.952630,1
347.733540,1.323120,1
347.764390,0.268690,1
348.151580,-0.701070,1
348.224070,30.738660,1
349.388270,-10.084530,1
349.690940,31.086690,1
352.196520,4.174740,1
354.784240,7.036420,1
359.537270,18.776960,1
163.412227,56.693109,0
23.975236,4.196677,0
259.562655,32.617071,0
151.270374,48.117818,0
336.035438,26.584834,0
185.524254,57.068681,0
235.081526,-2.084838,0
12.486756,4.861883,0
9.835740,29.542216,0
117.009450,25.599446,0
165.485142,22.003280,0
331.276547,24.672726,0
28.376197,8.749043,0
241.405366,50.981555,0
159.405711,27.316737,0
207.619708,28.669207,0
203.344176,32.475703,0
159.040343,66.295450,0
156.818409,2.775460,0
153.704144,54.787933,0
221.056380,38.981711,0
221.348513,43.755012,0
12.906977,19.704489,0
192.505527,62.502728,0
121.706363,48.928350,0
189.969274,46.959562,0
131.458558,38.228107,0
355.596159,8.378696,0
24.266725,23.461006,0
25.677830,10.704924,0
193.311351,38.153142,0
149.072143,6.786874,0
2.130899,28.596886,0
248.278601,31.111398,0
346.149264,9.916295,0
244.623961,45.726609,0
359.964940,12.808220,0
137.554740,57.845475,0
127.480525,46.373519,0
8.398259,17.024175,0
260.379014,58.734645,0
22.616499,19.149718,0
151.092550,28.493544,0
197.277884,31.966719,0
167.479613,0.472345,0
170.378259,19.014741,0
252.159830,30.747915,0
177.652458,31.572070,0
198.224308,27.475014,0
147.176872,43.856719,0
219.805073,50.565748,0
232.972398,8.644675,0
154.895883,41.101169,0
320.724848,-1.064519,0
192.213208,46.398679,0
189.516798,60.748484,0
346.871444,-2.430199,0
137.328867,21.046668,0
337.227654,4.114638,0
17.514614,28.913534,0
128.582992,59.116517,0
348.030551,11.751290,0
257.296663,42.934811,0
220.357005,62.154725,0
139.013401,51.034297,0
206.167148,55.442254,0
236.422552,16.434379,0
173.873165,58.801083,0
127.532708,17.548001,0
328.683526,28.943069,0
127.511225,9.764517,0
162.722927,40.413590,0
333.043313,0.786280,0
163.749919,52.963732,0
155.091546,44.152173,0
130.074494,10.574677,0
25.993316,11.089318,0
21.830941,8.455243,0
182.827502,27.233242,0
56.056030,-7.152223,0
0.462482,20.342518,0
168.165947,1.284716,0
203.161367,41.972529,0
146.177939,15.416575,0
176.642706,4.824950,0
146.561536,39.770217,0
255.440727,43.782855,0
336.678361,1.190000,0
238.297404,24.277660,0
132.184998,7.857090,0
133.258865,48.024639,0
180.753722,51.410723,0
243.206447,5.855702,0
180.178096,25.877205,0
5.073099,22.398290,0
221.577033,60.078682,0
330.434191,9.307097,0
157.734852,-3.188804,0
239.955190,53.850334,0
205.313171,20.969630,0
150.386515,55.885240,0
118.879457,30.132042,0
12.080731,2.925105,0
120.571653,19.714045,0
12.046530,-9.118159,0
187.003962,6.711821,0
220.695569,38.178856,0
40.858225,-0.529232,0
212.619801,66.225821,0
216.918777,2.597903,0
196.581536,64.751601,0
165.911129,35.658740,0
1.281844,29.172766,0
151.510920,3.247032,0
357.396661,20.400722,0
139.656993,50.175298,0
157.227387,34.176991,0
226.649161,11.811673,0
178.346874,26.311397,0
20.251791,33.608177,0
129.000539,37.618366,0
250.638138,42.074559,0
29.879978,25.219286,0
220.125781,16.003421,0
333.237434,13.991838,0
31.323183,0.721211,0
178.124491,6.386565,0
192.813580,45.057858,0
195.384824,43.815821,0
190.924049,9.285319,0
119.825645,13.881906,0
123.230005,34.730283,0
221.966230,56.691192,0
148.192288,30.050192,0
215.595242,46.492632,0
233.743380,57.940460,0
35.546946,5.188542,0
22.351530,25.210277,0
171.238195,14.434319,0
221.728030,34.894971,0
214.796140,13.609507,0
358.140563,33.020411,0
197.552774,23.913364,0
251.216750,35.348433,0
252.637080,38.303620,0
31.050248,16.071727,0
242.036971,57.756703,0
37.322543,-4.579808,0
15.431802,18.056110,0
214.079599,57.116112,0
179.638884,56.667973,0
218.825918,11.479438,0
145.893257,5.177774,0
185.230820,31.798990,0
249.131392,43.296533,0
140.610552,16.455380,0
4.766074,34.302236,0
182.757563,25.152536,0
349.046329,7.354522,0
125.235824,15.983547,0
149.739903,69.529045,0
257.845961,31.270500,0
147.101169,31.572676,0
198.404109,23.095244,0
235.523755,1.111379,0
180.983704,61.934515,0
208.817279,14.588241,0
146.250673,27.587750,0
127.744754,56.492842,0
336.906981,-8.206141,0
150.610445,32.044406,0
224.148996,31.884167,0
152.420426,23.810204,0
131.986487,24.760657,0
175.632740,11.401010,0
161.850499,57.409567,0
159.725468,54.637330,0
155.811712,55.688877,0
201.370019,46.370432,0
216.192710,50.597001,0
197.520228,32.895675,0
141.128141,50.251018,0
358.319209,7.260980,0
194.859180,47.204708,0
122.504288,22.049352,0
249.297539,33.257511,0
166.735356,40.427081,0
152.651041,-2.689598,0
206.869963,39.994025,0
163.700727,32.174188,0
134.280082,40.625315,0
199.437242,59.578652,0
216.240841,12.797087,0
185.695089,26.659033,0
14.681727,19.620869,0
8.178116,0.519702,0
207.562450,5.210350,0
246.853276,46.064184,0
209.966271,56.073394,0
23.272701,23.276073,0
343.478279,31.497333,0
188.534559,31.799464,0
153.330054,57.480958,0
10.894351,13.580187,0
211.641036,9.643816,0
183.818182,60.349707,0
146.753296,6.582217,0
142.899857,60.039291,0
253.587777,35.196887,0
142.322978,30.041668,0
19.872565,-1.818890,0
182.019748,21.189194,0
171.977441,55.039596,0
175.487487,59.063403,0
171.273462,46.883106,0
5.238825,-0.293029,0
138.138148,21.356826,0
173.970377,59.895920,0
226.621833,5.366854,0
235.459600,11.889858,0
157.966981,23.869957,0
158.023884,45.176001,0
2.316937,7.851617,0
237.696932,45.420871,0
139.880292,52.667552,0
11.307201,20.798659,0
228.257734,5.121481,0
223.178544,9.449704,0
147.860677,32.767050,0
184.440684,2.352654,0
190.445444,61.294876,0
251.851964,45.492626,0
115.186221,28.456466,0
245.240890,31.443179,0
119.107115,22.270518,0
163.827261,50.534718,0
171.963647,45.644634,0
151.559206,20.420829,0
351.428719,20.742945,0
125.286558,4.534025,0
31.130311,24.418910,0
320.399429,1.639052,0
201.424999,30.166254,0
120.755138,52.512727,0
138.234197,29.738564,0
238.154447,28.221775,0
248.016507,38.938895,0
169.044509,41.304018,0
325.055932,-1.887314,0
155.289959,37.618837,0
256.879002,38.799962,0
6.443729,18.226957,0
255.156326,36.307058,0
116.360616,19.518798,0
145.078536,30.252777,0
210.396214,28.955188,0
166.078111,2.513585,0
225.689039,40.910357,0
138.474612,33.980277,0
166.549629,58.870455,0
160.748688,15.891015,0
160.669199,48.238364,0
342.317700,5.046296,0
154.569836,14.060369,0
131.030407,51.886394,0
235.104907,50.450138,0
233.210357,46.829685,0
154.216568,35.690767,0
359.648022,-4.179619,0
206.560699,61.021067,0
257.336090,45.040993,0
358.597703,19.635221,0
131.046943,16.158936,0
178.853922,32.484998,0
225.749463,30.836405,0
359.090492,26.570928,0
252.127363,46.996288,0
227.660024,10.350746,0
340.406437,6.990809,0
28.330110,15.543839,0
346.845332,30.210642,0
258.419213,34.016167,0
349.538331,30.597199,0
181.421170,37.116480,0
19.490801,-1.136115,0
172.038376,31.156407,0
351.894723,0.376131,0
38.952910,3.427855,0
2.534157,14.959826,0
134.083590,50.003964,0
242.804604,14.782513,0
185.206745,42.591995,0
195.587849,48.734555,0
196.786526,34.406070,0
245.148476,42.128517,0
28.468961,-2.776640,0
215.519277,38.973021,0
139.610304,8.612414,0
125.749498,7.433221,0
244.339673,40.339376,0
114.894428,23.247413,0
162.620238,33.012845,0
172.576966,36.911456,0
163.169195,34.864893,0
206.866308,35.081889,0
209.815412,5.254894,0
131.456780,27.449047,0
167.907157,7.551646,0
322.017119,4.697672,0
217.616189,25.200282,0
6.691978,24.963893,0
258.828653,37.302291,0
231.993394,22.216270,0
349.342212,30.826192,0
346.396246,34.730203,0
10.943465,30.747856,0
165.959117,14.398704,0
250.145306,23.458671,0
159.028136,59.173404,0
191.508547,4.449562,0
128.032407,39.196343,0
126.101963,13.747208,0
200.140152,22.687667,0
201.796388,1.169371,0
122.356242,29.993343,0
158.404890,28.400254,0
133.260729,20.072694,0
167.333354,11.320649,0
136.678681,52.908052,0
147.971959,42.968194,0
144.511866,11.235470,0
148.443425,24.983971,0
5.681792,32.920684,0
16.034700,29.818246,0
209.712863,56.133143,0
188.219622,41.722901,0
157.698081,51.477991,0
332.199824,25.232100,0
28.137031,32.786491,0
197.771956,51.812565,0
248.605021,30.457639,0
33.638395,13.579808,0
159.617916,44.863161,0
224.424708,25.664421,0
216.886599,60.536144,0
148.595281,29.239045,0
151.842142,33.379209,0
200.495414,52.744769,0
10.602207,-1.026508,0
214.756165,46.611826,0
180.121262,43.641246,0
229.058834,36.462338,0
177.182911,12.271323,0
142.270371,32.880510,0
153.828334,56.481329,0
127.081497,54.904026,0
155.221260,26.103008,0
3.481903,18.615945,0
134.943159,27.759688,0
344.825676,-0.020007,0
117.756595,49.942205,0
348.203460,1.149956,0
11.919447,28.732396,0
166.021243,43.373086,0
128.944186,29.134979,0
354.184309,10.365981,0
209.204488,44.170595,0
208.473276,66.657008,0
341.760098,22.924786,0
236.202118,58.919318,0
240.924296,6.299124,0
224.588837,36.707859,0
241.174420,46.632473,0
319.737862,-0.468911,0
159.379900,24.737227,0
164.309680,10.446037,0
260.006579,54.577566,0
156.248158,44.732091,0
6.097079,21.572536,0
186.414838,55.907484,0
136.794521,48.431106,0
359.290094,19.395956,0
2.115448,1.247824,0
238.967773,22.920275,0
125.004920,12.773190,0
193.741924,57.115094,0
235.685993,52.784797,0
249.254980,25.608449,0
165.272616,-0.032042,0
165.319862,5.830606,0
237.653358,5.630574,0
262.471598,36.479381,0
330.862670,21.365041,0
191.562992,4.255024,0
179.629041,63.167834,0
215.749123,46.911855,0
18.219891,18.110102,0
186.520446,37.874458,0
174.233135,34.543611,0
343.590230,21.304509,0
24.468578,6.240587,0
131.847468,58.956758,0
216.805570,26.161050,0
249.532963,35.785416,0
145.618126,0.434323,0
228.168595,13.752430,0
335.459829,-1.187386,0
167.113645,45.978637,0
340.024197,7.150634,0
23.679452,19.761958,0
248.617291,55.987395,0
197.595147,-2.629844,0
164.133343,62.434051,0
120.370382,11.636033,0
130.646779,4.807408,0
136.654107,53.264586,0
152.580050,14.409136,0
231.638749,31.905629,0
178.114557,62.845229,0
234.470841,49.899023,0
236.643412,51.960688,0
160.768339,52.187931,0
236.817575,51.435176,0
170.308796,49.423802,0
185.538764,46.301151,0
161.263599,45.777247,0
145.042305,1.473249,0
258.714371,40.195380,0
126.295088,37.010726,0
165.742405,6.197982,0
135.462314,13.255728,0
11.466202,-6.393912,0
357.417658,17.809978,0
202.852522,1.421477,0
190.769799,64.989004,0
46.222636,0.758178,0
223.246234,5.627316,0
139.377959,11.019638,0
4.476593,-1.664721,0
139.621621,5.632325,0
208.189128,34.238465,0
211.820836,42.504717,0
198.349214,6.579234,0
260.991661,60.194469,0
152.624746,21.485679,0
147.724122,42.475446,0
28.907911,-7.666167,0
146.166203,3.827808,0
157.395164,46.758454,0
138.179728,1.337065,0
129.492007,35.723088,0
336.354917,28.116980,0
165.230113,23.072552,0
224.338326,39.932364,0
205.761838,28.828854,0
10.401354,13.925915,0
220.211550,52.079450,0
14.977513,-1.050678,0
133.581818,43.357697,0
148.341314,28.984183,0
251.068795,40.217114,0
142.063685,13.770793,0
199.869402,8.244448,0
359.534829,18.586004,0
7.545147,1.706284,0
208.565785,-0.530383,0
166.005925,13.359637,0
141.722056,30.828262,0
354.106003,31.187567,0
21.668847,7.937689,0
6.013171,6.236515,0
234.303788,10.432550,0
222.157038,2.107787,0
181.283039,25.902616,0
30.098143,30.480285,0
127.877570,45.720374,0
195.929206,12.692516,0
200.719114,11.430092,0
178.364595,37.279078,0
202.853052,66.970160,0
194.826561,39.566799,0
171.215222,35.974161,0
222.738520,50.709599,0
159.235309,64.654736,0
158.077113,50.584544,0
128.922514,6.326119,0
128.848178,38.720339,0
350.990122,31.147920,0
2.585153,35.814534,0
160.248591,44.839063,0
174.508089,46.876883,0
335.621435,31.158701,0
178.184311,35.610916,0
32.021049,-9.109889,0
207.638767,47.636059,0
171.085884,55.182005,0
199.261747,10.001617,0
119.308991,36.857298,0
237.058065,49.444016,0
353.112903,29.627349,0
15.987236,4.882185,0
41.635613,0.091400,0
158.821386,57.432080,0
245.838896,11.730120,0
236.928021,45.308848,0
117.735113,44.875909,0
174.968797,33.101084,0
206.411092,53.399251,0
9.745334,1.852247,0
245.739806,35.181310,0
13.636622,-3.777044,0
135.721089,35.776150,0
208.235752,44.859774,0
142.352030,17.764790,0
135.831706,57.028043,0
131.631696,22.706237,0
153.015508,1.354609,0
329.898679,0.970565,0
148.275159,46.783764,0
222.578845,3.869027,0
191.845871,54.628551,0
161.110155,64.899003,0
227.551683,2.228209,0
220.634212,0.515975,0
163.678904,25.674716,0
202.063558,16.698729,0
150.116816,4.590480,0
143.049196,6.687223,0
201.728370,3.582307,0
213.062663,3.314769,0
162.559034,36.625025,0
148.400731,42.452144,0
132.689049,44.528987,0
201.611171,3.441060,0
224.709906,60.209988,0
133.501359,1.791373,0
187.126094,52.431361,0
358.492310,33.182889,0
318.175287,10.423010,0
229.556327,48.416031,0
18.842627,23.451187,0
117.684855,18.726946,0
168.419899,50.160359,0
163.542499,23.527731,0
174.546699,63.185936,0
146.816723,41.337246,0
7.836413,1.281573,0
175.233584,9.299124,0
205.727823,23.864651,0
139.229475,45.164830,0
188.647863,29.436176,0
353.347087,22.027737,0
209.521194,39.588435,0
243.529488,51.565152,0
146.158640,21.337895,0
243.054726,23.353361,0
255.455138,32.432389,0
26.783278,18.575839,0
124.070939,16.611204,0
241.678475,42.963568,0
20.757463,0.056483,0
178.944403,23.412944,0
193.436000,2.723083,0
123.325683,26.903492,0
198.817933,64.189369,0
20.519798,-1.912390,0
358.920364,15.360083,0
114.114347,23.277315,0
157.641716,24.702505,0
194.942717,30.894148,0
212.681021,14.584516,0
125.989207,38.654057,0
229.596070,29.990415,0
218.818810,49.581907,0
158.447353,31.978658,0
204.846789,58.231714,0
165.166662,16.952863,0
336.124397,4.891161,0
38.115527,4.509465,0
26.306920,32.502087,0
178.583634,62.190681,0
193.679809,13.743659,0
10.084337,9.506236,0
144.020678,54.449417,0
187.989871,34.660068,0
131.256022,27.251261,0
220.035417,5.878838,0
224.091047,56.313143,0
28.813826,29.098085,0
137.831096,49.460342,0
351.872924,24.870277,0
326.673430,25.041937,0
155.537254,52.181653,0
224.423041,7.975949,0
147.669671,13.701729,0
23.619021,14.119542,0
163.127319,41.611220,0
165.985662,62.491876,0
219.304378,0.894910,0
118.040504,31.980647,0
185.534155,46.194256,0
29.412831,20.484257,0
136.088981,0.333812,0
33.054916,4.202325,0
46.427040,-7.722740,0
188.146228,56.286304,0
227.006134,3.122396,0
19.132877,-0.435600,0
328.239453,25.193095,0
209.632425,5.089672,0
120.217932,38.475431,0
232.639457,41.859312,0
13.184287,-0.956066,0
146.168175,54.704024,0
228.804228,9.707084,0
13.467929,30.485402,0
324.736450,12.249267,0
160.514821,29.475628,0
251.296036,34.653179,0
176.106259,45.355114,0
178.522360,56.344665,0
245.209471,9.693117,0
224.046977,16.012654,0
198.858452,57.370891,0
200.831839,43.580510,0
232.159981,48.794607,0
227.484241,-0.944630,0
143.875724,32.322482,0
183.163838,65.503439,0
179.242357,30.728735,0
354.000737,32.942707,0
189.833027,49.266320,0
132.647267,54.977742,0
184.151662,4.051774,0
33.950929,-1.161943,0
188.476888,48.347227,0
173.105021,-0.491107,0
14.901607,24.490564,0
177.129043,61.102376,0
241.710619,52.264859,0
211.790196,44.564417,0
188.587296,46.694432,0
128.296023,28.047241,0
11.119419,9.166514,0
202.061826,31.710637,0
118.816379,15.704643,0
239.820901,18.945274,0
221.435906,-0.287489,0
126.641518,10.158791,0
2.189876,17.736424,0
159.201030,29.466685,0
19.435992,31.055005,0
114.629871,39.568774,0
200.487827,23.116912,0
25.718530,-0.626775,0
207.474584,22.157696,0
168.970490,48.402003,0
170.759813,43.371986,0
211.330171,13.117002,0
178.460366,34.667963,0
141.729662,23.078083,0
7.918444,27.709749,0
185.290642,26.727495,0
211.378813,35.055445,0
188.560013,-1.332263,0
6.210421,0.579918,0
195.032410,46.562421,0
236.715640,52.886995,0
193.595180,26.334762,0
4.520008,26.413613,0
241.491274,5.623981,0
136.177467,53.387236,0
221.227857,-0.367468,0
212.179020,35.669592,0
327.488731,24.057311,0
148.950189,35.556421,0
116.204949,25.802984,0
10.503418,14.384051,0
183.161900,17.549785,0
166.355707,7.066546,0
124.687335,3.388421,0
158.945963,11.745801,0
223.073204,34.486817,0
246.831882,37.536537,0
8.531397,8.076309,0
240.897836,9.169777,0
24.843662,17.752105,0
192.795006,22.967818,0
156.615821,41.299012,0
156.541364,25.614245,0
245.988681,24.373035,0
257.428048,44.756308,0
23.357053,-2.859963,0
146.579448,37.773216,0
193.488145,65.204268,0
152.500409,18.646123,0
232.650490,45.881648,0
208.358212,52.732338,0
208.201506,2.886084,0
188.690545,35.268807,0
36.621932,-4.515883,0
176.738129,7.796116,0
128.598396,32.438105,0
189.252315,54.787592,0
3.018856,20.547372,0
346.639868,26.666443,0
246.136061,21.473905,0
150.206525,23.377712,0
115.809743,47.869730,0
22.732967,18.567406,0
126.215748,13.376672,0
129.636485,11.207627,0
357.235361,-10.691995,0
227.539777,54.940345,0
354.608397,33.549332,0
343.731338,-9.264709,0
161.511357,49.876837,0
151.003851,52.711761,0
23.709493,0.593641,0
319.383124,9.043648,0
348.875285,32.414192,0
336.330444,20.239046,0
151.185813,3.978287,0
154.551577,40.203053,0
337.795921,12.881250,0
239.141063,35.726757,0
227.053682,37.252601,0
164.116528,49.380544,0
145.850196,44.940512,0
335.295362,21.618672,0
171.824453,44.137492,0
8.254435,29.271012,0
227.032192,36.675297,0
119.799046,14.951127,0
120.677584,14.258745,0
128.216451,1.561223,0
129.653062,19.561948,0
130.666490,21.786202,0
160.842765,56.184220,0
146.094694,44.577265,0
166.695109,21.844528,0
250.271970,52.524093,0
150.700649,3.532219,0
211.180362,38.582446,0
134.603340,26.984180,0
175.975631,34.348431,0
27.603163,33.167623,0
236.531740,-0.195951,0
352.883204,27.220957,0
175.977279,2.193700,0
199.747889,46.128020,0
26.302572,34.013730,0
207.291122,48.304682,0
132.380094,56.327344,0
354.075693,14.963502,0
34.534363,-4.979243,0
161.119571,48.556375,0
255.456349,32.002522,0
127.811345,31.442208,0
179.922768,35.740991,0
219.083052,46.215065,0
200.993013,49.977606,0
224.560592,24.628440,0
49.104821,0.419872,0
2.260638,2.043774,0
19.906578,-0.167692,0
225.707507,57.649926,0
153.673076,57.821854,0
183.921212,55.233817,0
224.059356,54.563589,0
155.777838,59.756439,0
15.516315,-0.072750,0
15.061433,-1.190756,0
215.066754,14.472843,0
132.116356,20.515778,0
151.398418,32.857081,0
354.119841,12.220126,0
240.672997,29.458121,0
157.933621,43.053987,0
28.154418,-1.732913,0
321.859115,2.101466,0
253.491908,38.729559,0
211.061854,40.390167,0
209.028128,36.198434,0
40.025881,-5.132229,0
163.609576,54.506255,0
124.768991,24.557660,0
155.865538,29.657607,0
173.952777,-2.438297,0
240.637841,31.847204,0
139.270766,46.393816,0
161.143639,47.321313,0
148.046721,38.859653,0
252.157751,34.902615,0
210.778975,21.185697,0
228.042883,38.048293,0
357.384012,26.498842,0
133.659708,20.509654,0
256.525633,24.051531,0
252.196427,30.971806,0
182.504690,37.132488,0
154.844034,23.730336,0
207.247741,60.249435,0
213.625708,60.380740,0
218.765310,47.190185,0
176.262077,64.957154,0
129.778922,19.363529,0
24.911313,-0.396684,0
20.469801,40.034812,0
4.501612,12.925963,0
189.708871,63.291286,0
213.096106,5.642484,0
186.314018,49.337833,0
0.108990,-3.463442,0
170.812986,46.826180,0
6.177701,5.310955,0
122.486053,13.466965,0
128.767741,7.680103,0
334.860278,11.747911,0
241.049678,49.158399,0
207.518885,3.831654,0
236.666882,47.233054,0
335.515573,-9.453349,0
252.031493,25.735324,0
12.578528,-0.910557,0
135.090341,48.282583,0
142.537330,56.112967,0
123.585965,50.870627,0
343.463481,16.972210,0
149.792756,10.821447,0
29.979639,8.422900,0
140.873179,21.685766,0
134.023390,54.852632,0
121.090617,22.579511,0
192.167349,43.538338,0
335.771490,25.197483,0
158.730739,48.304161,0
142.673622,59.734376,0
197.875763,31.268611,0
335.519762,22.662227,0
222.012033,36.669063,0
118.679360,18.338954,0
243.481630,30.872687,0
213.806446,11.371031,0
124.801102,6.348903,0
137.910059,31.402421,0
10.457021,30.382473,0
169.917489,27.172542,0
146.309205,58.324302,0
133.511698,48.345474,0
248.582653,49.581598,0
341.518094,2.998507,0
181.185663,4.664248,0
205.819561,26.907884,0
159.415053,50.251593,0
174.111469,-2.038631,0
216.858420,41.120804,0
193.371010,57.648829,0
196.649594,68.181735,0
125.053835,8.343901,0
120.035479,43.899500,0
148.601515,39.719534,0
117.859962,35.432662,0
221.040033,39.390513,0
218.250154,30.819904,0
188.994352,24.828398,0
186.663189,45.840209,0
157.618139,36.717490,0
25.292503,26.318378,0
178.336517,17.137701,0
127.634259,49.738397,0
187.991693,20.913141,0
359.298969,19.530458,0
162.695124,35.000923,0
134.956307,44.123186,0
175.740678,43.685499,0
44.954551,0.027562,0
154.875248,26.993625,0
235.523683,55.784695,0
140.116079,2.919737,0
161.246109,9.335797,0
240.580666,36.754148,0
240.124437,33.301925,0
127.516391,49.764829,0
357.693624,11.026936,0
126.209554,40.135029,0
189.645198,61.735916,0
222.220282,28.521839,0
127.414554,35.411038,0
241.180012,9.048460,0
30.271465,0.104988,0
351.968395,29.161044,0
349.724811,13.452465,0
146.444222,2.825603,0
126.155384,57.148440,0
165.552026,18.649262,0
251.182768,52.311533,0
227.510599,15.815951,0
19.687943,7.542345,0
198.739072,1.920448,0
12.129043,13.224427,0
337.122019,1.150701,0
153.226816,56.858974,0
181.562085,30.633524,0
153.381582,5.438899,0
203.690151,35.948838,0
153.939547,40.559241,0
128.108658,34.570641,0
11.293062,16.627842,0
239.946303,48.225365,0
125.971053,36.595016,0
142.017021,44.344294,0
324.439413,4.472228,0
122.481647,-0.588004,0
18.848432,3.329335,0
2.636347,23.006605,0
359.682962,-4.937727,0
219.973500,60.595889,0
197.836469,37.225624,0
150.097870,12.784851,0
128.305807,6.675851,0
2.456173,36.216321,0
223.965621,59.750180,0
177.577979,36.478736,0
330.628798,22.015989,0
165.209569,29.455980,0
129.444307,43.496947,0
254.294370,43.204595,0
162.219940,60.962919,0
192.435000,45.377412,0
324.178734,-8.034632,0
25.436381,2.641358,0
126.689916,28.463395,0
19.181863,-1.819129,0
117.867216,48.041238,0
227.669024,42.199745,0
229.162778,28.089014,0
166.859956,57.495404,0
136.209182,23.021868,0
6.578364,26.273999,0
170.275310,13.640256,0
28.297117,15.272962,0
134.161974,-0.466630,0
184.644988,23.851037,0
347.578790,23.242623,0
243.437063,28.503956,0
17.226902,27.438150,0
222.632905,41.341878,0
243.728202,33.701410,0
202.487516,15.152720,0
214.902408,18.200375,0
341.097258,24.534262,0
204.731529,46.443817,0
236.865997,8.574384,0
143.502422,50.646262,0
27.614321,7.166194,0
118.782937,38.757246,0
174.527211,11.095970,0
335.334370,2.069067,0
177.840773,40.869250,0
184.416381,41.894735,0
153.040214,48.810951,0
255.737500,32.693749,0
174.087711,0.839245,0
134.741374,15.858739,0
228.673652,36.130797,0
125.496550,11.197498,0
244.511990,54.463509,0
184.673993,39.558046,0
170.195794,20.426537,0
359.299921,26.751425,0
214.884384,36.744376,0
193.904225,64.649750,0
209.175760,62.287391,0
173.868431,-1.173198,0
349.466506,30.844076,0
207.596304,4.674758,0
154.959739,34.631654,0
23.867554,-1.094707,0
177.751877,51.845555,0
320.742954,-1.220478,0
218.544867,-1.394921,0
190.967974,8.473339,0
244.573299,33.150247,0
354.253000,6.849713,0
144.386946,41.297187,0
338.024232,22.488265,0
223.581490,6.888793,0
223.983523,53.371842,0
129.642980,41.810745,0
129.980018,53.091433,0
242.832718,26.595784,0
159.384945,7.073957,0
160.973998,62.510795,0
351.357499,0.156636,0
189.097349,62.866504,0
209.685731,-1.182003,0
240.301973,56.957698,0
231.377103,50.777319,0
167.531995,38.214337,0
122.992115,34.606745,0
235.632447,44.554719,0
185.385108,59.645667,0
159.919813,9.669351,0
319.962221,-0.468147,0
37.415274,4.068640,0
118.909002,27.591841,0
2.581327,35.439759,0
200.991537,40.290507,0
353.646691,22.847600,0
241.451562,48.880780,0
168.625389,7.079749,0
321.720242,-3.101828,0
189.534042,10.834685,0
4.709031,4.826911,0
226.385095,47.475597,0
338.632468,25.742926,0
233.006647,25.132996,0
18.717312,30.569230,0
218.713580,39.301733,0
213.979477,58.442472,0
192.066779,16.678361,0
153.193161,19.374735,0
136.419586,3.121310,0
126.438767,35.633622,0
28.247801,32.420438,0
179.261666,39.672727,0
326.309920,28.455500,0
251.029842,38.726049,0
223.173698,52.390039,0
6.183291,-1.147967,0
153.711430,26.275551,0
125.083044,41.301073,0
209.402747,24.311430,0
186.419300,10.711308,0
320.854948,3.427415,0
177.828819,0.922295,0
212.637641,50.328207,0
335.445494,26.679171,0
247.152275,18.394554,0
128.228205,45.436202,0
177.355851,36.374619,0
27.150530,29.021631,0
125.961907,54.734128,0
188.633551,31.717838,0
153.452536,41.013917,0
207.496921,34.081607,0
119.436108,37.233250,0
33.771279,-4.982285,0
204.602405,18.007870,0
315.304830,-0.855639,0
239.429441,4.577556,0
155.664281,42.062601,0
179.814035,42.914438,0
146.597864,47.883801,0
34.176164,-2.978688,0
171.994740,28.209021,0
125.192698,3.961701,0
16.906429,24.482555,0
144.024207,15.981417,0
132.525627,47.948729,0
166.448179,51.454660,0
25.252582,32.964288,0
196.110794,33.171147,0
125.588417,21.736254,0
325.904031,5.384462,0
257.062505,34.838096,0
129.009959,32.502389,0
117.741298,13.078516,0
198.669743,62.051306,0
6.870301,22.054284,0
333.078230,1.037762,0
208.761185,31.379498,0
131.809195,41.676184,0
250.761256,40.396392,0
25.853383,0.603149,0
13.911418,15.151261,0
197.107131,57.920141,0
31.612172,30.825224,0
158.010375,-0.429671,0
240.603311,36.851916,0
220.216459,32.965614,0
186.660206,42.544478,0
163.352107,52.416589,0
338.023117,3.367212,0
148.057263,4.441914,0
158.866004,31.194294,0
185.267530,3.058694,0
338.212639,22.485751,0
134.948976,25.473568,0
5.730553,-1.277643,0
124.560478,55.061606,0
122.461224,50.457933,0
9.893695,17.447473,0
322.527447,0.735591,0
131.182325,32.767101,0
213.121322,51.176972,0
214.246931,58.050384,0
246.228718,56.764041,0
196.863890,52.664980,0
155.930750,55.808691,0
130.843095,48.968845,0
143.626366,30.345492,0
240.974350,7.443782,0
29.994796,-9.709036,0
245.710683,45.151539,0
349.326019,4.062729,0
16.894486,24.697072,0
160.475554,33.322391,0
327.291189,4.237328,0
220.469009,6.156169,0
340.425046,3.144140,0
165.089889,45.758746,0
19.704204,1.482913,0
201.134635,38.033996,0
357.876776,15.147429,0
182.283602,39.884371,0
30.097545,23.130477,0
167.531333,29.568767,0
9.800935,28.624472,0
154.469340,12.231890,0
328.548874,16.214388,0
170.861818,44.956363,0
179.063759,36.578517,0
187.475031,47.065735,0
202.953964,43.762940,0
185.277091,11.773739,0
22.799261,4.488284,0
31.330110,-3.484583,0
47.281231,0.405303,0
117.094470,33.510652,0
130.849047,30.478538,0
334.611015,23.878216,0
132.573683,20.609821,0
352.120362,15.076119,0
174.126890,67.291753,0
174.525251,59.682842,0
142.175974,56.083815,0
232.020429,13.075068,0
254.062006,31.316389,0
15.461150,3.068116,0
191.453751,51.780296,0
189.635516,58.672792,0
27.322261,-8.263521,0
205.077577,66.761308,0
173.015975,2.401758,0
182.620630,31.063902,0
173.704970,56.535068,0
351.639788,35.428333,0
128.853863,39.080850,0
197.086850,63.923042,0
332.249426,18.235113,0
142.761531,46.403659,0
256.971929,29.718138,0
312.320206,-6.044371,0
25.531856,27.993659,0
197.457126,12.731820,0
346.954678,32.321234,0
243.693683,57.992911,0
124.331078,41.951787,0
347.190000,-9.189989,0
237.843295,30.281060,0
190.704621,16.558928,0
203.097425,26.908198,0
120.256529,29.777222,0
143.233925,2.764540,0
167.440960,44.962353,0
5.281169,9.107406,0
138.198332,-0.788164,0
217.342661,29.663013,0
155.876902,36.756806,0
158.595761,0.712446,0
183.620315,58.967677,0
124.633071,36.386159,0
193.782407,13.873130,0
352.837796,8.903036,0
19.602675,4.595304,0
135.410781,31.697463,0
117.064351,22.016525,0
246.161492,33.149714,0
224.700903,2.115840,0
338.674750,23.467752,0
248.422061,45.115977,0
252.905136,36.615947,0
218.992584,47.484075,0
127.428912,6.657416,0
257.110880,39.627850,0
253.391243,45.500377,0
11.148269,4.955340,0
3.151439,-2.970549,0
138.122522,42.831002,0
166.388903,50.025652,0
43.422146,-1.963074,0
193.018934,33.641455,0
234.686937,38.343373,0
164.446784,65.615727,0
204.455516,59.788182,0
216.734116,60.430785,0
230.630042,51.381770,0
330.764936,19.356844,0
184.932830,58.095603,0
350.839511,-9.684236,0
219.421995,47.360550,0
179.681250,41.496509,0
229.676394,46.885988,0
214.330113,41.543628,0
198.921138,27.611526,0
145.507454,47.328926,0
6.705830,24.551144,0
1.725303,7.419500,0
2.957234,33.873394,0
198.303996,25.731514,0
118.408840,28.165274,0
159.726314,42.160359,0
241.060057,30.175378,0
237.922305,48.509156,0
154.080199,26.022890,0
25.138517,25.680816,0
176.182075,35.094341,0
176.771844,8.650188,0
239.713948,45.579704,0
357.813867,4.006025,0
126.233235,28.525672,0
143.255284,41.461447,0
190.210491,53.210012,0
38.702100,-2.820938,0
354.292285,30.295079,0
150.935833,19.862453,0
198.864114,22.897653,0
339.913326,2.774862,0
219.825560,1.510385,0
8.085514,-0.740694,0
11.888513,-2.054372,0
135.925717,48.334402,0
250.933688,49.760047,0
258.296766,42.865187,0
162.826605,45.066754,0
256.309144,40.945988,0
157.648607,44.842635,0
10.739568,-1.306125,0
190.790746,8.269207,0
116.435613,43.779984,0
242.719537,33.140652,0
30.886465,24.859848,0
133.707360,32.114552,0
359.712126,-4.444965,0
167.050251,-2.809555,0
199.831101,49.098946,0
22.944838,22.395022,0
169.150849,7.631412,0
183.768100,50.636148,0
183.170195,46.028058,0
345.185563,29.595420,0
154.718569,49.966788,0
29.961103,4.977120,0
140.346979,56.849041,0
131.268671,27.904241,0
249.306999,29.084485,0
149.613758,8.880899,0
126.453266,21.850807,0
240.657706,57.302632,0
353.497315,0.915618,0
12.095856,13.155122,0
236.440255,57.194573,0
230.757160,15.354650,0
139.268064,29.130470,0
12.134605,0.183873,0
348.118455,25.784953,0
228.359623,39.337731,0
2.958044,16.060586,0
333.003088,-1.231926,0
192.999614,50.034346,0
117.198528,46.622028,0
4.478809,29.823085,0
200.702132,56.858719,0
120.754885,13.567455,0
23.774695,24.133092,0
234.590538,18.730007,0
140.799635,38.127833,0
147.052467,20.400787,0
166.878874,12.215284,0
125.264589,40.150950,0
26.149222,2.045602,0
178.901456,33.019445,0
1.375141,23.574457,0
145.687619,10.040830,0
348.230600,24.553167,0
174.646477,12.473691,0
186.329044,23.484133,0
147.959774,11.594699,0
125.018080,3.401047,0
184.682667,50.396281,0
160.457962,30.640217,0
214.653945,50.511801,0
112.496085,39.412348,0
7.626301,-5.520126,0
142.117747,2.867103,0
2.807962,5.317135,0
340.700845,22.209543,0
170.349356,18.379405,0
222.031686,45.378303,0
167.800083,2.875915,0
248.006812,35.485752,0
197.098980,43.120684,0
156.545376,34.186566,0
246.705078,31.613053,0
16.090997,1.580194,0
197.968395,20.838383,0
155.470251,5.672622,0
26.484810,-4.157233,0
203.326200,2.847748,0
243.758678,18.007332,0
140.399560,57.275777,0
235.705592,56.205565,0
347.681321,26.127388,0
134.769138,4.446611,0
240.756733,9.254418,0
344.083957,34.049318,0
213.834287,48.128845,0
164.535315,0.658505,0
130.639564,36.881066,0
188.991114,58.356363,0
144.586166,10.839094,0
153.596382,-1.620400,0
163.138735,49.058632,0
246.933758,40.599658,0
236.790833,13.305837,0
229.840521,56.365864,0
220.531070,41.443653,0
183.229561,0.121699,0
40.361316,-0.757310,0
19.812957,4.936388,0
46.385265,-7.316027,0
7.519201,24.677609,0
352.717843,27.029950,0
174.852670,33.410269,0
154.748853,24.185470,0
122.277760,20.490946,0
208.590587,25.677871,0
13.803350,0.084606,0
125.215248,18.037701,0
16.360086,28.560631,0
144.224870,27.828749,0
6.511249,26.431888,0
353.430396,-10.069888,0
164.983677,55.031515,0
160.717505,47.442759,0
240.732957,2.760899,0
133.297661,37.957012,0
200.424689,35.126180,0
140.034266,3.379301,0
136.174365,19.979761,0
236.819479,40.971798,0
123.647245,52.695393,0
127.766175,5.730522,0
225.741601,50.487460,0
246.777855,48.464905,0
216.959890,38.783509,0
230.446005,32.743073,0
245.647061,25.520037,0
129.150477,19.282363,0
129.978762,4.134475,0
200.793623,32.559020,0
173.658245,7.781808,0
239.053450,60.543287,0
199.166389,23.389740,0
177.011630,50.248224,0
154.237371,38.331863,0
131.145520,40.476881,0
215.039762,54.444191,0
15.675653,-3.359563,0
355.751082,22.650177,0
158.413717,38.665394,0
159.151552,35.455947,0
13.975883,5.540326,0
199.924759,41.085996,0
140.872842,23.841141,0
322.220915,-1.497708,0
9.154982,1.054022,0
221.063938,45.957918,0
147.780853,37.710406,0
178.163207,30.853160,0
225.936806,6.007943,0
205.085010,43.550273,0
12.539942,17.698959,0
10.693355,16.460383,0
168.900016,8.244295,0
161.926025,32.664779,0
193.241796,23.072341,0
224.614679,35.220771,0
24.874172,9.649365,0
121.945610,41.199765,0
239.520893,49.643706,0
195.857847,17.666695,0
114.841596,27.886116,0
178.569702,21.759071,0
141.876584,41.834611,0
245.773477,37.207766,0
131.617904,36.099741,0
248.969605,47.542876,0
160.020074,48.812095,0
211.619982,40.155343,0
43.784324,-8.312814,0
206.941002,22.815196,0
149.794142,30.835152,0
222.246882,38.808801,0
158.017545,29.387573,0
225.717049,40.045913,0
172.083501,31.887781,0
345.732850,-8.386858,0
341.180719,28.911632,0
7.326798,29.248057,0
175.241043,30.925642,0
120.815304,48.600869,0
130.618896,38.795012,0
325.663352,-0.180882,0
8.189203,4.832495,0
237.906899,44.697345,0
185.195047,25.193776,0
32.022791,27.822766,0
24.612987,17.336255,0
143.502029,36.942572,0
169.863761,51.699523,0
1.248063,22.862661,0
204.866956,58.057104,0
23.533609,-2.744578,0
244.089632,5.808490,0
169.546571,8.291809,0
120.757063,40.627268,0
167.667388,12.435390,0
44.040870,1.942838,0
333.822009,31.999659,0
159.460803,44.477870,0
165.850270,42.779257,0
184.256282,-0.499583,0
12.405881,16.989001,0
356.474306,27.731489,0
115.506617,43.507454,0
343.533573,27.347123,0
124.622293,24.146365,0
207.498836,10.835985,0
198.574697,51.995976,0
255.534785,33.116855,0
211.339585,57.119490,0
18.352220,28.799427,0
124.223122,52.931445,0
219.852955,49.417412,0
11.473658,-0.048851,0
201.349754,9.468358,0
140.619588,54.601836,0
211.363089,32.482115,0
149.895463,52.675246,0
196.581930,26.410422,0
219.628303,23.156775,0
344.144835,19.582375,0
36.871599,4.160515,0
192.994020,-1.107207,0
139.186770,31.042258,0
208.165998,16.324791,0
20.921752,5.723636,0
180.797330,14.626325,0
332.269775,-1.347014,0
180.561563,31.958665,0
250.241933,49.903717,0
349.068533,34.354759,0
153.706997,61.471257,0
321.189288,2.270481,0
17.309393,32.053544,0
216.584617,35.286710,0
7.634147,18.394011,0
157.858898,40.925712,0
237.227392,35.621281,0
240.144088,37.314970,0
356.797707,-10.628458,0
120.381553,14.677259,0
7.686976,0.355380,0
153.429514,35.994019,0
123.253558,42.762068,0
347.516909,-0.433087,0
30.921182,0.982881,0
250.372988,52.328560,0
128.825689,50.871556,0
251.236491,50.113478,0
176.610495,23.627147,0
232.892809,45.775010,0
132.101456,61.378343,0
144.509077,48.716169,0
152.222474,10.489432,0
250.750317,52.354144,0
231.238929,33.583573,0
111.986348,39.991850,0
162.382220,23.445384,0
133.268167,10.572486,0
348.645092,13.174702,0
146.846336,30.822459,0
162.156328,19.125045,0
186.074115,9.036847,0
239.159465,8.345307,0
211.970505,42.307323,0
154.432542,42.811501,0
154.288449,1.905459,0
122.249233,31.756197,0
248.597944,12.304202,0
323.979743,10.799086,0
218.569043,17.893477,0
8.584371,-0.738890,0
187.157990,35.240397,0
191.295410,51.739140,0
211.191210,-1.506080,0
150.913621,41.116507,0
183.934390,22.889219,0
21.255434,28.012690,0
175.207541,-3.576431,0
162.409253,21.808139,0
243.083384,21.009789,0
176.761939,26.316169,0
136.921603,41.868796,0
169.044126,18.872821,0
159.830328,34.751249,0
209.434248,2.274976,0
21.870539,27.373526,0
139.663790,38.861986,0
123.627969,31.271098,0
236.834696,42.960144,0
205.141368,55.268691,0
28.827007,-4.413058,0
136.842209,45.315072,0
240.156511,59.461686,0
201.014533,11.973151,0
25.681414,-0.465038,0
42.513751,-8.871158,0
40.107239,-4.775313,0
237.238127,56.690003,0
42.283467,3.558417,0
176.918957,0.929198,0
225.923466,6.582383,0
32.645292,2.831722,0
341.889475,12.461644,0
159.856754,26.541426,0
239.281653,58.653470,0
336.241378,24.635133,0
14.533510,9.753219,0
207.445633,30.696756,0
209.981901,3.173863,0
16.799151,17.925728,0
5.939501,23.207197,0
230.577262,16.675306,0
141.594483,42.598362,0
142.335287,1.385635,0
123.386099,44.254677,0
224.967425,9.900520,0
158.551413,7.334339,0
217.801641,55.573658,0
218.471176,35.824580,0
237.545108,31.440400,0
336.277167,-1.935858,0
181.478797,55.543384,0
220.086848,35.330885,0
211.258074,44.799951,0
212.063530,55.896215,0
244.636364,58.207920,0
328.273866,29.253271,0
3.182524,34.345636,0
149.836949,39.426288,0
9.402058,29.014480,0
29.953785,9.827815,0
217.492615,23.585750,0
198.850930,16.634042,0
139.423283,51.681899,0
120.088302,44.511547,0
163.330792,64.799997,0
253.534073,35.165266,0
166.905860,22.382877,0
21.998823,31.413727,0
151.330187,12.873317,0
223.703504,27.775232,0
222.779542,0.712779,0
24.252386,9.088914,0
261.565239,35.454853,0
214.313320,20.307850,0
26.560629,2.369003,0
168.280601,25.963227,0
251.418170,39.499138,0
162.596500,43.721324,0
5.455591,17.525650,0
188.652351,44.788848,0
147.289707,29.088100,0
247.294760,15.131446,0
202.191922,11.668709,0
197.276073,43.498092,0
162.336964,60.992399,0
172.834410,16.112064,0
205.100069,54.088960,0
192.929874,0.123851,0
156.965116,10.759054,0
167.031328,39.334810,0
175.759374,14.810735,0
140.312655,34.083472,0
241.457061,53.458295,0
166.385529,58.314113,0
148.409741,34.238903,0
354.259490,30.423428,0
206.243211,33.837019,0
165.649166,45.296318,0
42.695001,-8.199704,0
185.480465,10.054968,0
204.843472,15.070524,0
120.885512,30.135149,0
18.603347,-3.881434,0
123.549516,42.336729,0
216.124658,41.309954,0
178.775734,20.013900,0
337.256964,-0.387076,0
3.296493,12.215009,0
338.656722,25.025674,0
184.863915,46.803349,0
170.126775,31.597802,0
44.196052,-8.844827,0
259.064669,39.424236,0
194.516656,17.721383,0
146.745119,39.357149,0
29.300903,27.773535,0
196.206061,10.795235,0
190.997762,59.363518,0
258.111645,31.319264,0
156.088841,2.755622,0
237.219125,52.662071,0
139.010897,21.104717,0
28.000099,-4.341027,0
3.527777,26.770667,0
242.769017,56.507271,0
177.184333,18.111274,0
227.044648,15.365409,0
138.260536,34.566694,0
221.618574,35.770010,0
216.941051,26.148305,0
132.227169,40.961297,0
11.746363,8.427479,0
333.646003,29.470269,0
129.640939,26.067971,0
200.009871,33.988316,0
197.110096,9.350307,0
157.214776,65.552557,0
248.731707,33.993348,0
217.891570,46.025635,0
16.487806,28.193927,0
236.211413,6.720857,0
116.885954,37.289699,0
54.858051,-7.716648,0
346.206450,5.051768,0
201.843689,51.435726,0
198.522535,1.262869,0
119.357278,35.492321,0
175.751605,40.950021,0
235.159447,39.355845,0
205.024090,1.115870,0
215.332628,12.647799,0
175.037394,61.939639,0
344.062950,23.531576,0
250.497171,32.253201,0
170.437762,23.558465,0
222.416632,58.023568,0
334.016407,0.949866,0
12.595014,6.690934,0
223.986715,50.854240,0
39.522404,-0.281157,0
187.148300,36.423752,0
205.623809,4.145754,0
237.386436,47.413240,0
353.422014,28.032868,0
184.190536,0.066556,0
186.425785,57.132134,0
217.168347,28.928203,0
155.901402,46.602190,0
232.572878,33.849986,0
129.954654,22.400856,0
180.985909,51.121669,0
333.269222,23.562018,0
127.391179,28.196736,0
146.817605,39.120998,0
251.027907,39.751445,0
241.370866,37.875994,0
204.946281,42.363906,0
241.491235,38.711662,0
250.939210,37.389841,0
138.909291,36.210901,0
23.789656,0.047747,0
135.568724,37.956717,0
183.947894,38.670155,0
218.772341,55.484517,0
250.814126,45.813197,0
179.713921,24.940978,0
16.873476,22.061699,0
36.349026,3.194768,0
225.428189,-1.277741,0
150.805709,27.780442,0
142.002675,38.931660,0
165.285334,45.044654,0
353.578033,32.081470,0
213.690498,54.740443,0
245.261407,49.322663,0
358.611376,22.141832,0
225.000814,33.510606,0
348.741262,27.702527,0
202.512126,48.337774,0
127.338683,8.587427,0
40.145437,4.458210,0
238.949411,45.288395,0
122.857718,57.623554,0
173.886946,0.236518,0
151.407974,21.292502,0
144.609237,2.343983,0
36.506467,4.662883,0
189.906291,39.702853,0
140.715512,36.038283,0
137.081432,31.036027,0
227.307480,17.952782,0
134.904803,56.126431,0
191.106290,9.821698,0
157.621533,29.656129,0
122.434104,37.641557,0
157.874367,30.133511,0
358.221976,33.678226,0
334.158176,21.260880,0
218.043320,59.581446,0
24.384523,14.889001,0
157.767664,40.592413,0
190.843181,51.083334,0
14.073308,-4.147890,0
137.975078,25.073439,0
19.778297,-0.461285,0
54.577998,0.198229,0
191.138580,24.334734,0
333.341236,10.440108,0
19.575229,30.675019,0
192.890473,51.274378,0
338.286612,-8.912634,0
4.840559,0.125055,0
354.158516,4.366499,0
10.026821,-4.695422,0
137.922549,56.627496,0
187.585859,14.881521,0
177.786722,47.252569,0
144.829002,5.139780,0
223.678035,37.817520,0
203.052805,56.586453,0
166.061359,20.543777,0
153.678786,37.770593,0
28.834800,24.266426,0
192.770357,54.995793,0
120.876666,26.473347,0
237.028445,26.000907,0
143.605204,40.763947,0
131.255231,14.704262,0
121.537575,28.767493,0
50.560079,0.948821,0
149.717306,2.865653,0
136.838373,29.974903,0
235.070147,49.065936,0
175.013098,47.470368,0
150.716610,7.081073,0
330.728975,5.333695,0
357.831920,35.929694,0
194.773916,56.406775,0
174.050931,42.107983,0
174.793765,40.117803,0
205.089307,56.722033,0
234.232214,29.012581,0
159.922178,24.194637,0
237.079647,8.632490,0
171.892216,32.909550,0
166.622195,-2.412730,0
174.100694,20.471608,0
162.346834,2.301682,0
19.944803,13.946991,0
189.782041,33.130787,0
215.816906,44.432831,0
160.290769,22.547135,0
215.615764,63.410596,0
238.890175,9.115855,0
331.147173,-9.344442,0
43.782877,-3.646886,0
139.705818,38.076033,0
217.205866,8.895425,0
230.875073,47.198005,0
226.255865,-0.466351,0
43.311476,-8.855848,0
18.874209,22.867820,0
244.904111,30.208694,0
7.538525,-4.463847,0
225.888583,44.494768,0
229.884302,23.341477,0
231.394573,38.297562,0
187.596221,29.959297,0
186.915041,61.208653,0
356.648056,10.145562,0
179.834722,15.676915,0
253.963770,33.285679,0
358.269713,22.626010,0
198.209585,59.905598,0
213.608534,8.466436,0
176.552581,45.955380,0
324.742747,2.122489,0
347.741702,-9.567113,0
133.622502,12.867234,0
154.475519,17.951737,0
176.751148,8.009145,0
331.081412,23.062384,0
253.155048,30.970176,0
240.532141,36.140628,0
158.301754,9.380483,0
192.554296,26.734872,0
212.572909,55.603778,0
232.270046,32.573344,0
336.460485,21.331286,0
22.137743,1.375947,0
330.210014,-0.038131,0
161.787676,44.533491,0
250.010392,27.532518,0
222.187402,26.167465,0
190.107305,43.501347,0
20.096803,34.442872,0
197.574216,36.032013,0
124.606685,10.552116,0
168.104498,27.132984,0
139.225294,-0.221214,0
329.455404,20.384649,0
134.088130,43.363367,0
211.974920,23.608966,0
164.655813,41.491376,0
14.865329,21.060944,0
206.597099,21.634457,0
19.394312,32.556683,0
232.402140,7.681931,0
250.572919,36.122875,0
338.313014,27.140102,0
338.263849,-1.393345,0
337.725891,17.575031,0
229.269167,9.326925,0
358.548220,2.798939,0
211.125768,59.307726,0
330.365272,4.459907,0
119.283136,21.951338,0
34.940342,0.695739,0
30.591706,1.099197,0
313.449733,0.997919,0
40.829138,2.962966,0
189.944917,63.387837,0
6.671207,-7.512438,0
200.293974,30.288224,0
122.017852,35.089738,0
227.326019,33.980234,0
239.477687,2.496478,0
175.018379,10.927377,0
346.400562,12.769007,0
341.217593,14.487543,0
186.583937,3.075346,0
124.523501,52.791931,0
228.757388,51.841872,0
152.771621,22.730617,0
316.492904,-1.190965,0
215.156243,10.513796,0
4.845643,6.924378,0
333.956710,1.241931,0
258.578037,42.400473,0
202.932362,53.923638,0
219.723247,45.028811,0
214.098048,51.820183,0
146.288203,19.902826,0
181.181383,2.016847,0
207.914000,44.409911,0
163.284384,59.089505,0
36.574395,-4.519198,0
192.491851,54.875998,0
236.959941,32.356174,0
135.923771,28.031146,0
203.836317,43.454814,0
154.483395,15.766709,0
147.103972,36.620553,0
243.095951,49.033762,0
162.768921,62.866491,0
23.835094,33.263728,0
215.767022,12.281154,0
207.436510,6.445131,0
141.280293,14.740464,0
191.296910,33.936143,0
36.743144,4.118642,0
190.647383,26.176630,0
250.729681,21.307340,0
19.173788,5.886314,0
134.096598,16.827741,0
157.060053,4.671854,0
176.186106,45.523941,0
241.420326,32.025262,0
336.521043,28.089049,0
137.126092,0.193298,0
146.971636,21.139177,0
242.472364,18.316831,0
216.542732,15.857849,0
222.373539,20.586100,0
202.927261,24.633972,0
165.672652,35.114311,0
14.641658,1.642087,0
2.478575,35.636708,0
233.677061,6.361957,0
249.983238,47.089886,0
24.257172,-1.349809,0
17.698876,4.390464,0
356.076150,23.814150,0
248.122425,30.528575,0
168.207141,27.385604,0
241.184467,30.655436,0
209.844285,36.400218,0
206.074328,42.225245,0
222.625169,36.322411,0
242.537827,31.476745,0
39.327724,-3.944215,0
200.141535,64.597530,0
120.051206,36.955937,0
217.873373,29.286592,0
357.943561,20.809399,0
19.817443,33.267508,0
29.021663,-5.269273,0
10.327548,13.769294,0
124.956743,84.083333,0
7.500099,0.733587,0
155.663995,40.895428,0
231.446460,42.266863,0
330.700592,25.064509,0
129.175514,32.191643,0
117.346527,26.663617,0
11.093357,20.114332,0
175.581030,36.156620,0
229.386928,38.504645,0
144.007050,19.647283,0
145.550757,34.741895,0
253.840838,27.231510,0
155.193725,2.374014,0
346.342154,0.330355,0
205.437665,44.610220,0
182.620553,20.929030,0
165.654637,45.579588,0
145.079489,33.927658,0
154.991847,39.258138,0
239.987170,20.756121,0
163.653985,54.395465,0
221.141047,33.718895,0
235.967331,54.000973,0
126.513112,58.340169,0
236.206968,49.290743,0
133.186426,34.594578,0
184.255394,5.211585,0
338.485414,23.256815,0
164.703723,26.684498,0
122.237976,29.043965,0
326.261874,3.613207,0
14.757680,-10.934129,0
140.808722,8.327824,0
358.175440,11.414722,0
19.497217,17.154657,0
242.430596,52.430816,0
232.341957,52.879750,0
154.644074,26.133799,0
157.538311,61.793863,0
241.789001,20.749948,0
153.366584,14.151478,0
228.627544,44.351914,0
220.158964,1.398468,0
347.315272,3.853540,0
352.636108,28.311624,0
198.428835,39.423495,0
183.401566,42.852740,0
254.621581,24.388313,0
147.127311,29.673501,0
197.644788,0.065128,0
179.747931,35.687683,0
158.941689,15.496665,0
220.152718,1.711342,0
128.801452,34.489119,0
155.742310,-0.681142,0
235.856421,38.700148,0
176.272092,45.960641,0
351.909686,7.068809,0
161.440620,41.152382,0
158.166291,13.473506,0
191.522723,55.602159,0
132.734986,30.578275,0
139.930975,51.573091,0
143.401052,30.707690,0
251.694564,35.932799,0
319.871834,-6.121593,0
354.104500,18.447674,0
202.382911,25.017640,0
232.433029,32.299951,0
208.888118,0.399478,0
150.575912,11.361202,0
148.691848,35.214863,0
118.055221,26.141078,0
125.957711,12.892079,0
354.402932,22.621283,0
219.137456,34.714830,0
124.877751,40.467680,0
212.515449,1.983843,0
177.759698,7.411309,0
188.186873,6.498389,0
206.323720,64.170893,0
135.453347,39.142116,0
352.110745,1.035516,0
210.695123,21.213334,0
353.083868,22.927441,0
17.756531,1.780478,0
115.724628,28.534367,0
134.962214,51.497856,0
242.828436,29.325677,0
205.038040,23.921621,0
11.778493,25.898518,0
189.739242,31.793319,0
121.387001,55.573779,0
128.496054,29.493245,0
174.289575,39.123170,0
325.906096,5.358900,0
247.163374,29.790545,0
353.813762,-0.136831,0
228.010326,42.279064,0
212.772706,13.214281,0
150.084536,11.950999,0
130.847389,44.229889,0
191.720280,28.826361,0
127.494960,51.512376,0
118.817154,27.894649,0
354.143403,13.511917,0
340.137235,7.433505,0
1.664507,20.075773,0
179.494705,-0.372473,0
235.532999,27.442611,0
229.347063,-1.480986,0
205.803599,32.343499,0
147.401302,13.736101,0
231.238437,11.541482,0
136.154198,43.824283,0
352.456946,3.213017,0
143.617790,43.561508,0
5.763136,1.259334,0
150.020908,54.912379,0
251.148966,29.531942,0
130.715419,28.262884,0
201.193318,59.873318,0
119.146780,43.690234,0
147.418382,62.946561,0
176.805024,49.381933,0
219.545261,17.650264,0
123.195571,23.149560,0
201.038251,38.749757,0
35.462056,-3.747254,0
215.037425,38.512401,0
211.884509,18.601137,0
194.520930,9.141288,0
9.783365,28.688638,0
137.543295,28.924210,0
192.873785,17.651976,0
131.515526,39.736923,0
320.803099,-7.191298,0
160.509453,25.463758,0
122.414724,6.885799,0
229.649642,23.007965,0
11.481546,12.325083,0
29.806719,16.746571,0
138.039982,-0.165253,0
175.540788,10.745302,0
198.382762,45.963736,0
149.367652,31.662004,0
28.840410,-0.697178,0
162.402893,64.703524,0
227.024079,46.628289,0
335.139233,23.960129,0
7.253282,10.456504,0
357.985516,2.122547,0
206.763942,40.660808,0
130.332641,23.651368,0
182.674419,56.093195,0
138.610648,52.334765,0
210.971390,15.397672,0
225.447968,5.335064,0
350.903766,26.577099,0
239.121888,-0.245025,0
22.087451,38.795292,0
357.740093,24.693373,0
135.713421,10.124918,0
25.362614,15.540623,0
239.356352,42.931380,0
41.369289,-7.797025,0
19.794505,30.971615,0
20.991729,-4.488035,0
24.855073,7.779618,0
138.390251,-0.714151,0
26.371126,11.540650,0
242.383441,57.514237,0
178.504622,15.988757,0
188.423666,31.017446,0
246.250548,27.187530,0
206.136145,43.500500,0
32.391796,-0.908866,0
134.486967,1.745998,0
23.315577,8.881858,0
231.940060,21.957154,0
189.173780,40.748635,0
212.276445,30.128890,0
212.033867,51.885680,0
18.631570,-9.168618,0
133.288085,47.720941,0
188.113988,53.239528,0
359.787982,4.297533,0
199.917113,46.052084,0
227.495513,15.857383,0
152.884245,-0.884225,0
186.990934,31.652187,0
5.860815,-4.904532,0
351.016804,3.787985,0
157.883245,24.195632,0
6.857863,27.898374,0
197.351462,35.646688,0
211.118627,42.805921,0
41.354155,-7.966539,0
196.213652,29.489031,0
165.093890,48.670169,0
158.596301,62.561223,0
53.745118,-0.415674,0
184.361608,48.303098,0
199.223910,62.055332,0
234.316385,24.240240,0
148.008481,7.383426,0
17.260689,4.279071,0
350.259226,26.223025,0
355.342136,19.011980,0
351.184642,17.017363,0
350.442771,30.695060,0
29.207134,11.711470,0
9.773640,-4.801244,0
124.949695,50.465726,0
195.514587,60.354961,0
154.514798,41.002875,0
332.190434,28.082855,0
172.094513,56.837328,0
207.954115,39.725938,0
131.955149,2.287464,0
209.050598,17.321753,0
213.408153,27.253059,0
142.483906,26.417231,0
151.830470,3.098492,0
336.784094,28.811101,0
229.813954,29.338059,0
169.990398,-11.722214,0
201.857847,-3.523734,0
337.843179,1.071779,0
243.260468,13.305270,0
356.913785,25.179482,0
176.863883,49.450186,0
216.483184,40.946668,0
181.974711,59.017510,0
324.971498,10.683894,0
164.427482,23.047167,0
125.026795,57.436903,0
225.291115,49.179291,0
245.150404,14.473016,0
172.649793,8.778664,0
142.705519,2.554065,0
160.607384,12.211084,0
144.040381,32.647291,0
132.538296,54.131360,0
19.903317,6.302064,0
178.970040,64.839681,0
55.733098,-7.230455,0
354.017016,30.400076,0
199.535441,26.297527,0
171.632740,40.910542,0
159.986621,42.427273,0
237.424170,39.948391,0
26.193513,6.513563,0
329.348108,26.803868,0
205.022559,17.711572,0
5.938489,1.652651,0
22.296729,-8.642638,0
343.952054,28.458241,0
144.570476,3.780291,0
164.827751,23.302303,0
220.624229,59.530776,0
346.145412,0.141617,0
160.842343,54.982130,0
135.144180,33.968680,0
350.533738,0.996776,0
343.701818,26.318058,0
231.063068,37.834790,0
120.507556,26.102930,0
212.210913,13.964490,0
129.485092,14.983954,0
130.290510,25.033394,0
143.524331,40.006356,0
163.679743,31.117442,0
18.107600,21.797935,0
184.884954,5.668119,0
136.702218,23.211827,0
155.085129,23.569298,0
164.512169,43.078198,0
242.009351,57.701235,0
195.814332,40.903389,0
256.356446,41.591842,0
1.121436,26.593561,0
138.029023,39.196223,0
173.607403,6.178072,0
16.611229,10.666203,0
9.020309,2.607592,0
183.287983,14.142294,0
244.354252,19.852002,0
17.534089,9.928708,0
256.953907,23.100821,0
124.404539,7.289982,0
188.714348,4.458826,0
21.428113,1.855532,0
229.547377,12.230601,0
223.723361,11.073529,0
3.500396,-2.861432,0
198.808954,39.479758,0
215.326730,50.995889,0
236.289611,36.266771,0
190.682414,3.534789,0
172.520339,25.673210,0
12.507149,-2.493095,0
189.842418,11.966635,0
156.478340,58.338000,0
329.023302,26.970989,0
154.133772,45.374891,0
15.972048,-4.851981,0
175.182061,9.781353,0
250.451871,37.480953,0
229.840206,59.139987,0
353.691090,-1.245688,0
29.303155,-5.044660,0
137.901472,10.876152,0
8.340717,14.274020,0
180.214682,35.142118,0
231.069801,-0.062369,0
223.474594,9.573123,0
252.243181,34.016637,0
172.328079,59.498329,0
43.158022,-0.901801,0
13.649065,7.223859,0
229.698634,14.569137,0
187.962199,3.657230,0
261.913278,53.109532,0
31.498620,-6.626856,0
191.695593,21.813764,0
42.461463,-0.706768,0
311.213601,-0.367411,0
119.755359,28.784290,0
174.969232,50.227590,0
138.686667,55.168748,0
186.736067,25.457395,0
343.716558,28.421128,0
6.578172,-3.955716,0
132.963589,2.132210,0
229.714335,52.802381,0
219.961549,52.683992,0
119.138425,44.390843,0
173.014118,24.242620,0
203.483423,0.208110,0
223.157878,44.992290,0
145.593983,-0.385605,0
131.474950,32.699454,0
171.348742,51.530290,0
216.215385,25.556479,0
216.835519,-1.993071,0
124.998683,30.050124,0
169.290951,36.405612,0
213.078693,35.707464,0
151.806995,28.896781,0
29.080110,13.824941,0
5.133462,8.087417,0
15.463523,24.529355,0
222.720091,7.255465,0
158.505068,60.640010,0
223.700582,60.490033,0
117.779528,49.816471,0
30.024552,28.936759,0
236.704396,45.659605,0
241.904851,45.876456,0
258.519927,38.143217,0
316.743402,8.832778,0
164.403328,43.970303,0
210.313070,31.294875,0
180.297028,42.784784,0
247.506825,55.041976,0
223.571643,40.256921,0
224.568978,35.985196,0
25.864807,25.704637,0
344.512782,28.307653,0
145.290269,5.020726,0
135.134312,54.686496,0
357.429268,-10.257376,0
338.467128,29.495204,0
15.280950,5.014360,0
191.519834,32.513638,0
132.711940,9.454213,0
171.729933,66.287432,0
10.174607,20.354595,0
165.400856,13.522654,0
123.390223,43.587728,0
124.545876,19.013239,0
162.553848,21.733950,0
133.463433,44.549346,0
173.954934,3.551887,0
359.555054,8.048405,0
182.794298,21.954998,0
28.869292,-0.649093,0
133.625489,43.362030,0
219.766344,36.013554,0
130.164592,18.060786,0
200.101986,7.773792,0
173.737979,33.752804,0
233.686377,33.688443,0
222.469096,32.404031,0
216.011072,26.606930,0
154.484734,57.202319,0
232.658630,54.942094,0
120.067595,52.595499,0
116.886417,46.459267,0
163.719259,23.506893,0
256.228176,22.688790,0
191.083183,40.860229,0
21.277223,5.608398,0
348.640387,18.782922,0
201.314458,42.538795,0
235.083897,23.854635,0
147.004095,16.285436,0
147.344282,62.933908,0
152.998828,19.688663,0
242.013747,52.436120,0
132.309852,3.050143,0
117.732014,18.384592,0
158.639657,59.414528,0
136.466556,15.380239,0
25.919695,2.158961,0
120.581253,27.650986,0
149.368033,2.428358,0
228.099567,56.364125,0
227.792365,13.927743,0
212.349555,19.734881,0
328.309221,-1.679884,0
114.843694,30.146979,0
234.379241,33.976870,0
120.723553,8.442836,0
174.583815,36.567925,0
225.990872,14.039523,0
221.678440,36.208465,0
12.903540,14.109796,0
214.967253,23.398793,0
256.622693,60.334898,0
138.816406,57.131727,0
10.320475,-11.016687,0
160.306241,14.394139,0
144.287060,8.409289,0
170.746178,21.811946,0
206.518861,37.352989,0
21.256286,-4.074119,0
27.002724,8.806593,0
15.243307,2.525390,0
31.096761,28.599429,0
132.365283,47.356356,0
237.960674,47.225410,0
202.789093,67.469204,0
169.048889,41.305981,0
139.664170,14.190948,0
180.855152,46.286416,0
147.722942,27.834667,0
236.268119,31.643588,0
22.558320,19.179948,0
332.607460,18.931034,0
176.555885,50.408934,0
136.662553,-1.081448,0
112.162378,26.871880,0
356.187098,34.357153,0
207.711714,-1.305583,0
131.969656,45.090877,0
237.652944,1.198383,0
147.084425,49.224973,0
125.069190,36.513795,0
359.834942,34.905241,0
221.712677,0.924126,0
238.065552,59.665260,0
123.992021,23.534017,0
159.972702,16.718827,0
142.617974,14.610441,0
161.489900,15.803601,0
5.097272,3.811723,0
120.277141,41.964835,0
180.613609,11.236270,0
198.689860,25.918263,0
152.793245,8.138773,0
171.207583,40.070449,0
224.301201,9.343661,0
176.366297,7.827914,0
153.542782,20.342979,0
149.445145,30.506742,0
339.109228,20.480001,0
213.106376,35.769374,0
241.220662,44.692491,0
129.719285,11.855795,0
157.589101,36.430215,0
336.652273,31.866926,0
164.413729,14.880416,0
322.319205,0.632419,0
149.877260,30.126230,0
31.131657,-8.481920,0
176.100308,66.661287,0
117.692650,31.402750,0
135.054055,3.835503,0
219.328583,32.732389,0
241.552954,42.899478,0
206.627855,11.790801,0
159.216401,57.997491,0
215.997508,37.954404,0
181.537623,56.628175,0
157.153697,31.794762,0
166.490415,12.338133,0
242.028564,20.248528,0
173.933165,45.979577,0
176.654575,17.720944,0
21.447000,7.767443,0
246.309922,41.520668,0
345.946995,1.169921,0
203.199137,-1.931873,0
128.868465,38.786830,0
166.689188,31.962357,0
250.595621,32.286206,0
217.118719,52.743086,0
187.769280,0.391293,0
191.352498,-0.160586,0
131.868024,-0.625797,0
16.572094,7.126368,0
192.304303,52.268053,0
244.897699,46.545740,0
148.879034,57.418066,0
260.027292,40.967099,0
241.238627,48.541948,0
159.980608,18.470126,0
30.722481,3.365465,0
234.909140,7.322045,0
188.918444,26.138466,0
198.548069,36.192302,0
352.326323,27.478871,0
359.743638,19.423381,0
213.866846,44.327455,0
150.855159,34.831920,0
28.791985,13.463998,0
239.982936,31.507235,0
151.934216,36.658365,0
337.454176,5.511243,0
171.427506,50.343219,0
341.667224,29.105793,0
213.906674,65.770344,0
332.109384,14.060044,0
357.832733,34.515153,0
30.058894,-4.644039,0
206.528171,41.242831,0
205.465550,16.633324,0
236.446781,9.552433,0
36.474145,-7.551515,0
222.901860,-2.023244,0
130.306387,29.157063,0
190.297650,19.767842,0
223.239348,50.196717,0
30.538826,26.002440,0
235.596731,41.637515,0
32.462860,-9.790907,0
239.581442,16.034629,0
348.687612,15.070282,0
259.746775,61.326165,0
157.009702,59.485177,0
156.473200,56.939329,0
24.712738,16.788874,0
156.065513,34.369209,0
193.880674,53.153585,0
22.399051,33.151262,0
205.897198,53.131404,0
211.252547,48.612610,0
201.519866,18.185977,0
250.762001,51.321803,0
211.603449,61.444698,0
356.581980,26.257315,0
187.470080,37.336052,0
124.832039,46.263919,0
231.738349,35.934390,0
220.193811,51.448448,0
156.279502,36.142843,0
230.665458,-1.367748,0
164.079531,28.895086,0
118.198059,31.636998,0
172.812493,46.690984,0
246.732114,8.671682,0
331.972660,8.057083,0
199.914414,21.635204,0
157.158809,24.598856,0
123.633802,56.165749,0
184.485072,20.166056,0
211.865205,35.399506,0
239.930309,50.983692,0
229.278101,30.837239,0
348.947717,4.806368,0
204.455818,67.420804,0
219.120473,30.561224,0
133.376153,10.974481,0
175.812179,33.388337,0
174.501567,-3.196564,0
162.628269,47.491455,0
165.368472,28.446648,0
124.999025,57.640081,0
131.376529,34.229121,0
18.938127,31.463183,0
331.478153,20.953778,0
135.183790,34.395293,0
353.446905,32.830979,0
197.887176,5.464249,0
55.593950,-5.957763,0
192.221113,42.210878,0
139.642232,59.592658,0
156.303553,60.296998,0
0.930781,7.412043,0
235.645175,57.694959,0
226.655637,17.467165,0
227.001307,58.452092,0
248.266459,19.855990,0
352.202137,17.085768,0
132.182304,20.881270,0
138.395138,13.923304,0
251.496661,30.719614,0
180.667950,47.683206,0
14.065771,-2.477453,0
348.147478,4.227631,0
259.008055,31.203860,0
137.911494,42.637465,0
206.955162,-1.873441,0
250.293053,11.508521,0
130.282681,34.482911,0
183.278696,10.459800,0
343.965743,-9.695108,0
154.453571,53.058409,0
205.090296,45.697889,0
12.142647,7.895483,0
206.248321,42.049726,0
211.523821,22.362947,0
119.863880,12.304830,0
152.098475,2.616618,0
229.289066,15.773814,0
218.021776,50.226166,0
222.615576,48.419198,0
183.532022,-1.822147,0
207.676572,54.942244,0
143.663454,44.834655,0
326.498141,12.385732,0
339.161870,-2.876331,0
132.222036,30.595053,0
205.728366,26.967934,0
183.980189,42.455145,0
15.886623,11.548117,0
115.829469,18.333796,0
139.123893,26.485446,0
169.301626,29.519444,0
215.985494,23.259944,0
325.961803,-7.687087,0
120.029364,36.024285,0
192.559066,15.843928,0
260.688405,37.170288,0
148.150008,18.854760,0
237.151646,17.828308,0
176.477307,27.357349,0
33.245836,-0.097261,0
151.687183,35.043193,0
248.468600,40.249204,0
147.451910,21.237271,0
339.649701,13.133029,0
23.852558,11.735968,0
193.103804,44.574941,0
172.613753,59.559449,0
136.428057,31.977233,0
341.349936,32.082281,0
241.833267,1.209055,0
253.576374,42.686148,0
28.445345,33.032832,0
22.585457,6.259699,0
151.097879,3.116348,0
201.629177,41.097658,0
330.126670,23.528446,0
156.988860,35.055314,0
153.311933,-0.876000,0
123.649280,16.694765,0
349.084434,30.949053,0
343.695355,24.811996,0
170.063276,18.036803,0
155.258759,3.605861,0
165.094841,47.325042,0
147.986264,43.914860,0
180.566842,6.160348,0
174.784959,50.732713,0
26.613324,0.350271,0
158.656223,-0.883404,0
241.065381,47.381005,0
259.618345,53.448671,0
146.973648,12.205248,0
183.891113,57.220663,0
242.356432,24.088315,0
195.272375,-1.321814,0
209.210628,19.802288,0
21.852503,6.121909,0
205.222338,41.144566,0
117.078294,38.503696,0
20.509915,14.215804,0
162.648212,19.095632,0
149.813101,44.379916,0
12.977337,28.307781,0
137.268062,31.213396,0
164.284165,43.046451,0
165.193994,65.238196,0
205.895609,21.265172,0
145.344707,21.058449,0
31.508872,30.768046,0
42.732467,-8.368564,0
350.401105,14.664729,0
135.465283,3.617911,0
17.322147,9.869727,0
166.330796,58.090752,0
359.260616,-0.806681,0
335.949885,27.590164,0
204.986558,12.159094,0
176.433788,15.546607,0
170.081748,13.055583,0
354.975768,23.580999,0
44.945484,-3.654447,0
42.754107,3.074579,0
337.937069,29.118471,0
184.609117,24.620833,0
171.588602,57.333853,0
27.255984,1.836574,0
145.035681,13.520272,0
185.082556,9.329658,0
210.462248,32.071469,0
118.641034,43.783360,0
170.829989,40.080196,0
247.106717,41.201115,0
225.195543,0.074280,0
142.153282,47.712748,0
40.519045,3.310512,0
10.774661,-0.777150,0
192.051620,-2.428318,0
164.897952,57.555523,0
12.493278,26.828584,0
178.045290,54.909444,0
247.882275,40.271086,0
157.705406,20.427319,0
257.509037,32.992327,0
195.730176,67.649915,0
256.801118,22.424578,0
324.837850,1.529794,0
11.481316,22.912569,0
191.152280,24.558997,0
155.142956,43.461374,0
111.927587,26.671130,0
337.910920,12.338640,0
166.183463,43.867226,0
159.799499,54.816294,0
227.457599,50.821502,0
144.892775,36.881331,0
60.077993,-6.010026,0
187.223741,19.327007,0
219.670132,4.247955,0
220.485368,1.072176,0
168.743487,30.109703,0
189.643523,33.722454,0
16.640363,-1.974222,0
356.044225,-0.523782,0
19.405254,3.174600,0
138.058432,42.794589,0
188.033937,31.182704,0
124.477418,6.459851,0
245.984920,18.590327,0
188.988001,50.798187,0
354.696792,5.051635,0
9.261519,29.254188,0
221.225297,10.365975,0
151.401733,8.935388,0
14.591521,6.007245,0
241.180277,43.230097,0
172.028132,26.325415,0
174.348964,58.530688,0
223.716174,52.767605,0
171.587185,31.860045,0
187.772082,8.012559,0
257.025713,39.905402,0
337.849651,19.878112,0
237.713364,30.729894,0
219.755680,50.711414,0
145.546009,25.367074,0
227.246213,35.877075,0
152.636536,16.943377,0
199.211756,44.334385,0
359.376040,-4.481837,0
240.062107,7.343789,0
252.854216,47.960317,0
190.312147,38.746267,0
184.207715,1.880172,0
21.516537,5.278862,0
339.365627,24.209172,0
147.876169,4.976286,0
181.923463,43.199739,0
225.860431,1.533012,0
132.888481,20.183408,0
191.435818,8.524890,0
30.437498,24.451479,0
136.204170,53.137006,0
29.167445,-3.256861,0
161.866645,48.634036,0
162.709760,22.617725,0
18.757412,5.087082,0
43.086878,-4.349879,0
154.060615,15.839637,0
179.536259,32.400712,0
11.276972,1.111594,0
347.442292,0.013582,0
191.690573,5.417945,0
133.738114,58.141276,0
163.447504,65.540188,0
330.834927,15.534056,0
145.848733,42.914682,0
226.703106,34.500717,0
185.519327,19.326603,0
241.645812,26.797225,0
195.881991,51.620193,0
185.685823,37.434252,0
229.144497,40.826083,0
191.205396,56.510825,0
209.734237,28.397789,0
246.320287,16.622353,0
118.486584,14.893363,0
203.435662,38.450054,0
234.651949,48.162817,0
126.721320,27.659961,0
146.869028,31.179461,0
231.606360,36.169483,0
357.103480,2.417922,0
124.812558,26.439376,0
252.318660,51.760101,0
174.963295,19.303575,0
177.569279,17.342521,0
123.841489,54.738761,0
338.077476,32.343126,0
147.636145,39.938951,0
179.554287,65.051035,0
245.028476,39.901065,0
123.863714,44.993735,0
354.993573,43.166919,0
184.691844,64.958462,0
242.280291,34.547660,0
21.848794,30.295754,0
187.869466,25.166779,0
137.525793,46.344886,0
179.609012,31.984004,0
14.621348,10.773085,0
347.119960,2.065979,0
4.391599,8.761282,0
140.320612,5.170889,0
130.646562,40.041352,0
35.588877,-0.595047,0
201.069940,46.801653,0
32.577081,5.731181,0
194.698359,54.636619,0
12.869198,-0.414952,0
150.567162,27.130120,0
184.827378,2.824938,0
158.990318,59.326214,0
134.636014,60.854541,0
166.885573,60.912343,0
142.498071,52.478451,0
143.334224,46.860512,0
21.824398,24.352167,0
146.598076,39.439754,0
120.134145,30.894630,0
160.389205,17.739609,0
237.481886,24.412517,0
168.255208,65.042832,0
44.244826,-2.892547,0
232.017665,2.743686,0
218.184412,35.016799,0
204.609513,22.775116,0
211.241107,35.987784,0
180.621022,51.409896,0
155.902427,37.496672,0
203.868782,43.447222,0
334.921561,23.779880,0
167.451458,28.982126,0
228.683113,44.193782,0
176.245356,31.609215,0
341.287758,-3.462686,0
208.813523,6.381965,0
255.012700,25.705327,0
253.022510,45.928596,0
244.848575,21.638018,0
27.198391,-8.326758,0
208.718466,50.617545,0
231.161785,49.479914,0
186.059575,0.619193,0
237.703995,7.226036,0
123.975590,38.522868,0
169.787005,43.532288,0
177.380556,36.771651,0
239.330307,10.557934,0
208.613508,65.457165,0
335.220962,19.304957,0
28.474757,28.797034,0
170.026113,18.582133,0
204.935437,-0.247660,0
180.732667,17.228187,0
198.933588,26.368415,0
150.584988,39.531775,0
29.182010,27.284846,0
2.837511,27.804239,0
196.137630,3.299838,0
200.356537,32.101460,0
234.123795,13.433277,0
150.987134,32.722009,0
179.059063,35.686669,0
148.037197,12.821948,0
335.233906,19.198630,0
193.293807,35.291873,0
356.883302,30.985433,0
151.218808,39.469298,0
336.142716,16.126603,0
161.551180,47.297410,0
228.434221,58.231504,0
353.546869,24.188071,0
8.934872,-2.095350,0
231.335605,44.650362,0
131.410796,58.875665,0
174.866917,36.216046,0
231.828542,0.466655,0
253.784070,17.863634,0
248.485540,42.007910,0
357.564504,1.558478,0
189.329345,58.366981,0
201.840969,58.488197,0
357.252681,11.622599,0
171.690237,52.252426,0
202.324630,57.485031,0
351.756304,21.083911,0
213.124923,-0.740789,0
150.625988,39.603165,0
158.037612,41.691537,0
21.798244,-3.669874,0
194.320244,11.540324,0
18.710711,30.143522,0
124.387704,13.111904,0
7.164680,8.760897,0
151.861823,33.714245,0
226.168086,14.156413,0
142.358719,44.205006,0
212.637405,56.118735,0
125.564770,52.704707,0
212.934268,5.437496,0
167.874234,39.055205,0
152.242803,38.038581,0
315.540583,-5.660755,0
120.951712,49.519637,0
352.636515,35.287033,0
185.660738,51.480723,0
30.197424,0.519495,0
355.957927,10.231653,0
345.030302,0.294237,0
259.626179,35.835962,0
244.649791,43.784021,0
339.551637,21.534299,0
352.053807,5.439654,0
16.645471,-10.890236,0
139.621470,62.308988,0
221.750681,47.314002,0
20.599640,2.386800,0
185.353726,-2.581337,0
164.927947,24.823174,0
27.527929,7.362611,0
155.270474,15.819014,0
138.750661,20.993512,0
136.904790,61.200201,0
185.363174,15.940239,0
241.693552,40.391607,0
183.432114,8.880072,0
158.356961,40.027053,0
222.828350,37.442074,0
254.911728,30.371003,0
179.831206,3.357746,0
172.270146,16.641217,0
166.144742,37.241352,0
351.129991,29.107161,0
204.989700,38.710750,0
202.577346,49.873542,0
190.540889,37.334902,0
207.363787,2.040584,0
351.583667,31.382087,0
118.578678,29.979230,0
140.975970,24.690730,0
234.724734,31.049611,0
357.360270,0.640599,0
149.283057,17.484522,0
213.953094,47.324020,0
211.479358,59.207655,0
159.006188,43.039004,0
217.629312,22.254674,0
8.601986,24.536531,0
186.321534,18.229595,0
13.298653,-5.948896,0
222.639757,7.590944,0
168.340315,21.559955,0
114.385734,21.317550,0
334.718550,-9.406811,0
157.182264,43.690986,0
181.640974,44.373596,0
122.218198,52.859349,0
343.046443,6.324368,0
129.292268,35.010620,0
246.376163,15.153854,0
193.644659,50.526479,0
185.490730,26.082700,0
179.696081,20.904511,0
243.413461,37.720653,0
207.602169,29.798191,0
350.406744,4.234349,0
232.367710,49.114339,0
155.699680,25.804922,0
219.489921,12.075054,0
134.782717,0.282206,0
248.989109,45.431342,0
157.303776,60.124599,0
125.903514,1.949768,0
196.465909,62.690463,0
355.126112,23.093995,0
163.159600,46.376442,0
244.287357,5.922445,0
351.921112,19.398884,0
181.857383,-2.506818,0
249.949294,39.271561,0
169.551948,35.459758,0
154.731542,22.763075,0
170.122215,57.733480,0
257.450836,30.042939,0
22.288410,-3.221472,0
359.060246,19.441162,0
187.420392,62.715178,0
236.113587,27.723382,0
190.063730,52.690452,0
237.841067,3.002265,0
140.034777,29.943706,0
195.520996,32.801465,0
14.292842,5.052272,0
184.980231,3.684446,0
2.921689,18.833766,0
208.576556,31.778133,0
331.379596,20.936225,0
41.220608,-3.107513,0
135.586007,36.214654,0
327.874261,2.705933,0
202.670414,64.044384,0
135.450146,5.481775,0
330.135386,27.128256,0
18.418157,7.456853,0
137.466659,44.598926,0
175.549077,32.582668,0
130.698666,49.082095,0
126.281704,25.556522,0
163.497878,44.125765,0
121.081297,42.982811,0
214.929196,57.699484,0
24.662460,31.457632,0
71.119901,12.353255,0
326.584995,28.127782,0
154.417868,10.628229,0
151.353226,23.299281,0
23.133931,-6.300400,0
337.392284,30.953366,0
359.352895,16.382382,0
119.745475,33.360683,0
198.278794,33.951351,0
343.794198,28.853529,0
253.543115,20.357698,0
33.451863,-5.596840,0
21.817117,33.837877,0
135.752228,25.247473,0
207.550626,20.045606,0
178.962052,1.332187,0
216.478642,22.519402,0
145.903036,35.085409,0
161.300924,46.038830,0
247.902018,30.697944,0
249.840251,37.159553,0
242.560733,38.568865,0
157.873870,64.238807,0
195.740765,14.478396,0
136.878583,45.274211,0
227.626207,5.618134,0
171.397328,-3.252301,0
136.960003,29.348465,0
322.037706,0.071054,0
135.783706,40.595532,0
139.073051,30.510539,0
209.583525,20.231159,0
122.741901,57.454016,0
0.661571,35.387322,0
126.962348,8.674050,0
205.095623,37.912189,0
234.312018,45.619369,0
170.913925,51.651479,0
199.587980,11.746215,0
208.421715,60.739785,0
122.733902,49.336214,0
225.702982,24.676974,0
138.976014,8.869780,0
28.693936,4.703193,0
221.018777,29.236735,0
27.662950,33.087354,0
178.302304,9.233986,0
350.284419,12.442897,0
1.598213,14.786313,0
150.894305,12.309595,0
240.381165,32.777350,0
31.809844,1.301777,0
334.428182,22.866281,0
149.459935,30.915381,0
359.856106,0.481860,0
187.192843,37.729909,0
216.757523,22.942413,0
245.543263,49.773542,0
35.780762,5.330418,0
116.072798,37.888120,0
216.302115,56.206393,0
228.647592,53.256131,0
238.143400,52.715909,0
170.610574,53.483176,0
354.924126,1.781180,0
339.216539,20.732363,0
354.807463,21.486190,0
245.031354,42.767379,0
235.789711,42.409454,0
114.278225,43.151114,0
319.403737,5.196462,0
10.068600,9.279359,0
329.038813,8.214781,0
225.907804,48.815339,0
20.310621,-1.025131,0
22.811794,30.527106,0
218.140461,62.505227,0
29.571191,32.384271,0
243.248580,32.058387,0
142.825054,8.863211,0
215.673668,35.575246,0
222.752413,19.363768,0
138.192188,1.181880,0
224.286845,42.222758,0
200.797532,57.908791,0
171.606223,11.578065,0
194.096895,3.000663,0
156.715518,18.602404,0
125.896770,14.886640,0
6.742275,-9.027022,0
176.877980,29.079780,0
187.926625,59.745301,0
197.488371,2.035255,0
122.173357,12.612720,0
168.028290,52.192317,0
226.858377,47.387814,0
141.906184,48.377561,0
120.647641,29.878289,0
142.879498,10.060502,0
256.959296,23.075035,0
229.365860,55.940958,0
144.048465,31.516380,0
324.682273,0.048587,0
167.431667,25.641539,0
179.254580,61.529810,0
31.372728,23.496235,0
260.450188,36.433258,0
195.853525,17.623256,0
177.603180,52.873377,0
201.470140,61.579172,0
233.150725,8.175980,0
255.511811,47.919547,0
169.690550,21.050589,0
219.771189,18.413957,0
158.615268,32.542146,0
140.691165,6.091717,0
337.478093,19.139724,0
161.186758,-1.338394,0
225.605724,37.875361,0
154.846466,27.273014,0
246.396731,49.925638,0
8.492696,5.803092,0
164.651831,17.542330,0
194.146733,36.270841,0
192.237061,29.819975,0
7.346912,-1.628369,0
235.640601,5.947194,0
27.086451,30.807177,0
55.881516,-6.101568,0
156.744197,31.272931,0
160.759490,65.427494,0
111.866351,41.295494,0
134.317460,61.493827,0
170.051086,32.985317,0
4.380306,-0.816482,0
136.616870,43.706954,0
149.096860,48.353963,0
156.337989,-0.860405,0
163.332881,39.180756,0
220.942587,43.349248,0
154.403034,47.598321,0
163.870009,31.403133,0
124.149865,18.401552,0
178.158444,23.559430,0
198.032056,45.825708,0
180.282345,25.098304,0
153.676706,45.876454,0
152.082454,39.633354,0
206.118927,62.935616,0
247.906381,30.394790,0
17.269431,7.277056,0
183.294455,68.194845,0
122.421044,35.400538,0
322.731293,11.005824,0
151.567261,27.856961,0
20.317493,33.591305,0
237.085899,5.892468,0
219.790389,9.245528,0
230.251408,6.614873,0
136.573435,0.916711,0
229.208349,26.610303,0
357.240596,-9.050694,0
52.596191,-0.407280,0
164.868603,10.515105,0
245.313125,30.827101,0
168.541626,59.013370,0
218.445997,44.431615,0
17.242495,6.452551,0
125.972073,37.568293,0
3.155460,33.658394,0
121.511646,34.620533,0
224.833189,7.609649,0
212.175895,60.796922,0
243.062754,45.339288,0
1.594198,-0.073455,0
199.449991,52.498377,0
195.215976,19.420378,0
119.085097,35.690640,0
239.811338,49.107864,0
113.689577,34.245345,0
141.272636,56.039664,0
177.890184,35.014380,0
23.998764,24.296874,0
328.536319,-0.462321,0
174.314203,32.465137,0
181.950049,33.345297,0
179.365020,43.301758,0
147.636236,47.785880,0
183.626886,45.798777,0
141.359532,41.805903,0
21.349110,29.784863,0
202.610034,43.066540,0
168.147520,10.815181,0
157.012740,41.429333,0
183.455191,35.183295,0
217.796429,43.276118,0
147.234830,58.901677,0
176.452159,56.849875,0
209.313611,19.943076,0
198.688092,-2.534517,0
200.385077,41.983069,0
211.517585,64.463161,0
183.872479,17.718844,0
166.255279,56.456822,0
334.066843,27.563992,0
256.176343,32.817263,0
179.582492,20.642966,0
145.161532,0.433053,0
224.096395,28.737006,0
32.832269,4.704260,0
180.725655,9.670664,0
151.270624,48.950848,0
182.694444,44.253221,0
10.291718,6.632493,0
342.658107,14.727028,0
206.849442,42.674638,0
22.533713,-7.772662,0
178.405605,63.421800,0
161.744837,31.213959,0
231.895379,1.929774,0
246.603378,42.451523,0
141.104265,35.786859,0
134.256776,60.002079,0
42.515149,1.089977,0
230.493746,38.303764,0
21.150057,20.618316,0
19.779393,1.034246,0
151.961787,32.781320,0
204.369245,2.574388,0
175.266200,-1.917978,0
239.687931,31.383865,0
209.209432,26.079505,0
155.629743,7.362707,0
357.216359,-1.312015,0
340.907194,20.282484,0
180.977616,53.536725,0
356.168135,5.594391,0
230.769151,24.176512,0
125.418945,44.935937,0
15.668138,19.300969,0
164.939887,9.694897,0
17.021372,33.279320,0
330.900075,23.337500,0
352.879415,-9.572089,0
130.703613,11.705289,0
118.214290,52.757720,0
10.701598,-7.884257,0
189.380532,58.444641,0
53.353471,-6.167632,0
181.224444,50.711143,0
173.771723,22.569026,0
238.259564,23.780137,0
202.842105,22.997469,0
347.843298,21.511659,0
30.200686,12.438701,0
232.144454,51.492469,0
250.249811,50.635337,0
142.795357,8.285615,0
232.707100,44.165786,0
190.210303,44.665471,0
176.809352,58.719965,0
201.473670,39.124374,0
44.258679,-1.038156,0
125.415906,36.780449,0
254.252698,18.294254,0
27.794723,27.908474,0
151.273009,69.611760,0
243.584203,48.708623,0
180.079453,41.571195,0
241.577442,30.273095,0
154.452831,22.449789,0
336.339830,8.937201,0
24.878368,-1.943874,0
162.008491,33.296409,0
351.317961,29.732167,0
200.673225,18.571752,0
134.347189,-0.256755,0
198.144329,9.962634,0
256.190526,38.086663,0
163.277141,30.493980,0
234.403025,60.471305,0
18.767392,15.888651,0
220.280881,2.185147,0
178.893617,51.318002,0
125.553114,36.284593,0
245.516598,56.286264,0
171.962783,40.313104,0
174.004188,65.426020,0
243.710881,19.733069,0
37.302382,-8.117410,0
237.243444,31.589296,0
353.204919,5.892437,0
161.607548,6.241671,0
239.183861,24.019543,0
120.205543,17.708711,0
203.988803,4.438897,0
202.402191,53.098848,0
23.131502,22.467953,0
123.785581,53.830943,0
244.347659,44.060883,0
165.009235,36.821506,0
5.772228,22.439497,0
169.193246,22.062504,0
134.754428,5.811038,0
206.022675,42.869565,0
340.803579,3.703697,0
44.999617,-8.583322,0
144.674233,0.143151,0
23.430189,3.959974,0
123.470031,41.585947,0
158.148100,41.846383,0
250.320684,46.038423,0
169.283913,20.730976,0
144.479037,48.871068,0
202.138553,-2.316149,0
116.746493,17.699759,0
191.133579,54.030634,0
214.367143,35.209292,0
221.919053,38.747455,0
24.374784,0.378658,0
116.487867,38.609681,0
138.956585,41.630461,0
142.056423,26.029909,0
9.608677,0.077712,0
155.181881,26.431854,0
187.155601,62.198764,0
146.801245,22.477009,0
37.888209,-7.331385,0
138.107254,45.642139,0
142.462565,21.186464,0
197.749082,56.027834,0
13.094180,27.883563,0
144.525900,54.396194,0
159.158934,12.796112,0
144.909707,26.783142,0
214.367390,34.216336,0
193.969149,22.573447,0
163.229097,45.798720,0
215.716221,7.007211,0
176.089389,29.902708,0
213.052268,32.295151,0
333.905520,2.433945,0
204.304457,61.130280,0
13.329228,33.855352,0
165.872605,56.176673,0
161.979269,12.147287,0
350.093884,30.018931,0
173.388956,54.928170,0
29.315247,-8.455692,0
238.781282,61.864617,0
127.939908,4.025633,0
136.983995,6.579539,0
234.763354,43.446437,0
29.456253,30.337528,0
130.809598,30.429479,0
198.582834,40.385211,0
172.847246,34.764764,0
345.274148,24.229146,0
172.832127,28.843653,0
357.000245,35.178336,0
130.564859,56.894122,0
238.609690,18.938826,0
137.505633,52.089643,0
203.927080,37.928180,0
149.215034,23.305046,0
248.311773,47.315758,0
145.293774,39.274874,0
30.179919,22.469430,0
17.455922,14.312790,0
17.510309,22.919680,0
239.890605,58.982275,0
34.427346,-0.390646,0
157.807664,31.537552,0
148.116417,28.954745,0
163.637838,54.960188,0
241.299906,-0.797139,0
167.357717,36.021742,0
21.233548,8.445839,0
30.291018,30.271006,0
213.941386,34.072659,0
117.179545,16.450772,0
186.418094,25.626912,0
31.850737,-0.811503,0
162.841488,48.408428,0
214.110597,2.891163,0
216.607902,1.756663,0
166.261225,28.043277,0
326.832094,8.785415,0
174.362277,28.059759,0
189.986797,57.583379,0
318.376124,4.691498,0
245.724524,37.996020,0
227.213351,56.535188,0
352.769811,26.112769,0
33.085886,-0.787767,0
30.718607,-1.943636,0
19.975481,21.644741,0
169.014458,28.992712,0
242.206350,48.463951,0
151.834324,25.197475,0
182.261263,28.182210,0
198.132357,2.686032,0
155.743349,55.235531,0
219.157847,1.966869,0
209.767531,38.813279,0
251.021394,42.945333,0
242.323502,6.507227,0
195.591674,34.283504,0
224.540902,4.009308,0
194.187399,51.119496,0
212.006150,28.414695,0
113.177283,26.868486,0
177.696911,57.500276,0
224.614748,42.672795,0
177.443606,55.099606,0
204.519983,47.538846,0
339.550906,7.252723,0
217.723146,3.196025,0
160.298847,40.325772,0
170.062491,12.211409,0
350.082711,20.355540,0
144.862856,37.566393,0
146.422404,40.004850,0
234.978136,57.739647,0
171.897104,15.896865,0
238.857249,45.127721,0
44.054815,0.252308,0
234.518961,37.307632,0
20.878048,11.902602,0
359.829400,-0.231067,0
22.607030,6.064602,0
235.565136,-0.083360,0
4.097294,-9.350432,0
234.153620,2.112428,0
243.973234,8.266493,0
143.619937,41.598953,0
31.929681,27.457195,0
232.877118,24.595634,0
142.758609,37.636424,0
167.097796,43.514892,0
148.304478,21.564250,0
237.739859,23.830538,0
193.335391,37.992036,0
37.581464,-4.656631,0
180.304117,58.735537,0
31.842502,2.526315,0
158.203813,9.165439,0
170.581946,63.161956,0
176.584483,41.200247,0
25.036125,1.685388,0
230.910390,25.353801,0
346.742733,7.697315,0
254.330900,21.536579,0
228.183691,13.946163,0
231.737044,50.086769,0
187.268265,34.517415,0
333.444068,28.000897,0
234.808659,43.583762,0
223.592290,46.546210,0
189.686675,42.120815,0
27.773091,-10.204573,0
46.501733,1.029312,0
247.998835,17.083951,0
211.685331,20.718052,0
122.066222,52.294417,0
229.057098,57.067072,0
159.825719,31.454625,0
207.131186,50.061369,0
9.876964,7.602343,0
199.681092,43.045499,0
154.661821,23.063594,0
170.526990,0.429707,0
252.085424,34.008102,0
241.538543,48.923341,0
226.894700,46.894863,0
191.398510,17.825353,0
156.758754,43.739822,0
121.823231,25.299644,0
191.028077,49.826681,0
136.259239,0.799849,0
184.607894,55.168671,0
187.682519,43.503000,0
174.802214,24.271835,0
145.287053,65.020107,0
225.914410,6.843228,0
140.803130,17.748011,0
141.912712,24.592166,0
330.411601,21.391548,0
223.777555,54.234129,0
124.417325,34.914604,0
242.766592,33.283700,0
133.758611,8.646424,0
22.731804,8.677596,0
196.779489,38.444237,0
10.464500,30.406475,0
187.891591,20.099567,0
358.975571,21.615650,0
168.974008,21.287514,0
235.391032,41.023800,0
156.043253,40.986195,0
246.140663,38.301608,0
190.958000,59.409307,0
208.490888,12.769579,0
197.124931,20.192141,0
213.585345,45.346314,0
128.619917,38.698457,0
210.463641,53.968309,0
128.723862,45.004485,0
150.508888,37.706686,0
333.809089,1.880717,0
30.973744,-9.016760,0
156.256672,58.184397,0
148.155301,60.098343,0
341.380223,12.713474,0
114.439564,24.236095,0
192.377947,11.568723,0
123.096537,26.333585,0
169.719471,33.120915,0
359.954087,-8.631526,0
158.516649,49.270239,0
186.065987,22.379445,0
199.211526,27.743366,0
202.502783,59.977417,0
137.260631,58.065787,0
342.600155,-10.187676,0
132.905729,19.995130,0
173.266105,37.082547,0
127.469038,9.468309,0
137.924970,15.068954,0
50.080760,0.600720,0
20.149552,14.198417,0
351.602781,22.339758,0
225.613862,49.944204,0
25.106388,34.386868,0
20.268871,30.797179,0
172.895796,11.874981,0
121.690056,22.899878,0
193.825698,39.008287,0
227.506774,-0.156937,0
251.495877,38.160636,0
51.618891,-0.461512,0
145.926312,52.344087,0
247.127218,47.032970,0
123.086597,25.319943,0
129.452191,16.488869,0
131.817803,44.089055,0
29.549072,27.308571,0
202.653412,40.765573,0
214.109530,16.893619,0
2.910161,-10.749515,0
210.453083,44.866763,0
183.566234,63.971925,0
137.006369,7.090506,0
191.516537,62.724848,0
22.760903,1.178624,0
114.065668,32.507351,0
178.189235,20.290204,0
123.265984,25.703058,0
182.453526,22.742391,0
354.891389,8.048386,0
134.555574,20.629456,0
119.652524,39.675351,0
331.299826,2.445783,0
176.165217,23.398197,0
197.063900,58.473831,0
163.142595,1.284818,0
25.154310,0.107627,0
188.127440,27.247047,0
8.956263,3.200037,0
22.194610,5.723148,0
174.565240,46.265338,0
177.576375,1.509929,0
256.104639,33.529443,0
357.350393,18.477713,0
127.540191,30.180711,0
343.112708,-9.927577,0
32.217474,-8.222501,0
185.795463,28.791689,0
217.873063,22.954699,0
216.311330,9.195577,0
236.937633,51.132253,0
260.882057,36.571579,0
178.225193,29.184517,0
129.052181,35.454605,0
239.539803,36.776624,0
340.586649,24.447384,0
193.358400,6.573478,0
191.391524,64.391172,0
16.613427,4.140988,0
228.703648,35.698437,0
144.839736,46.670391,0
30.510922,18.575963,0
352.000456,19.811197,0
340.701316,28.884682,0
16.710538,15.061422,0
209.766609,41.075355,0
7.287110,-8.125554,0
201.496386,32.735091,0
239.320311,6.248083,0
147.598229,26.429336,0
205.254638,39.907358,0
201.946554,54.652956,0
26.964202,23.359870,0
252.163008,49.387856,0
160.129807,1.569284,0
332.194219,23.647117,0
231.303043,50.533633,0
230.255060,2.438820,0
164.344082,2.352684,0
341.820936,24.270402,0
154.784433,2.908873,0
354.470848,27.860961,0
136.400528,52.477140,0
342.032913,3.036838,0
160.441648,2.738153,0
125.779883,15.990397,0
22.239661,31.128519,0
121.350357,37.791244,0
245.178289,50.669446,0
2.773829,4.665607,0
138.793127,29.016140,0
225.163535,36.945130,0
196.271779,41.754303,0
213.363017,24.392310,0
153.337255,30.544203,0
261.921176,34.996398,0
348.395263,-10.329739,0
247.538031,47.880175,0
200.378077,46.621085,0
325.605416,0.278687,0
208.556377,61.546262,0
188.319403,56.896393,0
251.471601,30.935354,0
134.143021,31.929976,0
155.316516,27.697615,0
174.223250,25.477053,0
192.159908,2.679051,0
200.589596,37.160348,0
155.842807,36.653430,0
57.841651,-6.723706,0
242.607112,31.055551,0
165.310725,51.885575,0
245.462952,53.475367,0
168.998521,21.670847,0
154.570155,34.736184,0
336.993784,26.020993,0
258.037508,22.485538,0
30.119429,-7.674969,0
174.061037,26.454555,0
195.435618,34.556536,0
51.919457,-6.863156,0
122.306057,31.755293,0
156.831031,7.118251,0
212.243105,26.210842,0
188.149718,31.386080,0
222.550972,30.964082,0
22.908485,9.829005,0
225.655503,17.099020,0
123.584446,23.144542,0
131.505750,61.874503,0
121.587110,52.564808,0
248.208046,41.019502,0
157.088134,61.893693,0
7.900418,10.397570,0
330.427701,9.752117,0
198.767151,48.418615,0
232.455472,42.329193,0
222.273647,9.260594,0
256.504370,43.526880,0
319.319804,-2.961290,0
5.333537,15.857139,0
161.805492,41.237917,0
352.292238,9.314272,0
151.557303,21.076987,0
169.054229,30.854661,0
143.302794,4.657536,0
131.552533,61.865391,0
139.369166,17.345277,0
165.875657,63.541256,0
217.947713,26.095320,0
143.512282,29.608177,0
138.675709,48.912417,0
207.208757,48.481121,0
124.541806,44.530236,0
172.589403,50.596486,0
2.336541,3.506033,0
162.664627,14.750622,0
217.766465,45.012786,0
197.039071,19.188188,0
201.701056,7.775989,0
167.398284,34.632204,0
246.027037,40.671508,0
201.521284,49.246810,0
29.288037,15.228477,0
221.920259,14.278417,0
159.351671,1.659438,0
176.711556,40.412682,0
30.284423,27.509216,0
224.924558,19.765873,0
21.813962,0.793679,0
336.402735,20.992647,0
320.994680,7.818340,0
197.283253,52.410345,0
214.139287,18.916913,0
40.387629,-4.745438,0
183.500847,5.319362,0
223.228634,2.860205,0
2.439532,28.686526,0
355.035277,6.251587,0
227.697071,-1.659111,0
327.735989,-0.912683,0
3.011574,0.700805,0
215.358130,55.377782,0
204.119388,30.319010,0
254.239886,47.789781,0
349.229410,34.599924,0
0.281367,0.686989,0
44.724730,-4.292283,0
157.511165,31.731043,0
212.673152,38.610098,0
162.755721,20.455563,0
205.010598,11.108388,0
326.967682,12.855920,0
111.707690,40.091420,0
192.410000,5.157107,0
233.121423,-1.220424,0
244.975641,27.581292,0
18.048608,22.600012,0
335.161817,27.830628,0
202.522503,54.247657,0
151.385984,32.237132,0
150.840245,48.841444,0
225.400705,36.399662,0
178.482772,47.075166,0
201.560310,43.822866,0
239.046613,47.967579,0
31.288189,-6.258014,0
317.614144,11.303817,0
234.829650,55.676418,0
237.637108,55.872151,0
149.370267,16.924441,0
218.362624,46.600328,0
227.932925,30.866940,0
129.810736,29.496729,0
23.737113,6.281689,0
22.280847,-3.645656,0
16.417604,-1.415708,0
162.778325,16.341555,0
8.065409,-3.162164,0
181.563136,49.436165,0
209.600954,50.633655,0
10.558167,14.286817,0
236.684881,4.480830,0
254.454186,37.301293,0
341.075595,16.683220,0
128.132349,58.714946,0
354.487403,30.999905,0
212.805562,14.410856,0
144.970187,44.280696,0
330.373624,20.040036,0
179.523374,45.416257,0
19.273753,10.669014,0
138.811324,65.450859,0
338.154212,18.775665,0
186.737312,53.863467,0
31.695717,0.300175,0
111.826335,26.294479,0
165.683788,32.113253,0
163.014795,15.324886,0
188.300380,34.994792,0
22.642193,29.276582,0
133.522838,0.173757,0
178.582840,15.822070,0
144.056005,58.241120,0
174.521841,13.059059,0
248.986864,11.152167,0
159.194494,25.090431,0
216.394995,19.540778,0
135.108657,60.696245,0
221.955183,55.931204,0
140.655342,31.172380,0
346.379455,15.245885,0
185.325237,55.565503,0
116.558556,51.157034,0
161.253718,39.123373,0
339.313830,6.939642,0
114.932635,37.983145,0
237.739549,32.231095,0
166.405996,30.627976,0
5.892526,-0.357808,0
171.236696,23.104378,0
214.515577,17.056839,0
168.620142,33.224657,0
193.678660,10.131724,0
214.072500,26.530974,0
238.896621,8.445172,0
14.702708,31.866034,0
188.629539,51.941465,0
15.715222,-8.586239,0
47.107747,0.660914,0
113.285967,32.749380,0
157.791951,63.546102,0
0.031189,11.701886,0
209.383546,12.710094,0
14.723305,-3.983552,0
223.051125,60.990964,0
152.495347,-2.101736,0
6.066201,0.499671,0
188.480104,10.657335,0
186.522378,40.987332,0
214.548650,27.184229,0
189.203910,29.533787,0
199.045373,29.595476,0
146.679757,29.073599,0
2.815378,1.249787,0
222.032063,41.145542,0
6.040659,35.134512,0
350.249460,25.785534,0
113.022222,37.628959,0
38.357993,-8.903967,0
199.401960,45.173132,0
222.103861,42.707028,0
341.001245,-8.338556,0
169.764029,64.573071,0
11.844565,-2.981046,0
210.451222,50.184191,0
216.582376,2.997153,0
356.078893,25.009586,0
10.285214,9.871958,0
169.987353,14.753076,0
248.037334,48.785702,0
164.270075,60.401319,0
338.849449,7.142956,0
119.102750,22.671396,0
340.302923,31.117288,0
195.346418,5.492479,0
253.697450,31.257964,0
1.668657,0.785316,0
10.382772,22.171467,0
133.522665,17.341311,0
21.571705,6.394581,0
140.403614,42.732551,0
152.525854,3.953552,0
113.637428,39.338612,0
199.585439,48.192498,0
146.399450,51.125576,0
161.890648,35.203353,0
151.090621,48.407761,0
349.673249,26.798930,0
161.640964,67.002314,0
173.762336,11.322859,0
159.562267,58.087668,0
359.342700,30.030979,0
24.005666,28.015328,0
178.731787,30.023846,0
25.016262,31.374719,0
218.431655,30.881389,0
217.719937,50.622293,0
226.126717,48.369225,0
128.717205,53.765248,0
223.719394,5.347223,0
27.198210,16.285333,0
352.175565,6.669161,0
187.255487,46.060019,0
152.096840,27.270719,0
135.224560,18.682565,0
342.199622,13.091593,0
136.554388,-1.145013,0
341.115924,-1.608493,0
254.512766,19.363880,0
164.845322,17.132111,0
162.988196,60.707138,0
116.514317,39.155949,0
123.376778,45.126997,0
174.408533,10.658377,0
204.422502,5.871384,0
125.447334,30.477385,0
208.272812,29.619116,0
19.708300,30.087150,0
187.109683,13.018404,0
210.498956,41.698953,0
127.880405,32.250414,0
174.867169,36.843865,0
234.922323,54.007963,0
233.785485,28.611026,0
240.666047,32.079800,0
190.455235,33.096227,0
159.752189,46.723859,0
246.390587,15.538681,0
189.026072,62.789837,0
122.197906,35.864652,0
205.740135,16.753308,0
161.810729,27.940459,0
222.412104,43.721433,0
207.776454,42.325762,0
341.844365,-1.874317,0
122.031439,9.301559,0
159.750244,60.655920,0
151.985177,13.025492,0
128.431155,7.781805,0
130.567951,6.723381,0
181.740765,38.922914,0
171.341447,28.635434,0
243.984862,59.035795,0
172.232673,11.258129,0
220.091595,15.054373,0
31.208872,25.465644,0
328.183254,22.882855,0
154.425117,54.084826,0
156.744629,52.584322,0
253.799674,35.096770,0
159.336035,23.600050,0
5.347935,13.914768,0
329.834552,1.507824,0
135.927710,57.108840,0
138.804742,39.394171,0
123.398942,51.981643,0
253.099587,37.488743,0
12.462206,20.057466,0
207.089738,38.563629,0
201.848469,50.212044,0
6.870053,20.833193,0
135.661004,22.159532,0
190.846516,23.978408,0
211.544231,15.674933,0
167.924765,7.285623,0
121.770369,36.064872,0
228.003531,58.954801,0
191.579207,37.360540,0
161.654543,42.746568,0
126.466555,37.803549,0
14.289606,-0.914138,0
122.649750,56.681232,0
30.936440,31.905418,0
339.266494,-8.599480,0
341.439903,33.131688,0
145.786574,14.926247,0
356.821790,34.150035,0
358.659460,1.166122,0
50.906843,0.598794,0
358.741524,8.467834,0
191.725130,40.898082,0
223.806096,15.970417,0
192.716870,10.824617,0
18.061438,17.992170,0
207.650245,58.814969,0
170.855293,25.989018,0
187.914178,21.261314,0
334.878756,32.285056,0
193.701287,61.356924,0
171.074138,60.340764,0
205.746018,0.866040,0
341.499808,22.658012,0
191.785100,50.055773,0
157.303505,2.082732,0
357.476078,20.831961,0
199.943478,62.310227,0
223.578300,48.860119,0
123.184393,25.469756,0
129.204404,30.187292,0
158.878388,16.454762,0
158.992443,54.064995,0
313.869853,-5.353957,0
147.264134,22.641071,0
30.792108,1.224398,0
330.217534,27.657719,0
346.031306,18.807273,0
358.005617,5.278266,0
338.510868,18.772582,0
118.637026,40.805312,0
11.722302,25.004228,0
188.689729,25.903889,0
153.059380,19.091641,0
260.009037,24.930245,0
194.299559,46.608742,0
234.515153,51.028998,0
144.325068,8.886516,0
203.534118,18.050700,0
213.935936,17.037720,0
206.722159,59.314431,0
329.904865,30.268589,0
152.008025,49.042201,0
119.692176,18.615150,0
237.615253,50.020259,0
169.434183,20.337207,0
117.271369,46.283242,0
333.724362,14.006190,0
320.989870,-0.897230,0
228.151231,1.821443,0
161.459924,55.295968,0
115.211752,33.300029,0
252.676358,45.488540,0
340.514658,0.987437,0
186.209014,38.546786,0
127.760342,51.436157,0
38.564961,-9.392241,0
176.134253,32.270834,0
241.252756,34.805308,0
241.205919,48.975925,0
128.879551,25.469097,0
256.635827,27.691746,0
148.107207,30.735027,0
154.498159,32.885497,0
351.293681,6.627947,0
158.444783,36.879051,0
358.607247,31.868802,0
358.059010,20.235530,0
238.849304,22.494752,0
227.329215,-1.564856,0
203.573055,37.956208,0
29.144160,6.174434,0
330.811688,3.537232,0
166.539267,59.700990,0
137.526097,43.149809,0
198.763766,45.649981,0
222.186224,9.476186,0
228.827264,46.289693,0
336.249012,18.914149,0
222.890867,28.948150,0
209.161990,39.904215,0
324.213386,-1.757865,0
162.402821,2.198831,0
135.690018,11.272199,0
189.958097,17.868645,
219.663715,57.836183,
8.828222,16.845540,
182.921140,-2.230764,
252.981503,42.603814,
121.527949,31.129704,
181.251793,35.500194,
141.176913,58.904749,
134.334273,43.942011,
183.879579,19.917900,
41.155392,3.154733,
203.177477,52.833512,
249.736570,30.681534,
358.975449,24.262159,
143.303933,47.012375,
352.755054,3.226531,
198.918474,39.102646,
325.992402,27.628147,
148.185387,42.726808,
158.603018,-0.628295,
113.954718,44.066237,
200.315286,49.929548,
339.693944,-2.741465,
147.919350,30.330028,
119.953444,34.971510,
19.682190,1.828819,
210.073744,-1.817334,
343.715454,18.244901,
141.748981,10.935480,
203.939228,-3.271826,
141.149165,1.108701,
265.443716,54.029519,
169.330163,16.577223,
350.600391,24.849852,
134.585514,8.531006,
318.481773,-1.927908,
39.310702,-6.008637,
166.249636,13.882748,
259.863548,27.546347,
333.945585,18.292088,
162.594372,5.716158,
5.797495,34.923922,
129.703055,11.028045,
341.684728,3.656475,
113.832206,37.921216,
259.295387,41.379977,
140.490475,39.181443,
194.245859,19.661868,
7.391500,-8.812784,
26.590781,2.298752,
172.925535,13.169912,
188.844305,54.499281,
154.468664,47.950159,
135.666213,39.957443,
213.402339,45.760029,
252.875357,47.017592,
155.766694,47.286371,
347.813333,-1.101478,
332.422422,-1.368231,
329.483489,5.450738,
146.553024,35.827836,
162.220745,38.892225,
27.613192,-3.436020,
115.869175,50.607761,
131.268876,-0.309524,
120.121866,28.683170,
199.688076,58.028983,
2.705545,3.617475,
160.117746,46.044659,
344.290772,19.116273,
162.115767,59.549996,
241.617676,7.136942,
330.285693,3.530770,
14.254726,14.834165,
332.941766,3.269304,
214.808207,-0.015315,
18.444937,0.853967,
11.490197,-4.696912,
176.691019,46.417843,
159.989601,53.203142,
344.451977,34.091151,
120.879698,40.565550,
19.602885,6.687845,
205.554733,9.094663,
6.547823,3.268058,
22.215511,24.250593,
160.058569,17.669900,
179.665914,26.419719,
223.389403,38.945813,
212.371763,38.923325,
42.352952,-3.673452,
156.402676,23.627150,
153.872234,58.001704,
24.641554,5.161536,
247.757505,39.505405,
3.184859,28.842020,
240.302435,25.210483,
193.207257,43.357300,
137.306610,49.144977,
233.954746,22.690197,
172.582104,33.541652,
207.645708,-1.749994,
22.290606,6.903496,
335.337470,25.989028,
165.500214,55.492957,
223.745811,50.321764,
197.319471,-0.263927,
195.224609,57.446162,
244.540273,39.653903,
154.487068,10.504633,
254.214245,45.222245,
328.634433,21.096869,
215.380945,10.622736,
140.524441,33.842821,
149.580623,34.077104,
171.898476,43.698717,
150.821371,33.608581,
222.962400,37.060548,
188.613953,64.389320,
180.921115,57.561338,
154.725169,40.285254,
15.266183,29.012379,
214.435766,41.307678,
9.675877,1.772013,
352.922774,19.381312,
249.141701,48.645402,
339.271435,1.229226,
16.707843,8.001668,
161.953286,59.391362,
157.923347,39.397663,
331.237492,20.120997,
246.924208,53.978657,
205.443693,12.194754,
111.198349,31.676036,
44.580527,-0.135090,
138.111037,49.035377,
125.790851,7.566919,
182.603410,34.932719,
341.107023,4.391993,
190.483980,60.583530,
245.306499,23.068996,
164.731035,1.023126,
129.355940,19.851988,
342.554954,5.670995,
210.870180,9.685423,
207.727444,5.368455,
259.411625,23.587424,
224.375532,33.794586,
214.147394,55.679315,
333.020951,21.436406,
195.474091,-1.236408,
354.474710,28.739268,
329.674790,29.985790,
144.614095,24.236013,
197.610357,34.506063,
118.850446,34.359584,
181.914409,27.206828,
139.017321,41.405895,
116.391070,41.359086,
154.784946,10.299359,
127.236387,19.340262,
28.972359,-1.804492,
121.180395,7.604638,
172.412515,44.283104,
207.034692,60.814583,
182.755403,27.544001,
4.203467,-7.673643,
206.184698,31.835465,
227.237834,14.317713,
192.103906,21.890596,
124.540000,30.008539,
188.922605,64.854316,
134.545987,25.813034,
218.201559,44.491221,
149.739439,63.485224,
23.398976,27.871682,
203.190597,22.705004,
140.999349,50.469708,
246.185683,8.240552,
235.018272,41.478142,
155.014469,22.635158,
190.603288,36.760323,
176.309705,30.929779,
214.615644,34.430614,
238.537790,52.521060,
215.678366,9.055851,
4.828114,34.026090,
237.831595,0.436992,
5.137901,34.036920,
348.011903,1.557665,
124.929058,26.701968,
11.378360,27.992343,
17.409732,9.846956,
128.835829,11.465416,
224.418514,38.509558,
220.818388,30.016292,
124.712212,47.732136,
22.963904,26.986604,
136.877233,52.467650,
186.130812,9.272286,
207.166040,59.569970,
171.725983,4.011950,
136.407510,22.246227,
338.591115,18.612521,
3.108544,27.496630,
238.886246,12.454338,
248.922708,54.986720,
339.806384,29.803182,
335.205946,22.020765,
9.740805,8.895944,
224.976774,44.895739,
172.789805,34.822570,
174.772969,64.866784,
139.905872,4.116812,
175.277242,43.572291,
223.455338,48.289506,
188.156233,63.776604,
203.062660,0.047925,
122.045862,7.086304,
169.135275,66.132511,
4.312759,4.191757,
202.852548,24.386486,
166.276956,46.051906,
187.716294,60.150287,
5.358760,-2.872799,
18.598769,25.935114,
150.904824,57.745178,
159.765728,28.576337,
22.034886,34.599294,
172.544363,1.374903,
143.515502,-1.123461,
356.675364,18.551772,
247.525276,26.759161,
237.375534,3.420952,
185.010401,50.890418,
28.778519,-3.447692,
9.078505,-0.774982,
138.228000,53.967485,
197.502860,24.356383,
35.911732,3.148552,
235.255308,19.114570,
192.302885,46.679552,
208.218544,5.551348,
352.392595,15.531223,
1.841032,5.086562,
147.108210,1.291766,
114.694006,21.224114,
17.682138,5.906257,
155.238792,3.793610,
161.246578,53.947483,
119.031589,23.490487,
344.117222,4.029646,
234.052673,43.224261,
170.836381,1.629853,
192.711998,32.687092,
196.500811,33.056982,
226.964094,3.432084,
233.095544,45.966222,
15.301720,5.675094,
25.579210,13.462924,
38.863915,-1.137914,
173.094077,33.474987,
122.429055,43.715993,
222.791287,44.898740,
29.692221,27.725371,
326.755676,8.413161,
170.305022,24.389978,
25.478119,12.097963,
189.160648,38.178673,
130.033562,21.310598,
10.093795,-6.191544,
7.635777,13.871190,
18.070928,18.804780,
158.074788,55.363490,
152.286526,43.512666,
253.663537,40.125978,
24.425831,-4.796342,
24.849205,-2.339301,
341.032838,18.161337,
157.153668,-0.720654,
358.804411,11.385010,
231.309500,7.293073,
0.524785,13.401821,
202.051989,45.292524,
173.291193,25.030115,
141.024592,26.322432,
32.187910,27.295016,
200.075538,1.190390,
146.749409,37.352332,
119.931215,31.905490,
159.093405,61.540005,
211.478651,53.056546,
137.035722,54.416330,
211.829490,30.601255,
53.987176,-6.742406,
228.875291,29.599884,
33.829836,3.389880,
21.259777,2.297348,
155.555490,38.460837,
140.790375,20.549029,
331.184681,29.715519,
225.463410,40.787332,
174.485519,31.976034,
220.547694,53.144547,
167.188297,7.193185,
1.822420,24.455668,
328.691203,18.931708,
194.992271,52.556307,
328.193668,19.115351,
148.234626,55.954156,
339.136888,-2.361641,
196.854956,54.770927,
180.559036,2.354275,
199.911942,3.567687,
14.099626,35.134115,
359.841455,8.777196,
334.468060,13.149985,
199.327676,39.424488,
150.276600,3.052732,
2.857277,-1.263729,
166.236247,35.906179,
150.388238,18.551426,
148.208390,17.411657,
135.466132,55.539750,
206.890697,6.391255,
212.767238,52.298734,
204.389305,62.947743,
205.441108,43.109317,
141.648253,0.813930,
6.583723,-9.581454,
173.698332,59.751578,
183.123723,9.590642,
163.795273,32.776784,
167.564789,26.010725,
222.612691,6.453874,
156.679470,33.733347,
149.023201,2.881080,
32.863285,5.639130,
178.792849,57.349237,
242.141892,13.033626,
198.849385,12.959908,
127.088339,48.487366,
206.333259,57.859390,
356.253808,0.698935,
202.427048,45.666735,
167.985396,23.960474,
199.060424,2.660808,
172.435228,22.452834,
132.206913,-0.447711,
25.994659,14.706351,
8.689083,27.786472,
190.745781,9.407621,
168.964197,38.897809,
234.216149,11.700043,
166.754949,44.626202,
192.326729,28.295451,
163.573643,26.487415,
135.885902,25.511530,
187.824114,59.702695,
110.131400,36.820359,
181.417003,11.814851,
249.559168,12.077150,
153.067443,27.702353,
131.211335,49.022039,
236.129186,43.843625,
140.983016,47.188951,
222.921017,36.691670,
150.476277,7.914733,
185.158746,52.349391,
33.417288,-5.030321,
354.444784,11.287467,
175.494486,46.977222,
230.094490,32.367920,
180.699608,62.486959,
357.868825,11.399144,
8.985899,-2.481374,
334.988450,0.922631,
118.187338,28.474210,
159.697482,10.439029,
203.429882,13.948150,
175.062881,16.162810,
11.991979,34.911439,
149.758123,41.358124,
354.709230,22.487534,
254.771763,32.545691,
149.967874,62.886439,
13.574705,5.859492,
228.900198,37.642807,
355.987015,10.507848,
158.181944,36.225441,
141.206129,33.630456,
193.384417,61.634303,
138.437478,9.235464,
41.422268,5.018865,
359.672351,10.468151,
257.815320,29.344057,
207.078834,18.366834,
152.445285,6.484869,
137.579030,63.283242,
154.208627,40.233176,
182.361911,30.231622,
187.034826,-2.517660,
218.773056,26.854570,
33.488411,-5.892396,
163.293727,29.158656,
327.224481,-0.629418,
210.941048,53.854109,
236.518931,46.214219,
239.283685,36.970520,
136.091279,38.765457,
242.329440,43.790924,
20.581387,22.640505,
113.841673,36.538887,
129.492912,40.286378,
196.533542,40.099316,
319.675195,-3.169719,
17.931061,33.101771,
202.386636,1.792532,
16.614863,20.623068,
181.637243,33.851053,
163.544465,46.093058,
248.323794,42.852340,
6.843926,8.064528,
160.367743,19.871598,
339.131634,3.621659,
205.914536,63.057640,
251.945116,26.585922,
176.274261,1.377963,
9.140417,14.596198,
257.938279,36.152023,
198.291677,46.285802,
147.055182,18.898094,
194.944976,42.900369,
137.020674,51.271735,
217.316713,-2.528006,
190.462012,8.430410,
156.070845,18.998395,
248.087741,26.731523,
176.887366,34.185115,
148.840088,40.503165,
31.226293,-8.193847,
31.051570,24.926370,
231.717798,44.648623,
173.128882,6.953391,
350.371849,-10.189622,
114.463271,27.233069,
201.785177,2.333790,
10.014468,0.583863,
343.618336,0.476971,
115.754743,29.486061,
151.951698,38.533680,
157.494556,65.202872,
133.625781,-0.950653,
117.062574,47.750638,
5.190400,6.942903,
217.092643,28.485802,
173.689982,51.048727,
244.377081,32.553861,
180.593773,32.322072,
231.360021,49.560190,
166.550515,53.521426,
347.827798,32.138579,
125.796252,5.945445,
348.975529,2.082684,
133.910647,21.297723,
148.372443,56.260970,
218.150486,29.188338,
6.993261,29.492045,
113.126669,28.167552,
137.960997,46.296752,
235.373330,40.598632,
5.903682,34.307575,
13.065230,0.522352,
214.144369,14.817894,
182.293439,24.212855,
139.303630,17.650906,
184.324704,24.894715,
139.623104,24.056424,
32.378223,-4.640587,
30.788802,21.524094,
203.690344,52.267945,
194.759425,42.729262,
235.134022,59.355512,
193.233394,0.894304,
192.074523,53.050547,
166.598004,-0.723895,
146.628506,37.210769,
39.780272,-2.158314,
121.356314,50.981693,
5.835797,4.480062,
208.550415,10.084203,
15.081513,-2.229994,
177.593727,6.083599,
353.862763,11.492004,
21.584116,33.303806,
209.391278,20.529638,
29.149813,24.554386,
115.039810,44.212489,
329.201434,4.930908,
146.457494,44.429954,
186.480767,20.952804,
16.232864,31.691892,
224.221415,36.897490,
39.421229,0.726956,
356.308163,8.568106,
179.559247,40.967237,
225.624470,57.789136,
155.295448,54.613547,
158.887543,45.065081,
331.834275,24.607964,
219.662535,23.022958,
118.153749,31.738637,
321.877778,-7.581979,
224.706287,47.372904,
157.821608,45.446132,
188.274374,40.322335,
152.814537,35.394400,
224.711322,16.289067,
160.364469,2.655675,
154.881551,33.688484,
135.219055,59.731700,
11.359959,12.352887,
187.652224,1.531921,
212.126588,44.487584,
193.230240,29.077150,
165.981749,27.796116,
187.751308,-0.173650,
217.019665,21.641702,
168.283462,38.551775,
191.867082,18.026956,
183.953237,32.372116,
194.710688,62.481009,
196.736973,57.340571,
158.152277,21.379742,
150.231607,41.920525,
136.727017,39.248706,
31.011849,-5.768003,
234.625116,52.674020,
188.088371,36.130963,
338.231412,5.201827,
168.390370,20.934050,
216.296647,13.351201,
14.812219,6.356665,
357.914355,32.498593,
202.762317,32.787814,
135.991017,15.959813,
232.637670,2.578149,
34.478613,0.758359,
135.709048,26.338285,
176.108945,38.852715,
41.497693,-2.805104,
329.893571,-9.172819,
0.325361,7.474272,
192.661917,16.759312,
153.507494,25.818803,
126.610935,23.945116,
142.118354,33.382739,
31.737842,29.551345,
235.671439,29.574779,
201.841838,38.714143,
129.535725,8.750691,
129.130663,38.109046,
113.006345,29.165999,
213.074239,12.497840,
20.308927,12.231755,
126.023811,45.512576,
227.873137,49.277089,
184.458759,41.415073,
244.077359,44.399469,
168.472801,15.875758,
180.447179,-2.303052,
145.170284,58.532028,
176.375900,33.195114,
185.679083,8.897401,
220.709169,11.546272,
312.861017,-7.091913,
334.320217,-0.605842,
222.131936,-1.210890,
132.036372,3.368716,
158.384029,18.079037,
182.900064,48.140546,
139.897723,34.150368,
32.378519,1.668312,
184.262349,37.381655,
197.778777,9.591646,
336.019971,-0.579774,
188.323994,10.593942,
139.629923,28.955076,
127.406069,25.943240,
4.593288,26.006072,
157.600423,17.623589,
42.973859,-1.267201,
198.116836,-3.385805,
24.683478,19.376906,
186.790827,39.458531,
237.859305,57.898210,
191.458786,13.533773,
136.184104,48.177976,
33.768698,-4.771944,
205.487957,41.961288,
6.279673,18.921491,
171.964185,6.376825,
217.241540,32.854297,
171.705452,47.392196,
168.508200,58.673171,
131.907782,60.795835,
228.682293,38.201926,
189.605390,64.212789,
183.428817,58.557182,
246.024024,23.375076,
191.605437,22.826615,
193.585516,61.076602,
147.660444,30.025916,
131.155766,18.876730,
342.236148,2.239172,
182.554621,46.153914,
125.610102,5.330871,
146.109875,66.421577,
10.562413,10.334363,
119.898966,22.171106,
155.886261,24.975859,
115.041268,32.782879,
134.620411,50.167037,
6.601040,7.499161,
11.891508,-7.630881,
200.383968,42.303602,
205.022236,17.093548,
336.896277,3.756477,
208.079232,8.418947,
149.832713,19.347893,
180.687532,14.874957,
134.164260,28.948708,
162.378734,54.644348,
178.333308,45.080289,
144.274045,7.885801,
37.116905,3.875392,
334.444686,11.394619,
146.347057,37.719644,
18.334235,21.425298,
10.192344,18.906767,
227.115322,60.568740,
156.385717,47.822186,
168.702851,29.024422,
25.719271,18.516237,
257.387062,23.734824,
159.363293,5.849811,
234.736942,31.189690,
159.619687,44.161156,
201.660973,58.386113,
122.376143,35.363447,
149.615151,45.259818,
39.488361,2.568861,
245.780907,41.693040,
188.024537,53.646921,
8.390082,-0.316146,
331.944990,12.396676,
27.148570,19.697836,
123.871316,3.864748,
246.049339,45.187199,
17.763761,19.544141,
170.778017,46.000837,
149.357801,42.681450,
229.113628,27.674302,
132.976693,2.242520,
339.508681,29.515059,
23.542160,28.998600,
355.993007,1.120730,
135.930009,40.917530,
23.376395,-8.326629,
135.587189,53.043146,
313.882990,1.118590,
354.488629,10.419717,
213.077069,58.988340,
215.935167,13.135723,
241.475082,32.077435,
338.632155,3.612599,
342.351774,17.638516,
30.152633,-9.993327,
205.031830,24.128958,
231.178813,33.940189,
242.575391,0.475776,
159.205539,22.403639,
11.459951,-5.034856,
24.899275,4.717087,
33.718556,-0.279057,
215.905062,52.268823,
129.891224,50.412237,
220.135457,59.756541,
225.434683,1.260155,
130.393221,18.318734,
144.930873,2.425266,
19.597666,34.606205,
229.405409,29.085017,
183.340287,29.976792,
129.675144,8.165007,
206.478991,32.765495,
165.886531,27.905978,
187.924505,2.591290,
219.540753,1.244639,
240.047661,45.659582,
228.577025,8.257216,
208.820432,20.565467,
144.942982,59.462039,
187.154778,43.896624,
15.403151,3.605896,
225.129382,30.500760,
231.388962,38.747070,
195.515877,0.615826,
352.191745,16.607955,
250.080861,53.947305,
151.068985,20.195068,
153.122408,6.413986,
203.118899,6.088522,
147.203183,38.558973,
119.082558,49.957392,
225.963411,43.384587,
1.533519,-1.116869,
0.074530,0.436838,
198.477410,44.457086,
133.061787,7.466054,
124.008118,24.157181,
235.474602,7.962250,
227.081212,55.926462,
183.826256,4.952790,
217.545144,11.831927,
223.904591,16.438483,
245.516193,55.110160,
216.481335,19.277820,
118.091411,43.051873,
35.138571,-5.511210,
139.776569,7.088900,
18.932297,-8.654750,
154.101920,61.880259,
169.072156,48.991193,
21.658614,9.455064,
188.316835,17.815237,
24.376327,1.074465,
190.371911,18.613964,
139.583580,40.743541,
143.970749,49.887313,
163.168428,34.721792,
22.823786,20.142108,
325.212881,28.506247,
170.805250,38.530312,
170.287433,24.514723,
224.970937,28.544573,
25.779721,21.797482,
346.658176,1.281063,
203.527748,49.936814,
234.818822,60.753601,
135.453044,4.904121,
238.951847,47.327901,
135.807949,31.337615,
130.907313,50.588498,
21.589605,32.089541,
120.589544,20.938968,
241.688475,58.850258,
158.593698,32.824494,
197.775477,40.504132,
172.084152,32.988594,
183.505382,58.846451,
148.105956,2.167007,
254.473732,48.892501,
173.695630,41.347577,
167.390340,16.416782,
224.511268,52.878013,
205.630384,41.931027,
189.108087,-0.717879,
156.799605,26.310382,
162.296678,12.130062,
168.256916,8.744343,
176.678587,30.202515,
241.647299,14.661253,
32.287975,2.331701,
210.920516,22.667881,
247.110509,41.538520,
201.805162,11.106072,
158.036909,50.790532,
193.803733,54.107850,
234.026248,53.948039,
229.713015,26.278327,
157.934022,15.979124,
325.354943,0.532874,
337.139598,6.074292,
258.498018,64.160978,
225.285287,11.447789,
15.482880,6.006774,
174.705270,35.699022,
222.356735,15.569200,
136.223481,11.719431,
343.892133,17.735246,
182.438530,16.678618,
27.117880,14.583532,
202.931650,59.599247,
162.970574,36.886492,
224.595234,12.892939,
212.537828,47.713643,
138.190729,45.012936,
192.533828,24.593360,
161.584113,34.452355,
207.884187,50.132122,
248.061779,44.065226,
147.375961,27.322290,
149.641250,63.614935,
231.381800,45.438803,
119.225841,47.339064,
202.385052,49.552811,
312.218309,-5.486149,
233.546074,8.225868,
162.902893,51.926519,
244.948805,53.126447,
23.243521,13.001714,
215.240638,18.649433,
156.811572,35.721504,
134.112322,1.575350,
36.176342,-9.569425,
209.134483,52.939773,
332.416812,1.910985,
321.851385,0.788388,
139.915917,44.422111,
22.906776,14.804392,
165.545137,30.784095,
116.958713,26.580140,
124.058083,49.240842,
129.139185,14.489382,
170.963379,15.944775,
217.955795,5.814563,
253.073834,25.523134,
149.848970,44.795967,
183.571435,65.018885,
244.306590,59.529910,
146.180172,7.726612,
19.272101,10.376400,
117.939464,41.977232,
200.173608,34.717962,
253.920499,44.456582,
194.391029,3.610328,
338.626086,22.182431,
203.763934,41.415016,
121.589377,19.244737,
23.669362,2.086153,
151.550583,25.632056,
233.060108,42.798698,
142.497601,27.094903,
34.565376,-8.598219,
139.983824,56.122353,
200.825215,29.295529,
258.011592,44.226969,
27.996648,13.590817,
142.493433,20.600364,
223.858792,9.177595,
223.506394,0.139648,
23.532763,13.945567,
335.289275,2.631309,
348.164386,5.728232,
186.501929,49.624137,
174.630916,35.290360,
48.716950,0.229539,
199.394892,28.877948,
164.225595,34.122647,
167.361271,42.432795,
344.982327,2.140318,
6.165167,-9.266849,
212.122661,40.311037,
164.784766,39.125087,
176.827211,37.947852,
332.795566,19.321081,
337.116373,23.101835,
46.155084,0.791432,
194.040994,12.178827,
138.882626,19.914945,
220.728964,59.915082,
169.081973,0.796287,
150.142205,37.585559,
46.832973,0.760773,
242.286714,29.961133,
232.105564,25.507074,
339.882346,32.005281,
201.076059,58.819915,
230.664396,31.479192,
14.348119,34.388397,
167.350768,12.406674,
9.611916,9.210055,
125.141296,34.518732,
144.397446,53.540105,
212.713477,19.067512,
337.913484,13.797463,
172.680258,10.564320,
164.095847,10.375510,
252.604675,23.698010,
256.507796,46.856155,
113.976110,17.834587,
137.043143,2.638534,
201.574060,30.970738,
141.478065,29.020710,
332.570741,-1.543858,
147.803513,2.924265,
340.079761,3.849774,
160.392015,49.430857,
196.864293,8.613853,
166.534331,43.879755,
156.822674,23.412574,
253.603061,21.509528,
114.946568,44.876885,
131.714350,39.293495,
164.403732,32.115477,
246.161307,20.398569,
28.946931,24.234350,
142.389016,35.278255,
152.736211,35.975940,
170.566101,46.761647,
162.249949,54.855632,
174.100088,17.531040,
239.712943,20.230355,
154.444431,20.857594,
211.638798,60.345483,
169.430012,12.765276,
43.798307,0.049588,
113.598538,43.086519,
129.690059,17.482208,
207.075645,7.655825,
150.397816,42.902399,
139.288079,4.023406,
218.962068,59.216448,
170.259586,10.486587,
35.358722,-4.280613,
318.798966,3.536988,
320.593227,-8.380150,
19.955332,-0.261676,
124.685745,35.073988,
258.606413,32.167722,
210.267411,63.876125,
341.480935,5.454157,
135.461947,42.739529,
209.236284,21.938164,
131.522534,52.465833,
192.983882,56.200840,
153.973931,18.706912,
16.204074,10.447470,
187.036289,5.145258,
169.501487,13.477095,
219.825935,43.090698,
259.825641,31.065969,
252.381454,40.968362,
208.274003,39.205385,
359.343751,-7.526114,
159.527389,2.042884,
248.200863,49.864026,
219.676504,46.222333,
246.365140,45.079502,
177.690051,42.666984,
191.801334,37.117286,
220.948885,49.660408,
347.790450,2.386282,
205.296591,42.492332,
218.442660,10.271709,
162.953287,21.331198,
186.703331,43.313678,
8.483116,1.455791,
232.213142,49.110237,
244.123219,15.762764,
341.426190,6.325900,
224.256014,23.507726,
159.873308,32.142512,
41.637721,3.333868,
182.484689,-0.013926,
206.938050,3.848868,
343.513628,1.909786,
138.237832,27.946310,
168.108528,35.430941,
126.925016,51.512442,
142.010995,5.568032,
140.374311,9.804408,
241.478277,29.810611,
134.039445,37.824692,
135.262243,35.824596,
130.774219,7.771186,
15.409584,33.266683,
202.083181,57.876735,
249.408411,36.918295,
123.616381,0.602448,
157.290312,56.347849,
0.508114,27.681406,
121.162405,29.016809,
260.783955,52.748753,
137.946156,33.496378,
329.793154,24.356802,
35.039651,3.795688,
238.168352,19.804671,
338.887845,-8.222785,
142.206946,18.663110,
136.470518,17.212397,
27.203063,-1.744698,
156.735815,38.478851,
194.452208,40.727946,
133.125860,21.872238,
224.341812,2.895134,
159.289729,28.044667,
191.722296,27.300477,
0.721911,-8.925260,
210.956409,43.336134,
177.718253,31.253583,
44.839190,-6.901007,
194.776333,16.195276,
173.433497,24.280421,
183.532622,63.000147,
157.692929,61.107229,
114.232227,32.120681,
29.024030,15.290779,
236.710031,42.283348,
163.299964,26.024401,
32.663665,4.060859,
11.499088,18.500235,
202.442988,62.144380,
334.167269,0.272229,
344.666148,18.076426,
137.033053,23.101457,
249.124746,14.342390,
229.693556,45.090331,
129.521581,48.793332,
6.932358,3.881960,
27.168989,-2.324586,
148.387546,51.386045,
175.176208,-1.402202,
188.145500,54.040355,
233.034747,34.273573,
162.561691,33.170317,
112.713916,40.830782,
5.578258,8.864513,
114.602169,20.912453,
130.685666,59.209880,
11.833972,-6.836362,
217.184856,15.039374,
151.757151,26.596725,
148.602573,37.515810,
165.590781,50.016428,
165.656879,5.867495,
134.232775,18.950862,
354.857793,10.907128,
17.413908,5.001654,
35.660657,-8.022967,
195.054321,41.711366,
229.028972,10.689813,
337.366453,20.762074,
218.662679,42.762160,
356.477279,-11.075572,
242.266871,5.520516,
178.246831,31.831263,
236.343835,55.004950,
141.532980,22.444097,
236.836159,40.408585,
227.717054,32.741241,
211.970372,63.468569,
172.448944,29.551168,
15.402211,2.052912,
149.104539,40.840706,
255.074789,48.671744,
160.684756,42.096794,
25.356108,22.221088,
128.586342,31.160812,
327.293074,3.043649,
132.058643,57.419280,
166.850519,33.279318,
143.960597,14.586938,
18.908840,7.978237,
164.649533,63.778965,
197.742251,1.139501,
127.638035,43.849198,
12.964871,31.162535,
117.352861,27.660414,
161.329457,22.839452,
146.527576,43.039584,
232.491863,60.858343,
135.479376,39.198110,
324.433016,12.391696,
190.146552,26.226239,
247.516709,41.683398,
186.303900,12.309912,
124.335653,10.460688,
126.933859,6.752415,
163.246702,24.889636,
148.339504,55.560490,
6.449144,33.069804,
132.839140,23.052374,
192.270821,25.023274,
205.496125,37.888411,
21.434227,29.971049,
156.905101,39.594491,
27.237703,-3.712207,
193.113676,0.167233,
195.724803,3.476190,
213.916195,34.872267,
227.407382,54.605273,
132.064075,49.909045,
178.204930,59.448017,
212.176459,3.575479,
264.052917,54.335883,
4.518046,1.008716,
235.748348,57.396227,
187.394933,10.589009,
27.753215,0.943026,
225.024934,18.548294,
353.367052,4.365729,
15.129654,25.658514,
114.132073,47.407037,
19.316476,0.440832,
163.926754,38.054156,
350.664083,24.106126,
345.818358,-0.203211,
113.303680,26.662138,
255.588883,46.186972,
170.969477,26.190218,
153.048495,0.622071,
126.017675,59.066058,
176.847492,60.983556,
230.077219,61.102673,
188.330593,25.030120,
169.181107,39.663056,
222.842550,3.760713,
129.354210,30.978981,
226.129598,26.549990,
347.050632,-1.048972,
153.048685,61.469505,
195.707813,38.621736,
359.068278,-0.549499,
5.654390,18.579126,
174.215261,44.837912,
156.480487,54.265017,
116.101039,38.320403,
157.012310,33.431054,
9.807497,20.213565,
130.949372,20.631246,
194.696418,66.806698,
133.520162,19.561640,
249.102021,49.746125,
28.925130,-8.127633,
157.818067,29.729294,
4.287108,30.577463,
6.663489,8.288254,
336.646500,3.219812,
259.835292,29.093839,
6.262550,-2.834116,
216.699382,14.438559,
7.562521,1.224636,
121.962591,26.637264,
139.616438,21.899178,
176.449798,8.629001,
184.305111,53.470407,
217.512787,27.287932,
7.694236,31.464818,
335.934717,1.449719,
206.262131,5.550375,
10.964255,0.165797,
162.050922,41.646786,
30.118249,-9.649727,
124.841791,56.578589,
35.845535,-1.262003,
115.393633,38.266464,
162.454069,51.000255,
347.845013,-0.960379,
193.115785,39.026141,
142.132780,37.214431,
197.553454,16.323894,
241.245380,6.403356,
185.541658,23.722511,
168.011399,25.738861,
147.862813,49.546640,
145.653063,28.281999,
161.650780,63.868081,
197.466977,25.395727,
117.358424,16.283348,
210.374976,54.878810,
357.250783,27.967503,
121.106214,47.279378,
353.754074,4.742351,
170.687244,1.737186,
23.075131,3.909242,
166.627196,24.162739,
136.010359,47.459251,
196.326817,47.422933,
359.496428,28.568914,
186.071509,28.533920,
10.821074,30.728667,
207.554647,46.292111,
186.251396,8.917510,
137.101077,28.467624,
165.218081,28.633682,
14.297641,-0.333528,
160.361931,53.697627,
225.885177,57.288214,
214.849989,21.890640,
329.638169,14.586365,
174.158059,37.661058,
176.152714,9.984706,
123.372064,48.574407,
182.417667,37.710776,
141.933039,17.894741,
341.066094,25.399086,
226.969969,61.772723,
122.283914,46.323777,
175.198997,45.066577,
210.685207,36.574294,
130.260102,54.195713,
185.307505,57.321711,
339.921571,21.392259,
232.289740,55.044126,
71.582670,22.962065,
201.841417,47.148776,
172.697217,8.764019,
185.116994,40.843063,
173.889609,65.605497,
3.250624,-4.661809,
138.126563,35.260749,
193.196986,-3.237450,
120.104627,44.289771,
175.638687,39.383704,
217.028048,2.069715,
241.189976,33.932006,
355.534146,14.697548,
185.266401,36.233366,
217.063900,4.202407,
139.114646,57.731542,
247.466144,15.138733,
164.724477,51.133996,
30.537096,13.106575,
334.834356,20.273440,
231.363945,6.169799,
183.730791,52.199555,
187.564247,33.217303,
30.306367,-0.456675,
129.306447,43.889829,
146.593402,18.888484,
15.200835,32.485366,
188.482002,13.075425,
160.161961,33.051537,
144.077524,41.597386,
232.402987,6.679374,
145.346636,18.351725,
184.507628,2.977865,
359.056422,-0.688902,
237.445162,61.569546,
358.232765,33.322167,
195.248405,-0.790729,
258.115616,57.918599,
128.945204,14.532318,
14.156666,35.238089,
168.016934,38.805201,
218.234036,53.669069,
20.188282,32.054661,
140.569332,52.230841,
349.178275,7.487157,
206.077195,43.059005,
255.018087,27.047040,
150.135665,40.549388,
228.445642,43.820225,
170.659060,2.480032,
6.558033,30.277358,
202.281874,-1.218728,
185.839104,8.243133,
179.491525,48.948827,
223.700357,50.485285,
20.068621,3.258774,
158.248645,37.879892,
175.399161,27.868020,
121.423601,25.993911,
6.626401,6.397229,
186.487991,5.725105,
26.461993,-3.466137,
185.381393,10.107643,
149.792962,2.125635,
169.599471,16.289495,
8.598377,5.653190,
194.532333,55.029804,
255.393876,32.599755,
9.549626,1.858664,
26.215856,12.560841,
353.654669,25.937552,
344.191986,15.649408,
43.032651,-4.652583,
186.787246,19.964413,
144.857016,11.377413,
7.047287,18.827502,
121.125106,40.846674,
203.493289,15.472404,
175.410507,39.438376,
225.275784,14.709085,
223.553554,49.444556,
125.774792,6.825144,
218.776897,33.923908,
1.823535,5.337444,
182.638265,55.864756,
220.544654,36.273374,
169.937903,2.922087,
1.699578,8.436063,
187.997529,39.775878,
228.861251,36.867580,
251.257095,44.804347,
169.306838,33.286813,
144.475469,14.032263,
223.147998,8.721422,
130.089652,35.855170,
356.302558,32.787439,
257.013869,42.922476,
114.728221,33.230774,
240.418135,48.977457,
5.968463,-0.020250,
359.987496,9.740664,
176.892290,31.859703,
344.721155,25.218513,
241.487114,43.401182,
193.566562,62.866474,
169.844234,63.161582,
261.953831,36.763521,
248.687365,16.215614,
162.340132,7.051985,
220.398197,51.173085,
205.883354,11.205575,
209.029633,17.882892,
152.422777,31.017345,
237.617204,4.011493,
210.374834,7.316252,
359.616977,1.503262,
12.581562,-2.148623,
110.782763,42.109483,
24.732152,17.305663,
339.331607,24.770989,
154.530839,25.802856,
161.516886,14.044787,
126.833869,31.657741,
12.650549,4.156725,
355.911935,34.259353,
46.245707,0.043268,
56.322105,-6.588669,
168.933869,66.996500,
213.017832,62.563866,
3.052801,-0.019362,
177.419248,42.848244,
169.251465,16.062732,
6.281082,-0.137999,
133.711133,19.510031,
7.895399,-1.258094,
234.583624,27.658100,
244.154828,39.065791,
350.106092,0.462247,
326.189307,0.150663,
345.102477,-1.022864,
332.768361,19.872976,
345.936928,31.355414,
2.018352,-4.500669,
163.005668,44.238845,
166.042673,24.749256,
324.318692,3.279084,
139.710696,25.270072,
140.507761,49.669637,
50.823709,5.451010,
221.729766,-0.229528,
23.920758,1.734579,
357.640187,-1.315598,
153.222093,30.569763,
57.711774,-6.204812,
353.029477,2.146593,
245.630807,34.174768,
190.003605,7.668589,
236.014685,5.355668,
232.295605,49.058974,
204.513971,10.844340,
42.219541,3.916031,
145.737591,-2.743587,
191.981171,41.480511,
206.221793,54.951517,
138.482268,0.123799,
131.200125,29.704620,
231.129684,36.913525,
227.382629,21.565241,
216.648239,34.704238,
155.201048,23.058709,
118.986316,20.352879,
199.635562,11.033399,
160.684394,4.118219,
157.140381,32.331040,
242.228070,52.366309,
179.987344,64.735038,
132.758780,10.044386,
241.634374,22.337711,
176.410686,-1.282248,
21.397574,1.523821,
212.053970,56.225695,
133.065959,17.192506,
359.875289,0.144315,
9.236674,16.020323,
227.412430,48.689339,
0.302628,-4.097951,
136.256773,24.339289,
194.125545,45.475366,
20.688111,8.145968,
25.466433,9.081045,
240.573890,41.633721,
219.443440,36.668743,
208.884792,47.477050,
9.503840,1.559159,
233.284562,16.542758,
38.537387,-7.852124,
24.217426,-5.996870,
1.404067,24.135711,
327.261919,-7.685125,
215.406829,37.764043,
251.548939,52.852986,
18.379594,2.680888,
14.460196,-2.752385,
28.941719,25.935791,
17.906130,18.546992,
182.426978,45.868902,
2.410870,1.650026,
243.637885,11.965362,
29.837135,9.417303,
34.008986,-3.527979,
17.634001,10.110932,
22.456009,13.945718,
169.303541,24.370720,
140.229984,27.401022,
182.745735,56.194990,
155.044542,47.062237,
194.815049,28.134680,
330.579509,-1.232895,
223.716490,40.472317,
172.792612,65.170338,
232.495674,41.931859,
328.507820,1.564790,
151.966000,40.250933,
234.321907,6.899183,
198.869901,35.955788,
150.745360,53.106790,
357.126740,0.655151,
230.741918,55.726876,
192.429664,34.131988,
149.093941,36.209330,
170.843831,63.104002,
256.477098,37.317938,
348.199862,-0.053847,
130.865954,56.975632,
225.288738,18.548419,
206.452018,31.249726,
204.243935,10.135634,
220.537695,40.755053,
180.221060,42.944542,
335.778930,-9.558065,
245.153421,13.626455,
184.965244,36.204659,
22.908313,0.700042,
21.281371,-1.203655,
0.061779,-1.175200,
15.818546,-6.860105,
177.335114,20.275836,
190.814980,10.559645,
203.713511,1.204513,
226.091421,27.594712,
138.109158,34.735108,
168.375375,4.234578,
229.247749,45.491937,
8.586497,7.034051,
168.264739,31.199729,
154.263516,59.658823,
234.076433,1.914037,
249.518056,50.597259,
131.262035,20.147455,
11.159212,17.836651,
359.126593,15.373475,
153.612016,32.687628,
124.221107,19.622858,
245.971124,8.733005,
37.852981,0.103081,
167.144994,24.436784,
141.430886,30.255423,
206.386529,32.887017,
142.990125,4.329134,
134.623884,1.422785,
118.645581,36.846531,
127.643670,7.277474,
200.107573,35.666393,
185.669508,57.443453,
203.962546,51.896194,
162.376980,59.342409,
220.480856,22.186568,
244.447870,37.146255,
132.399801,8.172317,
218.751459,50.630450,
24.199317,4.846366,
359.446295,29.681214,
224.919722,18.682642,
211.816999,48.031373,
2.223695,22.671059,
194.249690,4.459556,
232.161734,38.315428,
235.010215,38.310598,
195.772166,43.726573,
177.007076,47.917835,
11.784175,27.216441,
348.933977,24.099997,
123.984348,11.003004,
314.130107,0.257692,
177.685870,45.529451,
1.280282,7.371878,
16.374210,-3.880484,
127.639237,35.112770,
223.391920,40.534497,
5.905322,6.115671,
141.570318,38.001782,
256.024299,34.369388,
358.079420,-2.505938,
151.438822,30.141180,
197.170110,12.193641,
219.411522,63.077593,
200.158841,47.262017,
149.246389,4.059281,
207.054567,-0.512723,
152.608371,42.581308,
195.126479,47.222905,
185.670591,44.410837,
203.912181,54.074307,
118.629091,34.362370,
139.586481,56.146400,
162.111352,54.163575,
184.015516,30.028845,
247.016802,15.247537,
217.541785,57.668569,
351.105065,1.766535,
165.211542,26.244667,
121.505756,38.363899,
196.438364,13.794368,
166.100402,1.389026,
188.820327,53.757527,
2.428948,34.778918,
7.322132,-0.428044,
327.488220,4.233682,
151.018024,69.037119,
131.725635,9.028869,
157.683251,55.350450,
132.408919,15.106032,
211.657816,37.316097,
229.985495,3.146295,
137.585113,28.596531,
325.786982,7.949808,
163.677970,10.722399,
321.772740,3.997683,
155.167523,3.330809,
219.916991,53.074898,
247.951255,44.993036,
115.651907,23.522738,
243.337939,48.235625,
319.564003,-1.092458,
155.294183,13.022420,
224.067640,41.576058,
124.679510,35.900346,
187.407424,40.939666,
227.419507,57.303284,
357.851428,24.583407,
147.483391,47.742872,
116.338422,38.235929,
235.491516,8.561373,
191.287180,38.811751,
174.063090,10.575247,
324.136587,-0.144915,
134.796771,42.688488,
27.070839,21.126405,
249.025037,17.166888,
200.951528,19.578632,
15.005577,20.887862,
183.299038,54.084471,
197.425644,-2.447862,
237.572324,40.253066,
217.154893,18.286643,
152.994453,38.884896,
340.593739,28.872285,
19.000313,25.406714,
18.644460,31.908183,
145.992829,54.777189,
170.430122,30.536111,
163.993574,41.270218,
241.510630,4.886138,
118.218867,44.540666,
233.505613,39.399310,
208.217010,32.211006,
215.689818,11.438246,
198.690411,21.953654,
114.928661,18.449957,
144.972816,15.759237,
215.280350,61.343961,
188.477250,38.650186,
142.294051,26.997280,
173.543344,47.015848,
188.095682,41.758074,
133.522702,24.638419,
187.215707,48.967023,
27.718856,16.194510,
153.696107,23.021275,
352.925718,5.602912,
218.310624,36.685103,
35.751748,0.880574,
13.778821,6.348621,
131.774596,35.837755,
137.501306,45.161150,
179.102585,32.647756,
343.692649,27.881572,
159.526828,31.094784,
173.353799,13.948486,
157.911503,30.779949,
125.241172,31.900239,
131.391308,44.971683,
196.231995,59.676248,
323.221974,0.936582,
201.945307,1.623040,
230.506241,16.976232,
207.647735,30.277176,
25.062744,30.339745,
172.920014,14.171692,
172.981994,21.497991,
190.226673,31.034747,
257.050354,24.232718,
251.359030,39.977163,
241.566032,16.638398,
257.594200,64.100837,
218.470820,29.069430,
219.647042,37.248593,
335.783714,-2.846040,
140.714097,32.655000,
197.577037,12.549939,
3.964346,21.201045,
229.447636,2.551872,
23.956388,24.197148,
135.153816,32.618848,
29.763551,12.863153,
111.413380,34.878404,
170.284384,0.572475,
172.170587,10.598169,
236.668435,43.878455,
220.512237,14.927562,
247.895014,32.838837,
160.008473,23.272839,
156.980526,18.156553,
130.849034,39.242939,
130.048399,15.404418,
355.599807,18.661343,
237.986825,56.114973,
116.289080,22.461015,
149.851827,11.517868,
191.499982,43.774151,
182.853755,38.568437,
210.010031,30.289585,
158.854412,58.059912,
165.017673,14.776826,
185.202340,52.006264,
251.219062,37.502580,
227.356383,34.314388,
203.396858,3.651929,
321.373265,4.580053,
206.079149,40.383114,
223.286427,58.053703,
41.963667,-4.717482,
171.592441,49.570507,
176.203999,31.115944,
16.220717,34.141992,
343.865533,3.842579,
18.832016,27.032667,
172.663310,43.242860,
194.073975,68.305530,
238.182803,17.982722,
26.902411,6.719083,
205.600835,62.397498,
179.640345,48.394510,
148.005940,56.814204,
158.094926,59.968199,
4.136820,5.176943,
199.785183,33.473574,
195.814600,2.383137,
326.416921,24.436603,
179.969541,39.040799,
221.737130,44.931891,
343.046855,4.451316,
170.738367,26.918029,
192.045296,34.697650,
359.038848,-9.241382,
237.613932,36.359798,
246.842013,19.785325,
186.565658,19.428662,
231.708448,32.601466,
125.819056,22.701287,
358.722847,29.737373,
328.344213,25.206078,
224.847739,35.107670,
216.770023,11.407053,
199.105172,11.766890,
146.749859,41.959198,
30.713930,2.564758,
170.371057,47.919388,
161.165616,27.580425,
164.751686,25.093262,
225.764212,60.358071,
13.786485,17.193415,
152.796770,34.263529,
179.245212,0.932065,
161.506599,8.543057,
15.693379,-3.426353,
318.733777,0.439067,
22.325451,1.970289,
319.371554,7.738182,
238.760319,30.315091,
131.666573,49.241353,
16.494232,32.318657,
161.416019,37.459515,
358.848501,18.883689,
138.003544,27.532751,
206.071080,-1.953129,
327.794749,25.746688,
157.656535,34.883297,
192.990010,20.589646,
17.637571,15.348109,
326.027424,25.538382,
237.968600,19.184461,
209.407667,14.014188,
236.063587,47.662325,
134.804069,54.493630,
10.766964,5.528169,
258.783667,55.490263,
12.611197,17.783912,
185.002571,66.410676,
167.287283,24.275677,
205.258406,59.158893,
42.586262,-2.332861,
150.942310,5.038407,
185.725661,6.178158,
159.989697,8.225925,
7.513175,-3.350027,
173.756953,34.269182,
354.987110,10.738654,
244.164486,55.408408,
186.123321,48.293774,
217.830134,62.404456,
189.471005,3.392738,
114.878814,23.353774,
256.444763,28.779155,
219.311105,35.381778,
3.099826,19.581729,
127.385724,41.211260,
179.121776,37.490153,
226.144668,47.201415,
331.838368,19.969425,
241.408384,56.238783,
207.028325,43.047791,
225.382292,13.760694,
180.094075,5.822333,
32.753468,-9.860684,
338.149144,27.896516,
318.786429,10.720387,
153.973060,35.575030,
5.458074,16.035755,
165.916277,1.324587,
238.291338,17.334544,
129.368349,29.770861,
248.717383,43.370276,
31.796391,-5.262308,
141.991839,59.182936,
131.204942,63.113147,
149.596152,37.205091,
144.079418,40.603740,
353.311836,15.710141,
209.866811,16.352240,
29.281905,-4.973549,
130.093413,23.288057,
12.934803,-10.097074,
140.669726,38.538274,
187.750739,19.906248,
42.429068,-6.022611,
177.359835,40.488466,
241.104873,26.289688,
338.701886,17.603426,
335.649182,1.805171,
154.952349,58.928310,
237.244555,11.076783,
212.677903,27.698677,
223.797708,0.362793,
148.354926,39.140930,
111.258981,40.712798,
140.019912,50.312517,
165.883618,50.176499,
39.309710,-6.323340,
114.369289,28.781965,
228.280766,8.886004,
40.956311,-0.152255,
34.218631,-0.393158,
245.465233,33.998918,
208.762724,51.954568,
20.721761,26.159987,
134.962099,31.469195,
351.331931,1.259787,
183.765963,32.620036,
118.985763,40.672697,
184.584913,20.010873,
154.861682,9.670398,
123.434983,40.931179,
229.404796,26.255878,
160.469239,-0.183926,
176.286782,18.650837,
204.022991,61.494202,
151.053590,46.439607,
170.279283,25.896634,
214.121833,34.582352,
6.433796,-3.616263,
7.122830,10.128927,
209.094801,14.598481,
179.634599,54.752688,
131.429788,8.911360,
175.430497,11.764082,
127.778542,46.177153,
154.821615,48.935988,
26.717470,14.078481,
16.601425,-2.723935,
178.708666,8.060965,
11.190417,12.838852,
186.284498,49.472644,
193.559492,2.688214,
241.832794,29.847003,
9.706500,5.391294,
214.960810,39.029217,
206.409470,39.023162,
131.942165,21.920831,
8.247839,19.819279,
126.407456,33.241230,
5.153096,-8.436949,
25.494974,10.863498,
180.778897,42.061905,
223.369249,55.255832,
159.103585,48.892691,
139.499278,4.035787,
126.707766,7.113031,
235.251978,27.265295,
136.781645,11.373127,
238.607563,39.797005,
218.960295,46.201823,
241.425898,36.292610,
42.907028,-4.998101,
203.827354,41.680028,
334.592921,26.066815,
132.775694,-0.429039,
175.613870,47.109563,
202.163866,63.528278,
5.693356,23.942475,
359.679213,20.968117,
159.905273,14.655287,
206.576282,48.781118,
137.954346,55.738812,
17.094876,-3.630561,
7.190267,20.425222,
29.991267,20.733389,
115.791576,40.134892,
122.660679,35.053770,
201.670587,57.868707,
138.614361,38.478591,
186.669476,4.452214,
3.420758,1.909584,
223.469709,56.205576,
233.010908,35.382643,
150.152619,19.087057,
31.643145,27.743730,
214.654755,44.250985,
137.655266,49.049378,
195.953919,0.336256,
244.526332,42.425572,
217.942400,31.351628,
164.571083,41.728307,
29.996153,4.405372,
214.369824,15.732406,
214.723561,49.015524,
27.559030,14.454668,
18.126501,35.236335,
144.031826,5.740085,
205.260622,56.537772,
223.875128,27.873147,
139.820725,11.623053,
143.433641,29.344831,
175.766031,40.011881,
18.132464,19.728873,
185.774140,8.947632,
0.166211,32.441893,
154.046843,52.492973,
261.582385,60.266664,
192.691546,5.180724,
130.005816,43.232744,
151.548862,3.926242,
184.783577,10.882465,
172.327397,45.333769,
49.527238,-6.548443,
142.711448,-0.630202,
218.955473,46.764347,
256.427192,21.649374,
234.717779,56.048230,
181.654430,56.696289,
4.282405,28.415373,
168.350196,4.674757,
30.529927,12.502230,
168.385829,20.280197,
117.946002,21.812024,
23.684447,7.732300,
218.689930,31.566683,
237.633825,50.874414,
187.290172,9.636141,
215.254301,13.624330,
133.057269,44.266063,
195.780142,31.825831,
222.357349,9.870619,
188.359013,59.142803,
213.323289,50.094104,
350.314534,14.358740,
232.469715,28.683852,
17.063587,0.119071,
29.893826,30.152148,
154.147503,61.828054,
10.286184,22.567132,
214.132102,2.886080,
343.742825,0.233246,
344.807265,-8.738802,
124.465044,37.637528,
227.356106,51.438116,
200.844826,51.625179,
161.163684,17.701632,
198.364263,35.773564,
142.778543,13.124424,
169.039269,6.869598,
200.725614,10.275802,
208.924138,62.309568,
210.434200,51.940724,
246.757237,34.383087,
163.898946,36.884140,
253.134018,49.342550,
192.349297,34.402877,
189.117303,40.179476,
233.760063,-1.638755,
141.896972,36.230111,
222.938244,53.906035,
36.669677,0.109120,
183.769062,7.496195,
133.932770,32.299442,
136.277519,23.313891,
21.571724,-3.550720,
37.687213,1.212778,
130.535060,57.107240,
31.988247,-4.181062,
240.071273,27.905675,
331.002069,-3.243556,
240.191107,17.374108,
358.426031,19.575762,
200.037104,50.175692,
208.814372,19.417947,
174.341884,41.665443,
18.028315,7.483036,
1.342650,-4.633853,
121.487487,39.143578,
203.190467,51.344262,
140.372772,19.431002,
144.557446,56.280573,
220.229180,60.655421,
256.802510,35.656240,
30.726348,1.178452,
134.112911,7.675487,
358.189850,24.083036,
19.859022,-2.858183,
143.971273,26.307893,
162.896517,28.777959,
125.909555,22.809197,
217.806708,11.836116,
180.676691,25.131587,
182.286244,30.708015,
121.026260,47.405169,
47.828220,0.265964,
148.747388,67.728913,
196.335969,39.518405,
218.000524,49.720721,
184.646551,10.184538,
171.090230,33.865751,
244.583410,21.701465,
245.731800,52.864392,
8.005613,31.829281,
137.077812,11.982084,
129.337251,48.562294,
172.826530,24.364425,
127.164562,7.233778,
135.201533,41.434779,
11.169070,27.946150,
310.468285,-5.705297,
322.662106,4.204817,
354.408624,27.181185,
185.510276,34.995356,
174.638446,53.486120,
134.188521,18.095448,
122.645996,16.682679,
154.085757,47.707605,
191.701116,58.591926,
254.655877,22.142184,
185.247877,30.363572,
345.984576,21.218797,
151.512380,54.855887,
260.181831,35.328415,
242.763313,19.244943,
233.178493,35.068921,
188.664297,-2.829500,
134.084377,39.721449,
178.890074,39.566444,
131.001547,36.162116,
144.672493,1.584292,
357.229361,0.427537,
186.325437,65.604352,
159.561937,-2.484529,
156.900058,62.394159,
252.811688,21.902598,
220.425456,15.187248,
127.645167,45.866982,
155.719881,36.717689,
159.320782,56.582475,
260.067998,39.385342,
326.328237,11.257588,
146.053370,22.107827,
334.100482,26.879444,
332.020389,9.675368,
244.029657,35.354969,
238.357034,50.788753,
142.586205,36.955375,
217.992689,51.728148,
191.795891,61.404835,
162.108475,39.186229,
163.658093,58.039962,
223.060004,5.512909,
328.506279,4.224004,
183.934870,42.206039,
238.926104,49.359081,
11.844739,10.052504,
359.499109,21.855491,
343.673918,22.556681,
185.006673,32.427466,
134.004442,-0.020934,
150.092503,34.041086,
158.794966,27.214801,
325.821590,26.601518,
227.962950,52.427772,
20.937001,12.649304,
211.180242,-0.095044,
125.455099,24.866541,
154.740560,27.989220,
219.021069,3.633884,
168.996333,42.889132,
174.730918,51.808717,
224.018144,13.147780,
211.784041,14.263266,
173.260651,47.939717,
213.923282,2.759959,
215.917303,46.286102,
120.495549,46.062575,
137.318254,34.653310,
211.449552,26.321884,
200.302334,59.223395,
216.638784,35.032414,
244.688404,46.031070,
352.937250,26.731646,
171.782776,20.649700,
221.774212,55.632161,
126.952670,25.209809,
239.695765,4.634051,
320.147990,2.888036,
1.433577,22.122923,
15.483338,0.691416,
199.818761,9.419132,
185.610876,5.825092,
355.906428,-2.724243,
27.870308,5.432620,
165.362823,24.953728,
11.271459,10.336398,
322.094720,-0.026460,
194.281843,34.818270,
219.171844,0.266373,
244.438928,49.901243,
183.576164,43.033775,
119.248270,45.475162,
17.078402,26.408076,
213.884121,40.831004,
233.458984,40.698721,
167.722455,65.078741,
151.272389,35.149621,
323.671174,2.379623,
180.910272,28.091191,
350.004387,-0.914039,
16.057769,-1.264487,
114.529307,21.458212,
241.158515,32.565402,
244.960161,37.420947,
199.193515,55.466025,
248.406388,42.114671,
112.841220,27.091395,
30.734848,-2.791668,
153.084877,12.730628,
346.416194,20.575021,
131.141491,13.120727,
352.280632,18.868242,
129.139781,55.545850,
52.785025,-6.744570,
135.154764,53.130003,
230.121081,28.991163,
343.592219,22.769998,
131.912553,3.206172,
254.184302,37.098715,
153.414415,48.775249,
241.260890,37.602096,
20.458576,1.714863,
115.225221,33.335082,
229.096618,18.739583,
154.087963,23.130743,
134.335325,42.440029,
167.880555,24.839873,
173.381568,46.250636,
249.233569,44.507524,
251.373053,22.619701,
209.812799,42.653088,
189.238370,26.950357,
237.963116,-1.008879,
357.048380,25.392937,
178.345262,7.921314,
222.703106,9.679357,
158.338400,1.706398,
211.512125,7.723325,
120.417135,37.475462,
129.585537,42.890399,
248.696108,29.620360,
15.479981,13.860493,
167.135320,6.927410,
355.022589,17.601472,
168.078742,30.760987,
228.620896,47.402688,
227.757420,42.586342,
244.987989,20.061869,
208.553065,56.964439,
199.402045,34.421080,
203.470184,52.994576,
344.480521,22.091496,
193.565133,35.695380,
356.188111,0.448819,
338.888143,-9.523082,
14.842759,21.755220,
199.291712,41.362308,
168.450242,30.680235,
157.739685,27.933978,
354.968707,0.485186,
191.971956,32.228199,
208.658620,65.985101,
13.953691,32.425067,
213.513027,0.983559,
144.889657,12.009320,
357.336007,26.273631,
15.214009,31.582414,
215.391583,58.081800,
9.918249,-11.014453,
16.150375,-1.896351,
129.342191,57.748547,
128.163295,54.853677,
2.508524,0.706842,
24.470891,-2.292182,
53.091157,0.013568,
133.652515,51.188035,
208.952737,39.284919,
209.870325,6.973268,
220.019334,22.630676,
137.399660,6.639234,
351.129187,32.815849,
171.861733,65.527531,
195.909758,37.831434,
222.643744,41.281022,
242.307949,47.692146,
321.091682,1.406597,
21.983619,22.367842,
33.570658,-0.874763,
172.785179,54.955844,
0.798262,25.238943,
158.944862,54.842321,
121.275709,52.154354,
134.134382,50.630017,
244.881086,52.791625,
158.374929,60.942845,
12.218412,-0.408569,
33.162174,31.686419,
218.758752,22.827110,
163.294234,4.940166,
116.653255,29.720468,
4.721292,8.051467,
158.820827,28.615160,
166.950000,21.335136,
235.512048,6.598938,
351.633806,34.432670,
248.125262,14.320293,
218.679647,-2.187179,
114.434170,32.744441,
358.060590,0.126124,
219.690187,53.243319,
112.580334,25.633030,
173.146122,3.564377,
26.960033,27.796094,
230.931313,42.311478,
346.846485,19.511156,
330.416647,11.694672,
120.268504,23.450680,
151.975875,27.155018,
356.390766,33.476133,
50.671917,-7.759632,
155.014924,47.752475,
174.400039,19.723427,
358.608985,22.994063,
228.694187,18.374466,
249.282821,41.354603,
185.855949,14.619408,
193.908780,59.277472,
317.345016,-6.064615,
226.510915,7.175830,
173.465350,37.331478,
214.894338,5.057531,
129.832840,16.129087,
178.561618,46.238683,
20.755071,-10.450816,
173.700556,59.662718,
182.470632,1.356498,
2.857304,-10.952903,
355.214083,9.060490,
143.326771,41.165673,
116.437557,39.450269,
39.332731,-1.766355,
177.595897,38.856593,
167.302041,49.155241,
329.312799,7.547776,
189.078349,57.095335,
114.653328,17.639112,
157.282543,41.603271,
137.066354,12.427370,
8.850924,10.508529,
222.563234,49.665308,
160.429580,19.956162,
351.546242,6.433654,
19.874125,29.399413,
25.269744,18.862761,
205.395699,65.161703,
209.535905,62.329620,
209.039076,24.929124,
249.450371,23.375093,
120.941559,29.668073,
194.865258,35.855497,
145.325340,48.439705,
122.037183,24.177917,
237.142887,25.104754,
250.163785,40.526402,
345.644912,19.176758,
339.796062,20.047601,
236.468583,41.197516,
140.635424,10.387735,
344.053970,23.786669,
28.630635,21.640887,
222.816375,13.983779,
163.531096,41.902214,
165.440777,42.986334,
232.461814,35.926887,
334.377328,22.873168,
193.130555,63.897270,
167.156281,-2.058120,
179.905752,47.445219,
315.605533,-0.811633,
143.918467,52.226748,
174.603923,35.774776,
150.477338,0.757209,
212.423584,-3.309167,
174.385809,13.180730,
159.652101,9.860796,
236.715295,23.937223,
30.092914,7.514902,
354.036744,31.472790,
220.874420,5.153222,
196.434673,53.026748,
178.762062,19.034932,
6.659329,31.347624,
321.837236,1.718588,
183.994239,9.507960,
215.557014,48.341737,
350.673987,23.682539,
159.472576,26.085559,
176.901653,33.565920,
243.331004,57.407518,
209.970605,52.321857,
247.805744,38.722460,
174.975697,49.589929,
217.384389,54.523509,
29.174029,10.666526,
175.198050,25.975514,
220.333759,33.123098,
142.092353,38.559870,
257.151160,33.430199,
155.530127,16.018793,
171.378983,55.405803,
22.620787,0.287417,
219.390332,48.512060,
131.483358,42.067181,
168.315730,31.527600,
122.937854,30.681891,
235.070919,55.999971,
144.582207,40.629572,
171.200806,48.589816,
140.602714,61.919569,
121.194110,28.395459,
226.226299,21.791160,
164.521216,20.061410,
159.236423,35.904238,
249.279444,46.150341,
113.390077,20.634231,
207.859822,0.343451,
157.131162,48.543979,
152.372795,46.495903,
131.897459,36.243704,
254.392257,38.699740,
125.791389,32.458699,
185.636789,62.568991,
173.762382,46.891277,
193.203829,31.052591,
249.276937,30.145383,
138.003585,33.159699,
164.860033,13.112209,
179.289755,29.888203,
164.168976,1.661659,
222.472033,48.636424,
236.631065,24.794979,
28.877278,5.422205,
134.166948,45.253391,
16.291000,-6.741391,
133.523215,9.788975,
41.389431,-1.593974,
187.363306,39.288525,
199.440987,56.530043,
340.302972,-0.677289,
157.784373,37.967015,
183.258332,44.695321,
231.569837,28.057654,
229.067341,30.936611,
184.849389,15.981223,
349.864491,28.427476,
119.581236,28.647807,
257.733311,40.056382,
243.296096,7.138952,
126.087369,35.809171,
354.375401,-3.226067,
147.376634,52.233540,
35.311607,-5.142528,
249.193376,35.962125,
237.423062,33.840971,
161.554051,22.830248,
0.946316,-9.886131,
130.127932,29.169205,
142.369311,32.691630,
168.141268,55.546070,
175.479610,19.598529,
41.583185,4.489506,
3.836384,24.842209,
342.686071,0.808685,
249.087549,36.457919,
57.024691,-6.817418,
57.909619,0.955635,
1.569258,22.326150,
338.999218,19.307369,
25.818971,-4.274969,
145.571636,42.889624,
133.961041,63.770035,
260.158186,26.335641,
190.744314,33.036949,
152.156948,48.744142,
160.820866,30.669334,
242.547978,56.606601,
231.698058,25.208404,
145.258737,28.214387,
147.115828,-2.221700,
221.656131,43.541731,
37.682517,2.080310,
37.299760,-0.814324,
197.468401,27.711252,
142.385125,35.570010,
137.154535,39.592604,
331.809409,13.555616,
210.979811,37.567149,
138.817040,28.411487,
171.201207,53.305230,
2.848266,20.596143,
339.320361,20.308088,
177.330196,30.890773,
183.219633,47.588061,
139.436761,49.648071,
171.449263,56.275075,
179.475775,53.827068,
126.503207,6.490274,
341.012811,-1.205313,
115.708096,31.315565,
137.619006,53.002148,
249.007864,22.426099,
162.784819,24.856449,
16.589156,4.721179,
340.688335,6.284327,
357.748422,3.000433,
6.779840,14.832660,
17.097400,-4.302657,
132.420598,18.368009,
148.636400,56.220663,
187.552295,-1.999488,
206.316626,12.142669,
246.267303,15.104459,
145.605156,51.206864,
166.576042,12.022762,
195.143331,50.186875,
218.053074,15.813020,
13.764780,25.298502,
178.692698,56.906903,
191.065967,-1.074901,
29.336741,27.362677,
178.490429,46.816117,
123.936337,34.905379,
142.439347,41.403552,
240.339800,9.816057,
126.828927,29.701196,
195.434338,50.395315,
188.314725,54.683601,
187.649308,9.755252,
155.105318,33.775958,
6.861513,8.189266,
132.144737,47.823701,
177.085308,24.329022,
203.924612,39.777974,
189.399298,21.957787,
185.856238,52.766877,
176.176488,9.600342,
133.026804,40.204793,
168.465185,30.870439,
172.373196,6.683167,
1.201683,-10.031535,
353.699331,14.687385,
185.751217,32.505836,
166.531142,-17.520442,
331.092516,30.260239,
172.957544,39.404080,
167.195585,1.749697,
133.864411,29.880859,
18.846703,30.522061,
169.098806,38.629275,
150.383145,5.556329,
43.983343,0.249276,
228.444660,43.023151,
334.885531,5.318563,
347.262639,32.795160,
183.203952,1.624200,
141.305598,60.177542,
179.197935,39.743647,
156.330116,31.937344,
28.408889,0.780482,
156.571053,48.004834,
213.863217,1.855697,
155.010348,46.689299,
128.105596,37.126744,
175.583611,46.381337,
242.718450,8.681950,
175.764437,41.324453,
166.796386,63.655843,
225.736134,49.422781,
243.778545,54.770096,
138.449892,58.229493,
241.805839,26.683655,
352.226673,34.303702,
118.046396,44.085364,
144.516734,22.964161,
253.550186,43.787556,
11.500523,24.656671,
221.221388,35.888924,
173.211240,56.459935,
162.441908,49.841219,
123.816738,20.873327,
118.427339,15.772770,
150.741082,20.901719,
218.126299,13.147709,
356.559433,14.339526,
195.918220,25.934165,
133.491161,46.564063,
180.256131,32.459646,
156.355772,37.375807,
184.703029,-1.089434,
25.779381,15.510493,
132.019724,21.411418,
155.042737,25.621852,
227.859525,4.697684,
32.895202,5.274555,
169.751640,39.873562,
345.745908,23.101628,
160.640034,52.077725,
216.482978,13.759169,
183.621997,60.598904,
176.626605,4.573025,
250.798033,28.521787,
212.811998,-0.616494,
10.994429,-4.134592,
118.826518,28.843452,
26.843336,22.338206,
359.997704,10.564075,
226.012927,7.534629,
10.548494,16.179529,
161.304144,18.541679,
226.898514,46.495201,
329.447890,2.790267,
160.255385,27.763888,
194.531764,49.486833,
162.126971,38.580784,
160.557562,5.905512,
19.894023,-0.403241,
156.539132,29.087800,
139.975194,35.946354,
117.662535,50.541698,
11.901422,6.619253,
255.918179,37.266513,
237.369890,46.296158,
217.042867,40.769997,
161.070245,7.422740,
157.610867,42.731772,
249.013752,11.514988,
205.136864,58.801449,
153.776202,23.493003,
33.110639,4.585221,
237.574362,11.641459,
204.877190,39.162070,
332.437652,29.231325,
181.326435,47.632182,
162.364249,50.650812,
220.631880,40.618128,
141.533100,47.761495,
220.790810,1.700237,
7.997067,2.438380,
197.353250,41.407754,
127.150487,10.205232,
222.681355,61.848348,
142.431261,31.646239,
187.296333,53.507514,
254.673347,27.134013,
338.133787,19.020374,
337.818612,20.341136,
120.965167,50.054903,
181.595282,53.308045,
136.215614,62.319279,
42.169934,-0.596748,
131.986960,51.766349,
192.774546,12.579774,
126.304530,32.079348,
195.700362,54.937156,
116.571304,22.517163,
232.705259,11.068094,
16.508805,4.600971,
233.573422,25.646410,
174.795224,49.056444,
27.768703,9.117504,
350.648215,6.544486,
251.918487,31.399050,
347.579948,21.953397,
127.739736,7.488374,
38.471296,-4.771954,
168.587637,1.641636,
164.884984,18.725095,
238.832141,30.717210,
249.856513,-0.686005,
147.349233,55.266194,
155.559290,24.419813,
185.418898,18.394487,
227.228190,-1.854444,
0.423506,-2.314063,
208.784703,64.583007,
114.692309,24.868373,
141.817072,34.189343,
253.925264,20.651343,
208.878897,19.968924,
130.142659,41.279250,
33.486049,1.378661,
155.603969,42.825949,
16.029187,1.236927,
121.347184,21.822556,
208.490540,56.872316,
354.782328,26.131854,
243.713727,38.483297,
245.302313,52.913511,
118.241513,41.604250,
349.736868,33.414063,
173.456726,57.686083,
142.458528,6.646406,
214.741449,18.410694,
184.960253,29.556485,
230.988789,38.890379,
330.952875,-0.747263,
187.998479,30.090926,
22.335679,27.872929,
13.871000,33.538096,
247.442741,38.896592,
139.199980,9.623483,
161.816072,21.742430,
134.339177,53.963208,
211.030458,54.697361,
186.226918,21.379553,
21.371413,14.785359,
358.378090,11.881237,
187.194089,47.831583,
203.152053,54.474484,
182.269651,36.032697,
5.880224,5.898583,
207.684171,59.868156,
125.818703,36.621445,
126.507170,49.567943,
175.005512,-3.062939,
338.530635,20.620123,
190.792527,26.866925,
164.864669,25.220163,
185.796429,37.117074,
6.470686,23.380563,
146.244252,14.823621,
125.563366,13.330657,
234.469009,26.044140,
174.853305,61.829983,
147.093555,68.809783,
185.224615,21.292941,
228.154412,1.479121,
0.822856,24.130278,
130.152228,34.116958,
245.284298,7.007322,
141.447109,26.643268,
168.487855,48.431956,
179.798040,31.574247,
122.160901,41.502831,
334.134736,19.830204,
254.147448,36.918221,
141.615366,27.180573,
184.796801,-0.729338,
132.250030,57.996124,
250.243653,51.637964,
176.680897,25.050895,
323.502750,4.166046,
128.311553,8.770033,
1.264449,21.180596,
336.900687,25.804132,
123.817041,38.890068,
342.534872,28.714456,
355.907029,10.966032,
237.997631,36.272544,
167.162711,46.188069,
131.778875,43.771403,
163.105863,32.405491,
20.369963,10.126637,
24.826060,-1.033951,
139.363200,28.383979,
189.878549,63.592435,
166.458371,35.260232,
327.267349,24.224808,
194.706188,46.882822,
231.753255,54.941839,
144.263002,22.805501,
141.835244,44.037364,
2.218523,33.671037,
219.350015,7.956480,
138.563851,10.296075,
338.434978,-8.655126,
214.380546,16.810850,
346.014563,14.870106,
347.683663,33.659313,
244.166184,57.558715,
118.175808,52.715358,
39.636638,-3.523116,
159.017000,42.634783,
30.143739,31.282090,
190.863494,3.383328,
226.287105,39.471510,
186.488331,43.778723,
217.458714,44.466908,
154.399829,9.543207,
121.618887,30.220370,
169.173575,51.158879,
181.888868,31.144872,
56.826709,0.785042,
353.911725,-1.409544,
226.042693,49.190579,
139.946638,27.153403,
163.223880,49.544412,
191.131431,20.539007,
163.259701,9.196105,
20.177714,3.684323,
189.275422,38.399417,
336.067525,7.432244,
312.056908,-0.950517,
161.101782,34.329354,
0.493327,6.080097,
137.827870,51.513586,
227.289233,9.943397,
114.073553,21.260143,
146.156945,30.831149,
216.102156,63.667758,
146.565647,27.815490,
121.175557,19.073930,
154.448109,51.931128,
203.173264,13.562399,
208.424681,60.012207,
157.671877,31.312963,
187.885032,47.358080,
313.993990,-0.899526,
28.397369,-3.528169,
347.513831,33.115604,
186.791732,22.747074,
349.059415,-1.002680,
215.565665,59.666226,
226.504702,51.819100,
168.965473,54.102912,
9.203253,7.371840,
13.859917,18.978955,
143.539273,32.180929,
40.204193,4.529973,
156.642309,65.459475,
207.992453,-2.795276,
14.873638,7.698493,
24.040620,19.640326,
128.231455,24.659932,
201.678451,56.125432,
243.087379,40.794736,
113.657964,38.938247,
154.376560,1.040012,
173.875388,61.967716,
233.203992,17.650249,
167.078776,31.721126,
217.922983,5.264749,
339.316806,33.096560,
210.939143,35.228151,
255.449648,37.291672,
195.143160,42.949200,
0.133586,10.970179,
182.914957,-3.472345,
222.138687,15.034284,
152.248147,54.033483,
188.714899,19.089185,
217.897634,-1.199950,
334.231920,3.888476,
207.742179,26.315347,
162.247818,16.868743,
222.120122,43.033216,
175.093402,8.255372,
191.545348,36.061039,
240.094644,42.094832,
358.766551,19.109598,
188.586835,42.070010,
359.615651,1.472865,
167.016304,30.679234,
118.239720,43.488111,
124.217688,42.974833,
223.969619,5.145144,
10.933794,3.177078,
359.335923,28.787716,
339.274708,26.825915,
160.816569,51.249797,
228.850448,58.868308,
139.360152,22.953444,
235.855514,47.914496,
240.419916,10.659638,
160.040869,8.186603,
152.899557,23.410985,
244.153038,34.400991,
140.851780,51.112060,
205.823926,34.710759,
136.871331,35.342361,
141.544569,60.958986,
340.076800,6.098373,
143.006670,3.316323,
141.453346,42.388931,
175.944578,22.470376,
194.333926,30.393015,
205.055466,36.811026,
171.794357,32.679346,
169.923441,21.725469,
257.527616,23.821540,
173.409025,62.029032,
174.667141,30.768820,
22.365630,-3.418187,
212.284599,25.248217,
27.941410,5.701481,
229.749451,35.707908,
0.278882,-1.913149,
182.518662,17.838363,
147.440366,63.439685,
222.718990,59.295705,
160.459833,26.216763,
198.784374,7.854237,
20.149130,0.996997,
188.606977,24.528767,
225.921406,31.553801,
356.612144,28.338246,
115.038190,16.689897,
201.529661,49.459497,
34.956963,1.454112,
16.121184,24.416304,
197.199689,50.592685,
220.744799,43.495074,
329.847753,2.566024,
9.838536,14.663204,
33.345610,4.193080,
13.066160,9.208616,
216.184520,41.939684,
160.461768,4.725935,
213.756488,25.540561,
192.023435,6.544827,
346.840474,1.048823,
11.446424,16.788040,
343.805849,20.261620,
1.273130,27.401627,
27.591239,-3.768258,
329.551442,7.123897,
241.135363,55.680736,
210.785475,34.193037,
149.874501,63.566630,
146.218740,40.234969,
141.869053,35.176822,
184.965559,60.607416,
16.803013,23.072327,
239.746412,28.408158,
356.665132,19.394268,
121.567207,27.582953,
227.369662,33.609096,
31.954804,2.662043,
192.388160,52.966175,
172.823766,48.895561,
11.425784,-4.741625,
167.543593,12.285572,
213.481237,35.079376,
237.300613,13.055578,
17.018429,10.676817,
179.258162,41.981763,
210.402208,45.112137,
28.175784,13.017538,
182.577753,18.957240,
163.853159,37.232946,
152.268314,38.498152,
32.456971,-3.028808,
15.017672,27.126544,
190.714012,37.850012,
205.869715,57.363090,
125.719395,47.045936,
247.205558,13.464516,
250.867197,27.310970,
221.942372,22.868161,
231.305151,15.118942,
237.315779,54.853684,
350.090578,8.369190,
138.155413,11.158173,
180.770635,62.359249,
150.426074,56.597219,
165.080036,25.792093,
220.725219,49.279177,
44.774237,-1.113879,
251.236934,20.985270,
332.408745,5.953287,
58.376203,-6.382711,
29.174810,1.942995,
343.576510,17.614180,
15.533279,7.602894,
347.362817,23.947474,
167.006763,30.751643,
218.991535,39.283306,
175.140397,7.383462,
168.574631,11.686774,
340.791752,-8.218708,
230.592241,59.897970,
241.334810,4.556837,
330.098349,25.599362,
190.260573,45.941606,
243.855828,13.087247,
342.778379,-8.018843,
338.821292,17.262763,
0.203917,31.771394,
166.128876,-1.370734,
14.923681,4.245748,
145.304209,7.615210,
337.582409,15.381831,
11.431396,26.564016,
203.627543,13.401313,
245.249159,40.908187,
242.069967,51.280210,
157.185638,3.631614,
198.347530,7.632481,
122.711721,12.577377,
31.688176,-1.839198,
137.311361,47.060585,
206.286076,58.242675,
167.943605,22.101134,
126.756743,15.927685,
132.244447,10.873955,
180.804372,52.880000,
164.940532,30.141188,
232.348302,51.845830,
240.552526,24.169612,
185.654072,64.368223,
215.477058,20.427577,
205.460011,-0.964857,
23.379098,20.098448,
209.715567,54.134811,
42.403616,-3.222548,
172.996561,29.252238,
232.463416,61.141419,
230.309179,34.791199,
26.683385,15.855145,
185.679988,29.578198,
141.506892,19.507375,
235.719319,29.829591,
259.471563,37.843265,
135.388445,42.211768,
195.539365,33.967668,
135.706071,30.918679,
209.787568,40.252628,
219.815263,13.914671,
20.525350,28.004642,
235.193856,18.130158,
111.949701,41.296335,
201.071069,55.097255,
29.661305,0.023959,
145.385846,34.688378,
115.722838,34.468213,
23.424682,18.068022,
357.472340,-1.885990,
119.469194,45.168228,
178.069174,50.272820,
227.234698,26.279564,
171.426247,0.017039,
6.508872,20.273764,
179.450295,26.673214,
132.848313,46.301047,
355.860746,-11.080280,
190.814496,-1.355800,
234.397917,3.587707,
143.607590,49.203507,
202.000319,24.996089,
350.594927,20.458586,
197.445627,52.166028,
171.955554,59.270723,
229.810544,50.662205,
149.096724,32.606019,
195.202579,53.175617,
243.494467,26.536140,
136.286859,51.585990,
152.996131,42.497872,
218.226526,38.959715,
118.730903,39.556386,
138.951992,46.672421,
25.089732,4.188386,
211.887014,23.562349,
235.017709,35.847261,
163.468106,48.740173,
134.383050,28.911915,
173.180517,64.610445,
354.617455,25.817370,
118.622098,17.328874,
193.173127,-0.344611,
191.368176,33.251362,
38.787090,0.860236,
209.642116,53.144856,
141.145822,22.495525,
13.252647,34.412196,
203.034742,19.286472,
6.682490,28.680427,
246.821377,48.766018,
172.197882,-0.652502,
336.747345,28.161884,
223.676276,10.622577,
118.793737,44.196943,
216.023238,4.684873,
169.461560,19.894639,
325.968369,24.536017,
225.221269,24.764996,
204.989782,38.879815,
157.361493,36.820124,
188.016581,18.153780,
140.778461,56.651000,
260.947662,57.371220,
17.964077,2.368829,
338.116181,18.522714,
25.106829,0.452210,
175.199849,28.739713,
265.647051,64.688960,
185.405275,50.033054,
328.218746,8.858744,
194.631433,38.702716,
151.668120,12.863094,
229.784419,0.241534,
22.041973,4.713607,
139.059554,37.319781,
208.249226,41.771694,
186.730908,57.240342,
130.090648,6.328790,
245.250686,1.034449,
336.642916,27.460086,
143.870651,62.638622,
160.655913,27.190418,
6.513389,-3.847872,
12.245188,17.630042,
352.135899,16.995579,
173.600034,10.378092,
131.203666,44.598564,
0.804871,2.195262,
14.154614,-0.447212,
180.589116,22.637182,
184.925816,37.979118,
344.907972,3.159842,
140.614683,47.582412,
317.642210,1.790163,
190.360748,32.657046,
149.134027,21.700373,
116.247933,41.651142,
235.402938,24.251595,
16.406751,9.405875,
44.061022,-8.659509,
152.405524,46.973159,
183.387096,47.783689,
347.416443,27.463318,
1.288768,1.805828,
199.903652,11.781206,
166.000229,17.682552,
341.527738,19.912836,
241.934600,51.626756,
0.865732,33.954173,
243.159675,57.257997,
157.595528,42.959664,
138.947690,20.938818,
143.524682,41.936316,
21.185903,19.557945,
233.967149,40.449197,
117.293195,30.508471,
37.217197,-5.254865,
4.854527,23.998053,
127.681118,33.620803,
27.264233,-0.169673,
143.898035,51.022466,
236.002162,26.357758,
157.061107,34.619154,
121.900823,32.939245,
228.952816,43.072377,
220.822953,39.346463,
326.393685,1.377631,
160.034613,10.486572,
164.682972,17.396611,
18.687652,9.372262,
333.795168,21.658815,
53.062955,-6.018757,
339.533652,-8.145040,
166.788855,19.667351,
176.686893,31.509995,
126.809514,31.665805,
203.290594,56.465908,
145.100575,0.374653,
215.309449,28.446520,
144.903704,43.588009,
124.153330,32.522788,
149.733111,33.271534,
166.914401,12.528669,
191.530296,20.589964,
244.759586,35.756793,
215.192371,30.735254,
35.767642,0.177996,
140.869485,2.437705,
158.432466,60.486278,
164.189258,41.671192,
222.404552,57.944378,
139.419388,6.571093,
152.915620,54.323559,
164.808956,51.123454,
217.016048,9.221892,
150.884746,47.913401,
190.267402,61.972367,
142.643647,7.917692,
337.046630,21.877997,
184.881051,45.566257,
164.315358,56.423266,
154.494141,38.735602,
122.487724,49.051173,
166.157319,46.792155,
207.641410,53.701093,
200.551938,33.579333,
351.867757,0.894868,
248.775718,16.133608,
195.285996,55.499238,
213.567479,64.474314,
134.226682,22.406645,
135.529348,51.287303,
171.307923,31.576482,
174.703552,24.664182,
203.866498,-3.134427,
130.214653,29.963664,
249.133950,45.232934,
128.577012,52.584337,
122.088391,12.896696,
0.197477,-4.784335,
221.095256,7.774132,
50.603096,-8.053658,
327.646547,26.414460,
130.660678,5.582374,
204.563956,12.898776,
355.624645,31.391947,
142.444923,21.898854,
235.835560,43.411462,
145.134513,36.137834,
155.880318,24.793598,
338.295190,24.922458,
179.634510,4.702319,
346.025615,14.588586,
161.574764,47.122728,
219.634546,53.807255,
222.703494,18.564618,
148.258281,41.778179,
159.849934,64.215326,
344.564920,6.606661,
149.113058,26.723477,
245.107411,39.880460,
114.111274,18.063560,
41.220026,-1.456575,
207.849464,31.222447,
222.423165,31.016404,
136.160396,25.889930,
190.392928,38.267467,
40.963679,2.323889,
169.407759,21.929761,
177.219637,20.405410,
175.293466,52.602692,
177.487210,55.209794,
239.243590,6.653286,
237.298029,36.150434,
174.076515,41.973950,
226.169491,11.501767,
171.334275,26.622016,
10.327471,0.295134,
141.390546,8.281087,
177.702458,7.331176,
236.532245,37.916173,
192.353608,-2.561054,
232.232019,25.653347,
134.511329,7.183728,
4.224968,2.149215,
222.235903,54.343752,
29.993778,17.456006,
7.826916,7.089137,
120.241736,27.972452,
248.728844,16.701455,
172.153960,47.615119,
231.539119,52.734520,
224.582510,48.289297,
148.087223,2.274104,
354.237311,11.079187,
351.322531,3.600160,
257.533265,21.858090,
130.971393,9.839877,
127.683424,18.779896,
165.097086,54.102336,
170.101858,35.872178,
358.299449,-9.934562,
164.520295,56.322242,
149.360663,25.151578,
137.921873,30.171148,
152.552738,56.089026,
163.548413,44.479009,
139.479842,45.468016,
177.113986,31.316781,
342.379183,0.148687,
154.993414,27.505885,
331.260393,-1.475566,
131.084397,60.292971,
251.102875,42.775567,
141.065171,43.685065,
155.579138,1.538562,
213.175284,8.526411,
208.997319,33.782868,
219.301988,61.588675,
215.329752,26.999283,
252.400737,44.181306,
246.447551,32.010354,
25.001012,-1.200069,
216.507709,29.676236,
29.524074,5.544857,
164.644019,41.981276,
6.520332,-3.005020,
161.213758,24.564036,
187.585050,45.346584,
163.561545,57.211699,
345.756038,2.479930,
32.004930,-0.654880,
233.805542,37.168905,
200.604051,61.319738,
160.354241,18.546776,
207.725904,41.163964,
115.793537,25.538861,
152.655571,49.214715,
164.434679,-0.618601,
146.598353,7.383141,
159.222662,65.530193,
12.526985,3.844834,
172.840253,30.855347,
147.170078,37.110207,
162.753345,34.712982,
121.232929,23.250525,
235.660305,35.908482,
172.275860,21.162694,
188.234445,39.406225,
135.022756,25.352465,
165.985568,58.409595,
167.395584,27.368792,
162.827469,7.863994,
222.413802,53.703382,
218.855728,53.191043,
141.826589,21.232599,
139.193012,21.440891,
162.969277,2.400764,
247.779386,34.242544,
121.475267,49.286314,
131.556152,32.490345,
351.346647,23.117214,
201.966862,10.607575,
33.782528,-1.736591,
18.427618,8.394311,
257.555340,22.479532,
10.175501,26.065204,
217.944315,51.246318,
223.472723,4.023359,
128.324817,55.220076,
28.651279,31.579962,
26.246479,23.768731,
144.112609,5.453053,
142.916577,40.430123,
353.814352,27.796801,
27.122039,15.532838,
176.201318,32.823090,
150.526106,50.561093,
235.633463,49.645171,
4.526865,6.393168,
320.812260,3.426307,
156.665588,22.197542,
218.580744,11.750043,
205.720616,40.533788,
258.700787,27.988625,
173.622281,36.102304,
137.789163,37.752834,
178.766976,3.813976,
3.939006,0.139618,
16.277695,4.230572,
356.647220,5.632958,
212.273032,55.427335,
27.411156,5.826649,
131.095745,11.272391,
333.181914,2.332782,
247.331981,40.811073,
152.863421,57.204905,
3.714815,0.948733,
114.542641,32.684139,
19.153553,-7.368812,
189.836232,2.608681,
145.566901,54.457655,
150.895003,61.956921,
9.996166,28.343325,
193.363001,41.567967,
327.549118,22.719666,
44.699760,2.034713,
156.587749,55.788987,
150.335136,26.010442,
228.872734,15.011391,
194.618893,7.411133,
21.673550,11.238128,
129.236277,53.718288,
15.020292,16.628057,
248.553283,32.059851,
172.471023,65.266596,
171.195855,45.433060,
183.517216,3.738606,
134.674682,30.611526,
181.627241,50.138198,
239.995945,34.827853,
131.838785,40.790102,
15.115593,6.019011,
197.657180,27.081858,
215.703215,6.773307,
141.786315,40.952744,
197.050525,15.299307,
147.230580,40.662390,
137.829857,3.198052,
20.029471,27.039992,
238.209409,4.047472,
252.377631,35.960060,
209.965252,60.477121,
134.528565,16.001529,
147.983621,45.812078,
184.073700,50.005826,
14.283728,8.020958,
134.987136,21.464848,
5.623815,4.008323,
224.636230,8.432120,
215.452966,46.422257,
32.651607,-3.234904,
181.053402,11.274452,
27.202349,-0.752739,
188.670110,62.335999,
326.042694,27.565013,
241.224202,42.341885,
136.971405,32.292883,
177.354535,22.993751,
132.867635,29.333920,
184.005633,51.776743,
137.950966,31.666025,
208.829689,66.851999,
2.446575,19.432491,
141.613363,50.558868,
151.100937,34.347165,
181.441345,12.306053,
236.895798,41.477858,
2.732941,27.025661,
12.250110,9.284477,
23.771485,7.002696,
118.940004,40.945444,
160.171847,38.817911,
145.901631,3.845871,
178.546002,24.463065,
175.224894,48.725525,
173.308464,44.331924,
228.234650,40.056939,
162.751469,10.146686,
189.889319,8.586048,
257.734048,42.802318,
155.387956,41.586037,
140.837006,36.454552,
152.656532,41.900305,
198.609019,37.342798,
354.576349,3.868912,
164.533669,36.428033,
210.465854,8.435127,
327.072648,0.072184,
180.903004,37.605938,
350.869262,27.777288,
184.262389,7.076592,
199.769743,60.653859,
152.061950,58.081826,
355.876454,6.141455,
205.182002,36.087458,
315.553973,-0.329102,
121.533468,22.332429,
321.165091,4.734010,
23.294882,25.413784,
156.889928,47.071852,
173.295982,28.094210,
13.422741,29.801363,
255.022721,32.937863,
359.598800,29.221081,
30.066734,4.896548,
4.893036,9.946287,
349.534747,0.197667,
196.553617,59.886159,
318.069409,-6.970490,
192.969636,13.843612,
239.415739,58.370715,
127.034071,4.317562,
32.274907,-3.731474,
219.414609,31.316923,
153.641037,6.477538,
238.900696,22.429821,
197.720621,52.270770,
197.755066,35.443757,
169.482237,7.124403,
132.364717,25.416193,
150.923521,24.342352,
28.299557,5.456920,
20.969027,11.492886,
1.445858,-8.833160,
183.263541,23.186867,
190.530826,50.430493,
234.236573,24.398939,
123.526085,29.979998,
240.723280,33.507735,
159.951321,2.522768,
196.780990,58.736919,
237.753404,24.198056,
26.818371,7.001721,
24.631677,7.650937,
340.260887,9.902484,
192.900274,46.292722,
179.812977,47.784805,
329.578852,1.758473,
326.608230,3.734032,
193.447715,38.477043,
133.142047,33.016874,
235.164689,15.008292,
141.740515,40.257622,
5.505926,-3.402918,
244.942098,8.362082,
148.350281,50.310329,
214.746987,55.074013,
179.958682,7.452293,
207.393178,50.896711,
146.802147,18.745265,
14.344480,17.576432,
194.176698,0.319210,
132.735700,11.755917,
24.642485,-4.964551,
223.122775,28.898213,
188.754017,29.701903,
204.174213,36.696465,
156.502109,2.256078,
223.525904,7.621744,
224.807160,0.037757,
201.114218,12.509909,
6.043819,26.276085,
226.932160,22.158015,
160.488460,14.859871,
208.836215,-0.969561,
332.583961,21.658519,
347.934743,15.043272,
234.189902,39.330443,
197.577964,48.530283,
183.484249,30.119271,
119.758614,22.479371,
255.788821,35.853700,
10.833891,0.226329,
29.598209,8.282377,
183.897174,32.977285,
332.341793,18.354899,
40.600118,1.081251,
3.551211,5.879777,
223.553308,23.108406,
180.108473,56.034816,
160.710668,32.708590,
182.789092,-2.128186,
156.740579,22.372476,
165.478469,27.686941,
132.817257,42.724679,
159.850241,30.683191,
209.958770,39.508553,
150.187953,4.863277,
191.813617,52.133637,
228.857337,11.903258,
215.128434,24.148793,
155.567698,43.725727,
148.112387,57.453048,
175.068996,21.286780,
125.621831,6.334585,
228.195407,41.667781,
173.546749,26.807349,
220.861813,3.763044,
354.378778,-1.958516,
25.647750,-8.546756,
344.790763,34.202440,
159.326861,17.828326,
216.463228,35.020303,
13.432433,1.363237,
359.758923,11.014651,
184.267694,20.453670,
141.710910,7.890106,
145.458314,18.792479,
340.840419,17.833788,
182.779692,34.901220,
241.339761,13.701654,
212.673911,24.580612,
204.894428,22.895002,
6.478171,0.634869,
14.335696,28.643087,
152.212365,53.836470,
239.004652,4.968625,
250.412870,31.020558,
325.433344,3.814888,
204.307847,6.269082,
171.775510,7.561464,
117.084507,25.134810,
135.187200,38.922314,
189.352097,42.720534,
142.909508,3.252836,
243.402903,28.900762,
257.529330,35.331082,
226.400595,50.000017,
154.342542,17.138954,
182.616777,39.139144,
214.601963,7.311688,
11.291502,-4.344165,
24.336170,12.524804,
115.199461,37.261356,
212.360161,38.534812,
193.736136,22.039645,
326.758842,29.934659,
246.616477,44.614105,
143.718525,16.071142,
0.973949,32.194884,
9.204932,1.520992,
133.339584,40.461010,
142.277800,56.114372,
115.439892,34.971136,
163.316865,66.359256,
164.625518,60.266782,
14.693783,4.314867,
177.455812,39.858907,
219.881873,38.612145,
205.857672,-0.270070,
194.914786,14.123541,
149.539400,54.495306,
172.555581,25.745487,
354.413282,32.749597,
9.707232,21.478136,
164.366380,42.193229,
198.743952,53.245068,
219.579000,38.946357,
253.361388,30.673229,
5.219352,5.710474,
137.837695,25.737874,
33.388933,-2.661600,
247.001630,32.403904,
237.251915,-0.881905,
27.967393,14.424884,
117.061998,21.799219,
141.833122,4.259063,
143.160502,49.029881,
320.911166,3.386334,
198.673914,67.213637,
202.700817,47.589246,
15.054823,24.189801,
336.136572,11.120088,
202.721980,31.325163,
259.758381,54.501304,
182.645590,18.098895,
192.767856,15.195820,
22.901854,13.058634,
174.858959,36.623734,
161.320967,36.427533,
180.319733,13.746982,
173.085304,54.311752,
21.670055,26.390735,
220.282941,39.391622,
185.367789,34.675209,
170.612518,4.828839,
39.900074,1.565139,
33.203870,26.832410,
0.281779,7.415475,
24.361302,4.154157,
226.058974,58.270060,
321.236686,0.036428,
240.833384,59.302348,
144.301345,50.147818,
176.020345,10.169679,
318.472294,-7.605424,
332.455481,26.314570,
128.216905,43.385122,
211.507286,56.275169,
135.272279,58.487471,
1.931973,8.835118,
165.404012,36.123711,
210.285485,1.227109,
225.223016,51.426487,
137.728299,2.617954,
158.358037,1.476765,
229.408868,36.095553,
29.155526,18.647518,
199.449027,30.818225,
173.721664,37.243084,
254.363729,19.102020,
201.375152,45.368505,
34.751731,0.930794,
158.627330,24.206797,
137.420203,18.274802,
225.436515,21.780306,
158.083406,34.883945,
33.055549,5.604302,
200.984873,21.014905,
161.663339,23.726756,
243.635277,49.187879,
203.780500,23.058620,
214.659800,52.399828,
43.562607,1.851565,
242.838640,19.089451,
36.718685,3.352227,
254.764085,41.820263,
252.796551,25.137208,
222.611057,58.662478,
175.897362,-0.495093,
231.103330,-0.948624,
254.334042,33.478800,
211.753720,46.734228,
192.124399,42.807006,
149.453636,57.592333,
212.254848,62.175137,
163.993648,35.219180,
146.668532,44.879215,
241.996759,5.677398,
219.409794,6.569255,
131.223069,26.419439,
138.571903,50.574200,
223.019486,34.453447,
194.037678,7.632641,
151.259774,46.990931,
56.106965,0.914654,
204.415814,47.769429,
242.932134,33.007055,
46.093307,0.375511,
126.078760,22.443042,
134.451970,41.232402,
252.781976,29.496433,
139.445213,26.394303,
333.524332,18.531192,
138.789827,39.002025,
10.543691,20.326206,
157.359163,35.898902,
211.553449,29.384175,
203.584263,14.972730,
210.471744,43.880830,
246.077283,56.534834,
124.329146,8.958511,
182.682567,41.824863,
259.432721,36.438409,
24.438451,2.923340,
190.078085,67.297516,
240.310911,58.023318,
146.492643,56.164107,
124.431950,57.510861,
184.800976,30.473938,
154.484634,7.989492,
6.321455,22.988461,
216.435418,61.968336,
225.326367,15.939726,
180.028299,9.009894,
181.598751,51.752287,
120.989978,30.654893,
159.325989,30.419209,
14.061717,1.059176,
221.665924,33.983996,
223.674556,52.532791,
225.616607,3.380343,
347.834332,24.639969,
173.028386,46.489236,
31.251843,25.022555,
201.078121,27.518366,
192.350649,31.217131,
343.580109,-0.031958,
20.878287,33.047541,
238.779488,32.888312,
197.745879,30.018553,
146.043910,25.512826,
211.447786,19.166972,
228.540229,22.238154,
142.893604,44.922844,
149.042341,28.001075,
134.823540,45.199222,
31.344971,21.852028,
244.348625,8.904096,
226.738404,4.939368,
171.068508,29.767054,
213.343491,52.547148,
243.290568,0.914791,
158.488391,60.497824,
134.607717,23.452678,
206.894010,61.102036,
155.941191,34.374303,
210.703177,55.225399,
177.509922,39.678197,
255.847101,40.699737,
235.580990,32.586692,
182.523539,16.919418,
246.541751,36.454607,
155.314567,16.811801,
15.157125,34.724640,
231.487888,50.661678,
148.516829,59.297105,
180.027216,37.721215,
331.227331,25.945578,
234.295150,42.736382,
225.067482,50.600744,
122.492650,35.102045,
162.181929,20.721969,
178.837346,45.333974,
134.305612,49.965872,
178.936303,58.430413,
195.068417,60.484263,
215.740293,37.968723,
117.343702,18.218798,
20.219325,0.720996,
242.325080,52.971212,
340.451802,27.664342,
145.536742,31.126704,
213.679855,23.667176,
129.305632,8.397581,
117.471236,23.769928,
235.230549,17.316232,
163.012198,23.516942,
347.533144,3.275679,
202.298747,35.746380,
243.045320,55.133307,
188.040862,44.391761,
211.656571,-3.120808,
160.066895,39.625210,
37.056735,-4.381084,
18.141630,26.404805,
151.311546,0.894736,
242.192517,10.485498,
171.889995,35.445278,
193.960713,68.306563,
196.007832,14.868415,
117.629176,35.947274,
180.289785,44.643754,
29.778289,8.692310,
230.913624,49.737179,
121.524211,24.050523,
223.161686,63.579350,
132.832582,20.965131,
169.865067,48.750922,
196.257766,5.099134,
41.179113,3.524563,
119.986369,34.597346,
125.941524,41.067786,
232.780837,58.736081,
156.126334,54.845549,
189.937828,62.262640,
158.754431,17.219866,
173.541215,29.799203,
156.344184,16.731368,
135.730739,47.159654,
203.714478,49.890684,
127.056117,6.890641,
154.590305,6.742904,
182.556533,10.814932,
144.434852,28.249791,
139.990193,8.469623,
348.472151,28.928000,
131.302403,39.045878,
32.411199,-6.716142,
247.048570,33.508303,
141.936810,31.624440,
41.252931,-7.793460,
238.061664,26.010186,
11.626539,29.531063,
126.010142,38.696324,
206.602775,58.202542,
220.991328,4.261296,
214.419071,41.971245,
144.794828,26.044578,
343.054997,30.529629,
227.505525,35.333550,
237.947495,33.002246,
196.219657,41.526370,
233.562739,46.972020,
49.799425,1.004016,
198.247438,1.506249,
148.953488,28.550745,
342.719417,-8.766728,
221.905862,61.805766,
180.014866,-0.394176,
210.285406,63.391915,
246.937065,12.459441,
130.995916,16.707634,
332.793263,25.405013,
353.576472,34.671482,
27.397696,-3.796549,
204.817159,9.568240,
197.044961,36.725371,
28.914282,19.286876,
134.069096,40.966043,
182.574335,42.940459,
142.374658,7.184991,
145.050864,2.464136,
322.562179,0.055758,
22.883279,-8.495442,
187.514658,43.138049,
223.150507,62.504389,
153.876552,63.614194,
140.243572,44.698338,
184.816006,3.253087,
27.908834,3.093963,
251.496098,26.282908,
6.836854,-3.473479,
133.446999,32.649433,
151.849254,9.726637,
14.985016,4.681833,
228.884317,55.557490,
43.075468,2.586859,
126.265463,28.664520,
25.703501,22.658639,
124.745700,40.937246,
18.106187,31.199913,
213.530301,60.303459,
186.013165,16.911249,
351.834888,-1.700427,
181.154971,42.267749,
175.155988,35.414294,
143.949091,14.171562,
186.531538,31.415776,
191.210343,35.154854,
353.602013,24.028556,
164.150415,50.297082,
159.178440,9.044602,
174.699590,31.814679,
20.747880,15.196469,
205.626051,66.777286,
146.342516,58.358932,
135.791769,13.507362,
191.717530,32.622952,
204.871014,56.549164,
324.390523,1.304014,
141.703887,36.398228,
29.813562,10.122613,
225.403332,51.553806,
234.703537,37.806765,
173.010194,38.988150,
198.158018,24.080171,
174.179833,45.057110,
4.133757,1.232150,
335.218126,25.783769,
32.949872,0.506530,
173.951004,64.425091,
341.336896,22.726458,
166.522594,10.981900,
359.877695,1.332937,
4.199298,1.205632,
146.348809,47.269131,
196.284304,42.188152,
16.207502,-3.557848,
337.511047,19.217960,
30.550871,27.525002,
227.445617,5.123573,
152.553570,56.064651,
203.451118,37.777428,
19.129468,10.664343,
204.296445,31.180509,
240.717997,38.979073,
166.526568,0.931417,
195.452132,6.190045,
200.631474,4.815565,
327.895823,21.290527,
223.428768,14.465457,
116.042302,26.046968,
145.938473,61.801301,
130.946511,32.959571,
192.590836,13.720119,
240.857296,58.759098,
201.748786,37.932748,
192.959242,51.001124,
151.355837,59.608534,
26.305816,3.848599,
258.498744,41.471057,
229.829221,54.103474,
203.756013,38.254601,
330.204875,0.328584,
4.583960,-6.480321,
168.977493,29.841105,
153.139782,29.991139,
238.222054,29.801574,
190.628948,24.619389,
17.702971,24.082680,
223.138022,48.100972,
4.162406,8.679170,
24.502649,-1.882168,
10.004151,0.558544,
251.440863,17.816226,
177.081869,23.627172,
206.698638,15.969410,
170.217188,58.675378,
148.895222,29.069767,
247.909759,47.915388,
180.769353,32.804731,
247.188902,56.872238,
163.923842,5.457024,
2.126815,-3.574206,
173.953923,32.025314,
217.296877,20.458212,
236.118961,48.155532,
204.870839,52.456499,
121.719886,51.304018,
233.104680,4.244753,
30.104422,-0.220644,
117.727684,42.872016,
337.889935,13.267744,
228.795320,40.625154,
0.107269,-8.798631,
114.254469,31.690116,
154.342060,0.210275,
191.188750,7.920750,
246.047440,22.074451,
201.752769,53.253383,
27.079064,0.066351,
180.372638,55.612446,
20.215876,18.712789,
170.895126,57.528669,
350.188239,2.400376,
125.359897,32.960495,
121.971263,23.125297,
214.664357,24.168155,
185.970978,48.915106,
173.931307,21.381138,
358.821250,-3.840387,
248.683888,30.133060,
141.751983,33.604245,
154.642489,55.115892,
228.705628,21.047112,
122.218871,13.998085,
19.282469,5.592778,
352.687116,11.132756,
2.078456,12.108029,
22.161878,14.826115,
183.085134,62.747061,
23.682457,13.975556,
149.680990,12.388979,
25.107336,23.313080,
200.888563,34.918640,
184.624002,37.771941,
173.014494,30.596425,
179.919964,-0.534326,
240.223381,2.750069,
158.067231,50.855469,
193.393955,48.831651,
217.776575,48.460201,
313.466816,-0.267100,
230.322211,29.647168,
145.415689,57.442121,
340.250015,31.341316,
15.148959,27.240473,
170.361457,28.522827,
230.686475,9.801845,
192.413741,20.969888,
183.237461,51.878859,
174.135767,26.516058,
172.420250,18.339318,
14.830003,28.418574,
205.478812,50.398813,
228.527010,-0.004725,
25.960646,23.857104,
207.932306,19.433554,
130.762700,30.479348,
220.303316,58.977724,
174.109783,2.625618,
198.927641,31.024738,
244.605501,36.347457,
209.831614,7.226916,
12.572692,22.434883,
0.808082,26.895438,
256.874496,38.607865,
121.172525,13.027947,
322.015507,-6.920496,
13.175013,28.730515,
200.592722,12.347822,
29.313700,29.911502,
137.060309,55.116779,
137.077078,10.101083,
180.345400,64.373854,
135.120936,39.029229,
222.853927,40.877809,
136.251321,23.953512,
9.932126,6.913489,
134.188083,6.832061,
205.567247,33.156922,
127.228228,32.989273,
169.422259,27.052512,
250.706181,52.687443,
208.290857,20.374875,
26.191373,17.625773,
144.745447,44.695550,
347.457406,13.752903,
256.332002,30.076680,
140.556879,57.661317,
179.925463,56.118280,
250.927624,39.115222,
168.171391,60.315646,
338.468146,27.299734,
31.733128,-2.026636,
128.181838,60.372503,
12.164540,-1.008151,
200.154118,6.579830,
15.948142,24.381466,
162.476959,28.780127,
227.496521,7.747271,
342.983274,20.269031,
130.257067,42.968460,
168.968291,50.170166,
22.428766,16.581759,
325.357639,-0.936904,
131.384038,23.883031,
348.150642,8.315561,
251.479056,53.065643,
155.449540,28.541553,
246.404543,36.247395,
201.977805,56.790060,
337.682360,-9.330961,
355.996416,34.674776,
221.056365,60.163359,
203.067686,47.412055,
184.268125,40.331643,
357.370134,-1.152672,
131.924851,4.558858,
8.882529,17.677107,
25.033630,12.688766,
112.503539,26.547387,
198.062087,36.589805,
339.859845,4.564247,
146.362182,28.764285,
21.551261,18.003069,
153.927376,10.925967,
145.738094,67.859236,
135.439256,38.016719,
12.828443,9.623785,
226.196577,43.498896,
153.857440,47.530020,
345.222545,-1.461358,
126.512904,55.973616,
214.559769,42.862372,
31.067626,25.528957,
28.018608,4.198996,
165.649970,59.526973,
20.299407,25.675858,
356.910357,14.412302,
2.010258,20.736737,
222.904094,32.650996,
32.837259,1.084508,
158.342871,14.132482,
127.088285,17.857131,
223.380013,38.084248,
201.366859,-3.369867,
121.835287,41.297827,
246.235274,7.203307,
356.704852,-0.252224,
346.629321,2.529206,
114.320209,25.847957,
172.628728,-7.264927,
163.419830,38.155005,
144.449130,46.215969,
172.615203,64.037950,
211.256121,46.139475,
18.375943,8.806658,
7.422293,7.039712,
197.184648,44.710449,
5.639815,23.990144,
167.894411,20.818571,
184.564338,49.444047,
233.945573,16.066479,
217.484687,13.950031,
235.392763,51.178550,
200.941894,-0.305505,
193.852036,48.721403,
14.958746,29.536361,
11.184710,19.735749,
198.574116,52.114031,
184.080869,21.564179,
346.386753,21.766659,
144.071850,43.745053,
181.976134,18.766047,
142.490609,64.345663,
333.581421,24.966291,
202.400241,36.870772,
199.288952,37.075640,
118.126854,27.438842,
238.049041,37.381151,
151.721718,38.504505,
123.959455,24.268341,
12.684222,21.036286,
208.411672,48.548703,
35.826499,1.354678,
148.183455,28.746782,
234.178474,35.669248,
216.998405,26.363664,
222.158330,4.469788,
205.772365,15.116652,
4.606829,8.204282,
197.670042,26.113420,
131.815744,31.513879,
182.155728,16.181086,
351.661099,21.300040,
191.515366,33.198864,
321.411943,0.982219,
249.397521,11.429758,
121.507078,37.739349,
178.202329,23.871155,
245.851660,36.146625,
153.494189,27.507647,
348.036851,20.595085,
185.759137,39.978407,
236.480843,37.731352,
162.841430,37.814853,
143.966166,11.743827,
130.865597,51.001146,
145.587517,29.834121,
191.348621,17.271073,
200.114736,51.414997,
240.919774,2.899845,
37.214593,-5.206441,
229.168282,34.642581,
22.569566,22.154239,
257.933123,60.609628,
38.873188,3.306641,
124.528658,7.322304,
353.038474,19.300305,
355.484013,35.282149,
185.571118,11.222253,
193.008296,6.564038,
226.732289,51.261600,
24.527186,3.618469,
164.255580,2.325969,
237.252089,56.124544,
29.636177,6.662075,
221.368153,44.720721,
149.506599,29.613754,
37.681552,-2.563657,
11.102444,0.698738,
345.791042,33.973798,
232.805996,9.512937,
161.225404,7.839634,
207.314623,26.838244,
118.981229,31.329376,
126.020773,23.522769,
16.653484,4.211300,
187.934833,43.800712,
209.678526,13.200863,
7.041512,24.628009,
136.054562,5.592968,
353.123410,-10.332638,
185.555398,2.160737,
327.796170,24.533828,
117.277013,21.098584,
190.532514,33.521485,
42.638402,0.641413,
230.680412,41.259787,
56.302608,0.379388,
340.035244,27.270903,
189.099149,6.035637,
33.396436,1.079595,
335.954507,4.922554,
20.074324,28.139255,
332.468675,6.028390,
117.564611,43.371808,
32.797435,-3.859940,
27.264035,8.978341,
20.102661,4.352253,
162.314402,39.497511,
159.428187,49.851932,
164.551682,27.074563,
231.178377,24.760096,
9.896515,5.241851,
357.845569,13.257640,
148.419973,38.634245,
222.797175,1.456289,
213.278071,47.701271,
18.581749,7.796188,
153.623210,48.327334,
123.465437,40.348320,
346.518243,4.091417,
13.418846,-3.768866,
152.073426,36.173841,
200.943933,27.321818,
226.119159,-0.337747,
19.606768,15.585092,
342.356454,-0.883639,
161.376626,13.677791,
171.219433,48.875361,
181.011658,51.195322,
153.797921,35.863904,
149.466283,50.192360,
242.369178,43.955228,
171.184329,-1.246756,
146.302676,49.151684,
157.745512,19.171818,
17.364260,7.974359,
253.811467,50.188742,
10.675008,13.913917,
25.276755,23.946711,
22.828021,1.632474,
355.366014,20.316191,
126.115025,22.705644,
6.093339,-3.979506,
208.798580,29.233945,
20.090688,25.026757,
199.726658,61.589979,
173.428278,35.526506,
7.752947,-4.301790,
203.794564,60.659987,
224.217697,34.660309,
122.138572,26.673142,
357.109663,30.939255,
146.701558,32.746184,
18.960303,25.260214,
155.752039,5.958771,
356.530386,23.087702,
208.463804,19.018317,
176.279881,55.224888,
182.534717,46.016183,
237.263146,6.047917,
164.222347,45.924982,
27.234219,5.127172,
185.806760,37.607147,
232.395741,26.035178,
4.114373,-3.643641,
137.299089,38.653723,
56.125145,-0.978541,
244.406991,49.336852,
319.845533,-1.704800,
4.780153,-9.347412,
197.076789,33.386000,
131.280486,49.942302,
34.207480,-6.197805,
210.007060,-1.823563,
350.662190,-1.623883,
357.853870,6.294761,
164.629943,30.625912,
166.416546,41.745570,
7.694916,27.396979,
192.910497,47.503722,
171.981711,34.190561,
151.246417,47.016112,
339.579873,2.809775,
252.771566,50.527874,
114.421236,43.126367,
339.420984,16.669681,
232.584556,59.032572,
337.735298,18.383417,
129.720476,26.689141,
240.042681,28.137653,
135.761013,13.160599,
188.581557,44.496852,
169.180287,55.074041,
176.835480,56.845783,
169.654791,28.015256,
197.548353,46.023463,
188.891964,46.501411,
346.721038,22.519802,
211.821127,12.578091,
358.742351,22.898275,
194.289826,35.373145,
225.759254,40.967090,
35.264735,-7.830266,
226.610183,3.116642,
111.526865,40.463427,
139.923205,2.115221,
251.129022,26.193216,
359.930674,25.795108,
184.845326,58.921594,
26.437398,12.922549,
177.915339,33.928176,
145.561174,19.962115,
56.992935,-7.201785,
27.872751,25.204728,
182.106645,33.310333,
7.672887,22.597514,
24.711483,19.693752,
10.614665,-1.977455,
248.939917,37.378827,
217.787380,38.166884,
7.192022,17.808897,
39.710607,2.506101,
334.024083,-2.142861,
218.656635,44.087495,
133.204405,39.680872,
331.704783,18.975542,
151.922905,13.941582,
158.760638,46.679681,
179.759653,56.237398,
151.529875,62.888953,
253.674047,61.671885,
237.654522,25.246481,
130.383216,4.362830,
161.736146,49.481309,
5.043836,32.368884,
135.279593,51.133726,
348.602216,18.301420,
113.193583,37.522451,
150.475172,47.351177,
16.218988,-2.231243,
174.466371,51.160476,
218.938261,4.399919,
139.108005,8.035221,
144.986209,21.509886,
139.849600,60.190484,
234.760663,4.648265,
221.806172,28.564647,
156.185556,27.315589,
143.288579,49.986276,
213.022361,44.697185,
154.182685,26.631696,
229.283670,39.282913,
189.659710,4.744789,
38.772000,-3.488933,
9.424981,0.193700,
358.328739,28.113183,
227.452737,33.607426,
167.258842,38.369584,
204.588856,56.816470,
190.010596,40.417181,
120.222565,9.827206,
358.486873,-0.870792,
154.808444,12.707384,
161.183471,27.387344,
218.716042,47.385937,
336.728107,19.725162,
157.790590,57.028350,
179.595187,39.120267,
149.962318,56.912917,
199.759744,43.376444,
39.165179,-9.179830,
28.045054,3.606303,
126.482309,48.664051,
24.507379,14.726800,
126.205440,36.343545,
167.668504,7.678396,
27.777262,20.362735,
351.043239,29.526742,
194.231998,3.313762,
193.575392,37.187798,
14.487766,7.403541,
155.399426,58.045800,
229.450208,17.182775,
0.316207,5.317245,
117.888962,13.763428,
159.484277,45.784333,
137.412594,29.383001,
249.496971,46.442872,
143.866424,32.727902,
225.132462,48.613036,
221.595595,29.230548,
347.813877,33.238856,
136.297857,37.549057,
158.047763,-1.796374,
160.770660,5.421014,
228.124859,50.167393,
130.078442,27.398777,
178.309790,62.213023,
233.176521,24.765053,
205.999331,47.856822,
159.112026,13.447708,
172.326101,41.742304,
144.457091,42.832690,
233.100295,45.600840,
178.107453,9.141638,
240.847366,42.906531,
353.453289,28.903578,
166.833334,39.516376,
20.832068,31.605734,
178.240179,62.240269,
16.630887,0.658700,
31.894663,-7.049043,
179.131337,7.730975,
234.422518,48.941819,
140.773569,52.739828,
340.821356,32.957922,
226.662606,16.191704,
246.092432,16.730561,
160.591291,39.746290,
22.800150,12.787622,
348.551431,33.654966,
169.264194,51.577174,
134.272618,55.765237,
155.348836,7.302194,
26.159034,24.819963,
259.388730,40.841383,
218.544951,54.978930,
251.888476,49.233083,
175.974182,6.035603,
11.841531,14.118431,
27.989207,18.200223,
186.139443,49.405289,
175.550175,29.047237,
338.883023,2.596801,
5.571885,-1.728047,
178.544078,62.470894,
206.063350,53.743719,
186.507333,49.862538,
135.720653,54.008320,
192.139705,56.585416,
149.891287,39.937900,
0.436401,22.166218,
14.180994,-8.476543,
14.139654,-3.285456,
239.466749,14.097695,
221.557258,41.705278,
153.134446,3.218752,
164.103498,60.265856,
26.547358,2.058584,
172.699206,68.217002,
227.972912,44.699838,
258.437645,31.716879,
331.685338,-0.651731,
350.177253,3.373041,
239.381406,13.211436,
176.089817,24.472794,
350.292001,24.678096,
220.623116,54.066798,
231.601441,30.461575,
54.315060,0.997881,
217.644689,44.707146,
231.390122,56.334777,
144.181740,27.711128,
235.966820,50.297524,
244.676854,23.692143,
188.226450,40.005376,
130.531597,28.323990,
173.086868,44.074976,
231.904905,59.202816,
126.087789,25.286314,
145.843469,55.696849,
132.235300,51.707280,
232.273479,45.310646,
201.976684,31.916801,
210.984317,10.842563,
347.067104,27.853051,
124.536536,20.819486,
247.706737,52.112413,
112.884097,46.229709,
213.077749,-0.540016,
41.266577,-9.148845,
191.325123,51.533723,
359.356195,35.992071,
242.349045,42.697791,
206.125014,61.768338,
142.743685,23.367083,
192.344840,8.354781,
181.357874,47.029806,
219.503686,2.201602,
141.034498,33.562300,
148.180959,18.189316,
200.941939,6.856439,
209.046673,48.596017,
243.697577,56.939654,
11.141599,35.845852,
249.129594,12.703149,
138.379962,51.217755,
19.417379,-0.604689,
232.915776,47.118326,
354.659866,34.100270,
119.605404,40.940123,
177.486108,34.718613,
250.192668,28.528206,
188.305705,43.843709,
40.336372,-7.423508,
217.320523,36.665106,
19.732296,-0.675657,
203.892822,37.494946,
202.027212,44.460639,
157.726208,35.740930,
146.498422,28.658731,
22.420023,-10.052141,
333.632713,14.686947,
132.229881,52.613348,
184.922358,29.691963,
241.948116,41.165887,
189.936659,30.837772,
228.550592,48.436647,
156.980077,23.447028,
191.808596,38.190806,
214.185243,24.354911,
15.272398,27.921886,
148.025732,24.708731,
151.941254,47.389210,
33.990153,-4.836018,
214.667772,10.298578,
229.285249,44.132523,
247.065884,45.877224,
218.565188,60.177160,
168.909507,4.056088,
253.411145,63.669619,
186.032052,41.342747,
180.054309,0.299222,
119.165030,46.201647,
181.506367,54.873986,
11.814030,28.554595,
42.710977,0.750944,
33.990895,3.908063,
159.168619,61.944408,
30.592911,1.436547,
212.329822,49.951888,
246.596847,35.155111,
327.794843,21.366475,
211.494973,42.484237,
206.879217,26.719606,
357.430069,32.317704,
171.931834,59.727407,
186.242045,47.445549,
25.982356,-0.227277,
10.658979,33.293882,
327.870141,25.901828,
211.650515,9.689460,
346.671181,18.788256,
248.540896,13.995506,
262.133181,31.324955,
227.159894,49.586265,
179.532256,4.568976,
190.352884,9.896138,
180.712097,28.657680,
194.731247,6.723555,
227.400716,19.764340,
192.645885,0.440741,
20.352554,33.112655,
14.011864,21.645537,
136.266796,40.641746,
220.421631,57.960666,
35.984598,-8.952182,
236.802043,37.215649,
155.031529,39.271346,
214.143187,51.980358,
359.974972,3.476136,
151.018469,27.110166,
242.824907,52.378496,
1.935914,-0.914259,
13.459052,29.891593,
328.358411,0.748876,
118.361242,21.646044,
183.899317,47.425557,
127.227254,6.367942,
147.737422,37.480600,
157.951548,33.221250,
346.095163,1.075446,
156.735961,20.046184,
233.383574,49.229943,
189.723085,2.561473,
256.276250,37.149951,
172.029295,34.030623,
140.762810,-0.596597,
2.006618,-4.301014,
22.829001,1.409938,
31.689285,13.656081,
183.391769,22.475594,
236.001693,34.462994,
238.339190,57.405708,
31.080745,14.657884,
183.288687,56.969899,
220.145685,63.790103,
224.136305,43.533319,
113.402525,45.840841,
254.841139,32.702282,
145.799884,20.548171,
231.150417,12.009621,
129.468789,33.291637,
117.033514,32.841599,
208.224770,30.479244,
176.390736,31.975246,
352.134218,11.168927,
22.889186,15.504282,
231.481782,32.889156,
329.846100,4.602009,
334.561847,10.493691,
154.512365,33.395520,
150.285293,44.044968,
199.000458,32.073708,
122.716361,57.468563,
246.055388,12.509785,
226.118447,39.773215,
163.747460,19.273156,
359.148834,8.029642,
128.241277,32.280214,
21.425031,8.303054,
148.934315,4.174403,
155.882444,46.112934,
218.724337,30.289368,
154.075983,39.522981,
0.616094,22.362699,
161.296642,59.273784,
345.296779,1.212024,
202.502653,40.913971,
158.497786,35.919185,
8.994984,4.186048,
147.613275,43.941152,
221.278947,4.524669,
145.162464,25.962131,
32.037299,-0.330544,
24.993473,32.275469,
168.199829,14.675304,
212.963766,55.286344,
164.897209,44.680167,
20.387020,32.526994,
157.988423,19.807682,
2.002179,5.367401,
150.502148,21.251688,
28.031034,6.405908,
37.157778,0.370928,
184.457074,31.569780,
195.615092,6.143215,
252.911104,32.496794,
151.467588,27.159577,
118.719954,43.381795,
200.799991,5.070579,
179.482069,6.437464,
333.705799,1.257066,
177.497605,56.791218,
3.219772,2.331731,
176.430062,43.331729,
204.752961,45.613399,
164.164728,42.290039,
29.271753,-1.140140,
223.760251,8.833898,
359.849726,9.030934,
129.222283,43.240847,
224.284594,16.261754,
245.859939,53.284244,
158.195433,54.953481,
119.997524,30.739954,
219.102083,42.000211,
142.656846,42.887044,
177.078030,-2.224116,
207.940573,49.636244,
161.896381,17.824513,
308.930074,-6.763281,
158.414478,51.567939,
219.397646,63.935665,
149.835162,7.483564,
234.001497,48.619355,
159.097251,-1.064289,
232.499300,27.075468,
183.048367,56.103003,
32.364334,26.880604,
320.578358,3.594001,
234.643230,46.004044,
182.177806,56.175024,
165.760134,3.646779,
201.290109,50.146385,
26.373582,-8.692602,
11.370190,17.970704,
19.281323,31.894773,
185.711156,39.981653,
41.903185,1.363743,
161.653719,-2.949344,
172.616765,32.687020,
19.852767,28.050717,
170.001915,45.212036,
356.227819,35.804420,
252.615301,36.382306,
4.681449,29.283191,
134.674785,30.538115,
15.748056,-4.788342,
227.412576,26.716681,
53.115335,0.437030,
163.973190,20.475446,
228.488399,55.705366,
159.757840,42.262148,
8.306631,2.361629,
27.844987,25.356333,
218.956396,11.459359,
213.123969,31.245376,
9.105217,7.541513,
346.833959,5.884784,
135.089572,0.959711,
163.833919,8.445658,
124.240299,36.962098,
145.402970,51.101265,
138.264540,-0.602019,
181.384363,42.321174,
148.934438,54.185759,
128.336366,27.369429,
358.055330,-0.723974,
112.483984,34.938410,
332.843402,11.518954,
25.045600,4.536317,
333.117399,13.608466,
188.864105,34.197828,
219.099699,59.158307,
185.852300,25.202033,
357.623890,1.071914,
218.957785,50.685773,
125.593401,41.724413,
13.991395,35.654277,
212.064228,7.955354,
240.948478,16.688677,
206.887857,13.667079,
180.387395,7.331917,
242.850510,32.797253,
229.966718,16.248409,
197.779940,5.332747,
354.213901,23.069203,
144.085515,0.780355,
129.427041,27.557992,
149.611538,22.020042,
149.387355,31.388816,
125.499084,19.248315,
233.878956,19.379783,
215.128353,28.943493,
117.500572,30.007360,
231.621964,58.923416,
159.056643,51.085552,
206.733097,62.435089,
10.546882,18.538352,
233.039029,55.832475,
203.205888,62.775750,
220.907062,20.698545,
156.258177,39.123007,
158.303162,40.607213,
12.900787,-2.669127,
159.002141,30.014790,
146.187367,37.570660,
129.936333,8.220472,
154.171691,18.391742,
42.611112,0.150947,
113.716828,21.352561,
352.357940,3.771837,
126.366032,40.324927,
218.522622,0.021044,
254.569959,23.281618,
162.505070,35.434510,
236.328707,41.191959,
16.700663,11.597323,
196.846277,53.388577,
205.634913,-0.530846,
221.353751,31.360343,
144.932319,56.041814,
6.333407,7.587634,
310.562888,-6.203860,
214.468029,58.383061,
350.332382,29.589298,
137.186113,59.499292,
218.705773,24.570050,
192.604324,46.143083,
138.214192,50.851102,
332.609895,16.137140,
29.724862,-9.492409,
158.339270,12.796536,
327.664656,-1.896527,
140.827945,14.128871,
323.603275,4.213351,
31.308567,-1.122271,
126.536450,19.345496,
203.475581,53.366232,
120.883118,31.621455,
359.564397,0.738944,
194.757437,20.394980,
185.755833,7.774513,
155.570295,46.067234,
131.467832,50.756734,
157.636591,51.377545,
183.718853,48.053706,
209.429844,15.396510,
164.063371,-1.154606,
116.054405,28.582701,
325.252174,4.191552,
150.757648,39.728385,
248.275562,37.220768,
231.474569,51.613658,
8.073958,29.385800,
192.939149,25.231419,
118.342501,41.843130,
158.257361,47.252756,
230.661665,16.166754,
190.939290,58.373508,
171.719597,24.922855,
246.345177,31.864743,
168.953800,37.426690,
219.077942,61.497429,
37.872936,26.605473,
116.865660,21.428247,
29.186229,-3.814282,
139.728905,28.287883,
196.928729,62.726517,
26.079946,33.595642,
123.300219,29.108866,
349.363380,26.589206,
135.386198,36.743158,
225.325046,16.623395,
215.775861,60.135830,
176.008744,1.507643,
142.953787,56.914603,
204.511694,42.665822,
152.935670,16.103712,
193.722394,15.512487,
239.563007,14.784586,
238.165345,19.739280,
229.015796,45.105585,
23.067369,-10.407121,
10.868858,-1.598872,
221.865206,24.861773,
347.063523,4.102094,
119.808581,29.408449,
212.212141,2.089645,
134.472502,1.086423,
216.995374,-1.358438,
241.730788,44.099256,
115.365680,19.833451,
192.530356,13.244860,
121.963326,28.035110,
162.596155,47.047451,
158.881360,39.411710,
218.099110,52.586670,
157.524704,11.344629,
118.764785,42.527359,
126.694026,48.895356,
325.102889,4.057544,
239.805543,43.383308,
261.755143,35.719346,
349.726171,6.180357,
180.460079,13.396204,
25.547844,10.828222,
251.945844,32.255951,
0.583542,8.916060,
247.749716,48.573630,
116.781515,26.556996,
58.062234,-4.818811,
140.058392,65.310892,
116.695490,22.807049,
162.690511,54.788670,
339.592628,30.450295,
353.591289,24.561562,
237.230175,26.550499,
150.852782,33.162292,
38.658557,-5.942004,
194.547596,58.201193,
142.951979,63.420186,
324.254670,-1.567557,
140.486131,44.035921,
123.958519,55.024455,
221.478412,45.578870,
355.475911,31.347645,
177.854004,8.390889,
352.011609,22.827377,
335.532794,18.979695,
197.844805,26.013254,
184.874443,39.573792,
211.642265,52.902193,
183.633092,5.866475,
161.060340,62.754640,
166.041521,43.751971,
246.158800,43.520778,
12.343653,7.377555,
242.342993,34.415274,
212.803768,7.314635,
39.775845,0.412444,
45.780705,0.172355,
188.611689,7.403147,
190.708223,42.245851,
351.172083,4.180883,
153.633236,15.846529,
144.708415,48.586394,
235.011012,26.581129,
175.033547,59.658697,
150.047369,15.901518,
217.785395,20.481109,
32.286021,29.546030,
119.340091,21.349200,
23.499106,16.191757,
233.631014,9.701505,
207.082519,64.713499,
113.156663,34.810190,
311.831395,-0.230063,
218.217924,15.426604,
235.966366,16.406157,
171.398768,55.446969,
207.939583,38.188163,
165.464036,5.876737,
222.114677,44.511269,
126.437399,43.013831,
200.633648,29.130855,
0.639269,7.127548,
130.788981,14.248743,
230.279912,58.511414,
258.972753,61.253961,
15.527417,-2.168947,
1.358857,-3.000636,
175.575703,11.470951,
154.763014,4.801240,
194.340805,37.318480,
165.686545,33.233899,
20.859015,-1.517230,
220.870205,27.609793,
179.269219,50.736349,
195.734491,33.211288,
350.841765,23.602481,
177.936997,10.664943,
149.864454,8.882438,
322.415721,-2.785826,
125.489946,8.316948,
12.576087,24.100609,
209.016753,47.111527,
139.846618,44.808266,
134.106297,56.750683,
48.741189,0.841351,
150.828777,27.637033,
332.437761,23.344494,
181.859175,37.629454,
213.235399,57.507570,
8.358227,7.798183,
137.997348,44.424113,
165.597443,22.655756,
19.571260,-1.239439,
213.240750,23.438643,
358.317923,-1.582198,
17.376090,29.208644,
243.210836,46.864788,
168.817679,51.208206,
321.080251,0.720414,
196.410019,30.721567,
176.389679,26.450851,
112.874753,33.806009,
202.518131,60.997170,
240.505596,42.260221,
183.211589,13.570076,
192.735814,60.845761,
206.847315,1.388238,
235.282583,20.602464,
164.349420,4.672045,
194.548206,17.271643,
241.248676,59.414276,
178.180812,-0.379248,
232.888464,34.925190,
8.072559,22.845791,
352.863844,8.355221,
340.571600,-9.779187,
121.186879,40.296855,
120.294517,17.564527,
209.534993,13.600635,
129.104006,50.713475,
189.011782,34.872794,
240.929919,24.810139,
156.726339,4.581087,
187.020649,25.679792,
28.623983,0.452896,
22.934683,26.893841,
193.551460,50.293198,
30.601457,12.586468,
124.431911,46.724543,
222.567688,39.145157,
343.877021,-0.053801,
196.223983,38.598620,
40.562473,-0.035983,
226.061344,40.297678,
256.172426,60.741806,
130.660318,38.543697,
47.978510,-7.803062,
135.710447,40.058756,
119.468513,37.319960,
169.357744,47.598121,
22.171928,24.761267,
181.450618,58.804017,
6.613067,9.856163,
215.558156,-1.346284,
248.510075,37.325911,
181.027793,52.833372,
319.785162,0.546205,
22.856462,33.055641,
140.700389,1.082344,
238.093711,9.859033,
242.520742,39.723406,
246.238774,32.923792,
217.834466,47.799295,
159.159999,48.688014,
238.729577,12.675016,
139.123902,8.400333,
216.073265,52.334281,
144.374557,37.540146,
339.689170,23.833896,
10.126170,8.893860,
23.615016,-1.262194,
185.523370,49.906272,
222.306021,44.393485,
143.797570,62.098776,
191.509733,-1.595275,
178.995731,59.524805,
175.051176,48.575675,
146.162076,19.686515,
247.211574,16.330863,
120.409586,14.964968,
232.422610,42.496102,
204.087269,42.420768,
34.680795,0.202709,
21.203445,16.429408,
342.894691,18.811134,
167.965584,35.913277,
193.213703,45.036120,
217.927478,49.951703,
221.893147,10.081923,
32.230906,-9.584051,
132.401061,24.818171,
235.724089,9.373456,
28.436234,10.321856,
202.351270,42.143142,
353.040734,19.754746,
162.439015,28.973153,
146.200271,4.655206,
338.841301,19.894379,
338.917363,32.482903,
129.523220,39.987043,
37.729885,1.678645,
159.119292,44.925218,
332.969058,17.775177,
188.666572,31.168984,
129.218650,26.443741,
322.915062,7.399290,
23.883484,-1.931473,
332.893151,19.859857,
0.847575,-8.268670,
163.057506,6.977126,
121.401178,32.872198,
335.807300,30.306846,
234.488948,60.704128,
145.609897,37.566504,
3.733568,26.122036,
13.007633,21.053159,
143.325824,67.190367,
115.348956,19.081628,
33.000089,-2.319037,
227.955582,1.581637,
32.913542,31.290187,
354.264074,1.299163,
201.746822,54.230477,
129.063308,30.430699,
238.471820,36.559953,
322.765173,-1.531692,
344.431618,1.187515,
241.027095,34.514491,
340.266564,-0.837645,
336.996134,25.111643,
242.740432,53.329499,
238.981511,49.415682,
174.115887,54.251232,
194.768082,50.814584,
119.694657,13.627448,
181.091450,48.403623,
137.030169,14.205409,
44.210097,-4.895459,
258.198815,41.859083,
32.516228,26.678906,
359.858533,26.266371,
150.096448,4.329909,
232.125973,47.667528,
251.265657,47.127506,
243.294440,59.131083,
195.667344,2.916036,
352.667795,29.878299,
185.193471,47.989071,
222.570499,52.526478,
134.567920,6.345021,
141.443162,10.609676,
180.532200,44.364391,
122.160309,5.671846,
130.400776,54.179746,
223.882000,44.419252,
185.168779,51.447322,
123.640804,30.435303,
184.780650,-2.783999,
141.294872,7.769866,
15.262474,32.351818,
128.336429,12.077250,
132.989303,41.535772,
131.570402,2.449750,
252.742132,22.032944,
236.699147,28.533109,
351.995974,0.417968,
135.379550,24.476395,
232.476056,33.801455,
212.086981,40.026121,
222.726787,6.290855,
36.089847,3.051306,
126.166862,16.998782,
177.544591,42.675339,
163.382151,50.743377,
151.251458,28.214579,
181.092960,2.371341,
114.484202,34.373420,
203.539867,53.625229,
122.438809,11.685115,
124.015363,41.148939,
189.210606,28.603723,
27.692321,16.725377,
324.393770,11.968035,
208.242239,27.893915,
155.286849,22.498914,
245.270469,47.579027,
71.610739,-4.326472,
122.266157,52.976145,
199.639315,53.184127,
175.689403,68.043497,
237.799246,19.541142,
205.939269,52.392462,
171.263655,10.777432,
353.219565,-9.458780,
114.271912,25.703826,
148.940359,6.658047,
178.704251,25.413210,
184.219031,32.200272,
138.129809,32.170224,
196.134121,61.731136,
165.098406,28.831779,
9.988848,34.112500,
132.018829,43.991413,
147.175966,22.259604,
165.957242,37.257463,
314.035318,0.491142,
193.502020,22.699128,
332.795782,-0.164831,
125.993202,9.361049,
32.266663,29.090024,
160.174783,15.102179,
137.872207,34.426537,
327.305549,26.567542,
345.400373,5.404189,
152.489462,9.295000,
236.387676,49.995701,
13.497794,34.840076,
133.240087,18.184932,
188.731963,59.019998,
19.798704,22.016976,
356.731305,35.599696,
251.542494,23.489717,
138.315223,4.055669,
167.585738,21.251514,
351.500812,20.373258,
208.165983,10.588047,
181.644253,20.615334,
228.446982,15.611125,
122.951321,21.426002,
12.753715,4.626392,
170.010677,57.334770,
15.420887,-0.744227,
209.489651,41.740225,
207.367527,31.028439,
139.407842,16.589178,
127.565167,15.205020,
226.664793,42.242473,
359.005573,21.244463,
221.757403,32.569921,
356.785639,24.675615,
163.768505,19.573116,
28.163815,-7.987165,
138.581464,1.458860,
129.552636,30.315807,
230.050013,49.527888,
248.497594,37.007676,
221.514131,42.846730,
27.051530,12.465418,
6.283665,-2.556999,
163.894424,3.508016,
223.101008,59.114111,
166.945203,29.494148,
212.215308,51.871491,
258.379110,61.118824,
168.829583,22.569596,
245.563637,21.840212,
196.175072,36.142579,
157.498508,45.762397,
40.611779,-6.294582,
200.701070,63.080731,
22.531938,23.887725,
24.788716,29.773188,
160.066926,27.341726,
203.010898,-1.382386,
136.531529,13.106928,
204.439100,51.290187,
220.289507,1.628514,
238.585613,13.543906,
143.002281,36.135554,
126.118961,40.556484,
128.887061,12.217975,
188.475125,49.093241,
202.241757,38.955240,
124.500267,24.880138,
144.935585,39.400796,
167.128959,26.045640,
199.076609,4.900281,
118.460099,51.358998,
182.679029,3.802560,
186.163644,33.410812,
150.417683,21.895265,
251.782724,26.934747,
216.309645,42.277519,
247.479851,16.501847,
142.985248,42.413823,
207.842192,-0.298819,
9.886135,-5.341283,
146.067205,15.223172,
201.718515,29.426356,
342.284238,32.970058,
189.717402,23.277301,
198.584803,47.222575,
172.500958,34.773887,
16.070764,7.101613,
204.252742,37.189672,
174.600827,50.205999,
238.203180,52.873270,
2.606445,3.405789,
322.675831,0.608291,
6.564732,22.379674,
202.878443,38.380265,
138.488922,29.413688,
149.979711,55.258846,
249.104073,36.249400,
348.786787,-1.176472,
340.289292,5.250524,
151.939741,11.714099,
255.946833,31.454724,
346.748460,31.679240,
178.532275,0.187071,
247.448596,31.909606,
142.294727,12.735262,
181.306546,17.453191,
233.327813,14.553873,
218.462261,14.835606,
179.678861,35.212094,
320.996460,-1.103092,
161.147531,41.230485,
202.592863,31.951859,
142.771845,34.508080,
173.047779,55.118861,
177.153175,32.515460,
182.555443,41.585383,
182.973527,34.615059,
180.006730,38.345739,
185.089665,12.002331,
228.535940,40.470316,
228.012697,53.400875,
181.580781,42.115399,
137.951555,47.051671,
358.839351,11.308222,
212.311361,5.147961,
165.934889,38.936066,
246.072285,34.596507,
147.612431,54.994577,
228.906170,57.942435,
231.022993,57.191758,
236.997456,39.374468,
206.693613,31.265750,
117.260449,50.618024,
152.046068,18.449277,
148.221314,7.504723,
171.279009,-0.279891,
242.231315,39.997218,
327.523461,24.843514,
236.587428,45.654657,
235.377476,2.417180,
236.886654,2.811117,
9.922745,-4.278409,
112.027165,33.620031,
136.564494,18.026597,
181.250296,-1.939952,
215.062308,-0.856244,
199.408042,10.407698,
34.422109,2.312193,
234.446021,50.873997,
139.037413,26.110109,
16.767481,2.711559,
16.388242,-4.413377,
346.845390,-8.743001,
337.977772,19.352288,
32.438766,-8.289211,
218.832403,32.046765,
177.726033,19.514984,
192.456701,35.490267,
213.112068,5.363024,
205.620040,54.366511,
200.455782,46.635123,
4.593596,35.182973,
339.664755,26.341062,
208.777933,20.159647,
218.843820,44.444552,
201.493409,60.726067,
163.794266,21.949072,
114.638063,30.333490,
251.201271,33.472180,
330.388293,6.835831,
328.150388,21.830908,
230.564468,36.630712,
170.854742,26.886736,
145.178871,10.755028,
223.896458,43.494420,
130.694099,22.445781,
217.808238,32.887284,
342.331415,6.204255,
212.775176,21.775238,
28.517940,-8.245465,
163.068473,28.748118,
234.796507,0.433528,
195.596069,6.109011,
132.512758,21.131273,
221.944638,32.383927,
7.668794,3.078875,
140.441631,1.136043,
145.712594,6.594408,
37.763066,-6.574583,
43.682005,-2.429375,
237.129516,59.849687,
248.748649,23.389162,
33.290159,27.778057,
115.410293,22.816739,
135.594738,28.515049,
228.527564,-1.822171,
157.421895,29.006707,
187.277992,36.685600,
163.800323,19.214896,
124.567103,44.927247,
223.061904,7.851266,
160.462305,36.618627,
113.200332,21.518878,
198.286104,54.354300,
28.202888,28.479696,
118.883920,40.865714,
177.291290,4.111534,
190.608766,53.830531,
355.049349,6.895209,
0.366662,9.303397,
214.276757,23.341885,
179.220066,42.860452,
166.429615,37.245395,
151.400299,9.664342,
340.731682,23.067439,
169.948365,23.594324,
204.578655,17.194975,
134.180769,32.211742,
211.422868,-1.285465,
350.145944,34.559711,
224.601945,36.522089,
199.493458,4.058670,
172.670784,33.051799,
198.961818,57.483925,
188.613952,36.862149,
206.719905,-3.483624,
28.436745,23.122352,
354.412291,15.005662,
311.419923,-0.646213,
153.808023,39.318675,
40.041746,-3.016576,
334.595342,3.630822,
156.982293,15.341124,
15.533550,-8.744610,
139.370359,37.664294,
176.705562,39.500182,
148.008978,29.033943,
150.844218,41.937318,
227.873693,20.062084,
138.809466,41.717995,
208.684304,36.938713,
167.851802,11.530492,
148.242194,3.183135,
127.475178,5.400929,
148.204845,-1.994784,
145.424746,27.294853,
187.604270,20.191708,
345.819899,15.561334,
246.780289,30.746337,
129.832700,36.122891,
154.566082,36.807969,
8.014818,30.012271,
155.552297,60.920983,
248.671621,22.432560,
185.452360,4.985811,
194.391127,23.144457,
211.480937,22.365078,
225.744667,16.447733,
31.680846,1.854766,
116.462479,50.573084,
127.131542,45.783182,
239.473640,11.300867,
252.402170,50.780791,
221.016560,30.073415,
144.728634,22.368403,
169.307979,67.689647,
11.918670,3.003380,
125.564370,38.507879,
186.904169,27.367847,
192.444719,60.393395,
228.005569,23.996657,
186.936325,7.094345,
211.919159,64.970265,
204.528315,22.888066,
239.693650,20.175635,
116.704527,46.505700,
165.752356,34.579191,
240.764292,3.745789,
15.155677,24.917620,
219.751540,34.957038,
328.274681,27.645784,
199.262331,64.749339,
15.995992,17.412942,
117.537551,11.184293,
233.480166,15.769450,
3.297715,24.630833,
230.571817,58.255879,
229.242468,59.239870,
238.122776,55.524250,
188.578438,47.072930,
117.527928,28.467059,
19.260244,10.590630,
319.311250,1.757898,
357.614836,-2.390212,
245.286003,32.112729,
44.549282,-1.735980,
184.836535,-3.042266,
0.341123,-0.057550,
168.463256,-1.555856,
43.561807,-2.895423,
207.513372,33.282037,
179.535884,8.035456,
343.571636,0.267052,
126.706826,26.042617,
230.472386,38.177089,
126.508158,53.363387,
244.889576,54.073627,
40.713322,2.404247,
210.523348,6.783649,
355.416349,0.612310,
3.514757,2.489629,
193.147708,11.764780,
257.052192,24.892915,
24.592666,3.292915,
9.882347,17.540442,
6.578475,0.183584,
120.974434,40.386561,
165.939582,8.652025,
129.460485,7.777211,
345.027032,29.475631,
224.434755,13.572737,
186.713326,2.973332,
22.806611,28.578060,
325.447186,6.188409,
186.627880,49.260220,
165.020896,9.954996,
184.007429,37.131814,
193.390807,44.934976,
329.293520,27.827015,
210.272138,6.488302,
205.237847,35.826239,
236.743365,50.497445,
239.210046,39.761894,
162.209038,6.440387,
352.687423,3.476656,
225.884084,36.688353,
203.901180,12.912616,
28.128573,-3.161484,
212.040318,2.314686,
1.919404,-4.244486,
187.076933,41.599854,
6.934362,-2.714144,
214.862741,2.910976,
144.905488,52.114622,
215.327247,60.575313,
17.196897,35.019067,
160.010832,51.346556,
125.761140,35.690884,
223.957690,-1.505106,
146.684636,41.146275,
194.205294,11.692929,
150.174289,51.170745,
143.240489,47.880415,
222.403122,4.507986,
32.147930,13.302653,
158.902634,18.849135,
4.295509,-3.864799,
22.789088,10.750128,
160.320514,23.565427,
248.820375,35.597024,
197.248516,22.539580,
189.795308,56.182807,
142.735398,12.712052,
134.052976,22.455965,
178.421295,23.482341,
7.113481,26.594743,
17.255499,19.308059,
165.932046,21.905530,
192.140826,19.814927,
163.981206,59.574140,
126.408286,20.846899,
178.744529,47.202738,
117.519442,15.871689,
137.259394,0.626651,
13.722109,-0.549535,
138.990910,46.170331,
216.097557,41.317988,
220.937583,16.787083,
229.789594,51.549132,
351.972614,-10.296731,
329.936479,27.938713,
218.032341,14.757197,
149.526781,56.932849,
11.077036,35.607425,
182.372228,43.312479,
203.019802,-1.292956,
137.741397,52.608399,
113.689042,20.819851,
146.189343,59.904593,
178.338061,36.434371,
206.723091,-2.707755,
206.886806,66.055732,
122.580593,43.356008,
211.012588,7.559178,
329.530506,26.307352,
161.300405,39.560895,
207.539217,56.610733,
171.366051,32.423277,
125.568242,43.609730,
136.727236,2.220898,
218.537166,20.089582,
227.692243,1.855588,
357.820624,24.150874,
130.867188,18.503624,
181.258301,58.922831,
109.923165,40.852067,
28.763875,4.142266,
155.735919,54.121659,
205.198422,38.959802,
229.405348,38.874723,
192.873538,54.390017,
231.763927,28.275569,
172.342756,28.752234,
170.761859,27.375401,
113.003497,32.537984,
335.141985,23.132605,
19.502990,15.168486,
221.291710,52.760759,
337.420120,5.550242,
337.527710,28.611602,
200.360006,17.637670,
5.507824,26.636264,
207.657586,57.488799,
199.458010,10.001257,
156.617005,40.479037,
178.955952,50.354798,
153.723471,30.903433,
21.489648,21.510945,
335.858170,20.800814,
161.526767,40.907058,
225.109174,33.015138,
6.015515,5.549865,
138.542845,44.817218,
162.110290,44.767475,
223.199984,48.910513,
148.622015,6.479105,
208.203383,37.371740,
338.106590,14.877638,
15.796960,13.271609,
169.689726,23.899370,
338.610441,6.239146,
326.726189,-8.027339,
233.874474,23.964150,
215.129147,15.137753,
217.033769,32.277931,
236.630828,47.464697,
219.028559,21.371851,
161.822040,54.131850,
187.975897,9.539021,
215.577625,17.201497,
233.427643,37.595023,
235.683880,24.001800,
344.390496,2.240254,
2.109767,-10.640530,
233.157693,39.512406,
199.979595,18.909628,
239.728668,10.847527,
344.682363,23.557314,
356.592133,18.472085,
203.653610,61.575707,
147.088170,28.359477,
356.031691,-0.981320,
204.238845,43.131793,
176.791917,18.076944,
248.891645,33.606963,
219.688996,16.052407,
246.241916,42.630182,
141.726764,5.146446,
243.359285,6.832960,
206.959683,51.425379,
23.877936,33.767226,
156.255835,43.242591,
205.924056,37.459308,
47.941348,-8.166939,
144.521156,52.745383,
338.744738,-2.405300,
236.667328,59.749898,
152.613352,16.822814,
225.093403,41.892022,
148.848503,1.812338,
148.338230,25.196240,
136.397140,41.496890,
163.960829,16.514204,
151.616429,60.512116,
237.642318,3.532155,
142.316223,43.063158,
335.432290,20.452856,
18.470316,34.006281,
131.485260,6.979188,
198.716899,8.100275,
170.017051,49.313047,
34.687048,-1.696292,
152.516910,3.826757,
209.450413,51.548566,
244.856372,51.508188,
233.323916,37.357270,
41.972724,-1.540337,
206.154033,44.647008,
191.961435,30.410767,
202.573116,4.779573,
161.140170,26.732423,
122.983010,57.003162,
40.459278,-3.818963,
24.590784,3.741675,
172.798356,25.330517,
146.824138,23.183665,
11.590240,20.757157,
152.349803,2.848560,
184.675215,41.536286,
195.620468,7.730504,
174.707629,3.001558,
49.529514,-7.377798,
198.106654,46.506306,
193.345406,42.077187,
129.680386,9.360124,
129.486254,19.515539,
19.608855,16.028241,
211.655459,-3.058781,
152.219221,47.931252,
221.748245,12.053614,
237.219477,53.713371,
23.703156,1.817399,
154.160702,10.928521,
216.064242,9.851419,
318.644065,7.883841,
12.469493,-2.303830,
141.667852,-2.511520,
200.124195,32.904373,
193.677931,2.679630,
3.270852,-1.097010,
5.096588,-0.186313,
172.656649,21.719670,
244.857813,19.683482,
261.755303,53.023274,
17.161740,14.074564,
134.897846,-0.230769,
136.529455,39.888776,
316.206517,9.110617,
10.578001,0.543628,
236.877937,35.688778,
236.854506,23.659763,
205.546726,13.587980,
24.154401,30.627190,
137.334703,3.401377,
132.426390,12.323341,
202.990751,39.803430,
131.594496,16.818275,
153.560734,5.971380,
170.485322,14.320918,
184.640519,15.018565,
205.707656,62.537075,
216.000036,54.880205,
225.221159,58.096224,
160.285117,48.283215,
142.631156,48.053414,
164.055030,37.332364,
27.513398,32.477606,
237.909581,33.751117,
159.073275,41.710315,
215.358517,1.096106,
152.288385,53.850652,
20.320822,6.094274,
171.103890,-2.851370,
161.359922,11.142930,
202.329769,46.510112,
117.780250,17.009829,
196.165314,10.454726,
123.640767,48.490133,
224.331003,13.739076,
331.409549,24.846106,
21.602672,-1.403691,
31.715516,-5.983390,
6.946281,-4.860812,
342.876349,28.841116,
138.947074,9.759750,
160.528030,29.640819,
8.349894,31.801568,
194.876647,8.204333,
178.173491,45.451597,
139.989737,21.684405,
124.314010,30.238910,
190.888008,35.279477,
209.901804,55.382781,
202.664745,53.902853,
136.848459,48.392921,
236.187692,37.219072,
178.603663,10.998977,
351.765224,22.333682,
24.744543,-0.260228,
37.900093,3.792658,
123.940293,24.220002,
166.173934,1.567395,
122.904292,51.423379,
317.902245,1.617952,
196.259503,5.364204,
58.596892,-6.472012,
162.778983,53.528745,
199.141063,43.916809,
121.061935,6.634298,
221.373400,36.770778,
143.000333,55.563176,
150.554501,31.589425,
192.754517,38.024081,
222.175221,-2.282696,
29.242376,20.134809,
346.481207,0.996193,
188.877883,13.608472,
211.961767,-0.279614,
9.055782,-0.517489,
1.049881,31.567924,
31.890842,3.246927,
141.034675,26.873200,
134.688314,26.512896,
169.955437,23.546976,
234.002226,58.325613,
227.255823,16.487398,
168.281067,25.518952,
169.989831,57.007301,
16.154143,32.893278,
122.275444,26.190438,
203.280355,58.330315,
209.171917,27.395122,
139.689121,0.778997,
223.508320,45.007292,
158.020061,21.507372,
243.174753,50.807044,
28.927602,7.452489,
257.585290,30.984910,
19.561106,5.612552,
21.839013,14.554571,
194.788812,38.833683,
127.653166,57.487534,
2.223982,26.252455,
212.647747,50.311784,
359.407791,2.163960,
4.310095,-3.976926,
330.393770,13.912335,
242.416651,57.635648,
166.683887,58.090137,
159.369659,29.608143,
238.444870,36.365071,
240.901255,30.255950,
221.440728,24.259056,
190.283172,45.881205,
166.466347,10.581969,
258.314769,62.804370,
23.999917,30.479561,
141.672916,7.239511,
9.208353,1.517755,
240.686717,40.800777,
329.579118,2.147146,
166.011662,50.464682,
160.945421,40.743551,
248.883174,35.637572,
216.142995,41.302006,
120.724571,29.318776,
342.890976,27.464679,
349.214076,18.384479,
147.391542,48.466247,
208.067541,14.227533,
118.631301,35.971923,
221.626845,52.829929,
190.198555,47.502794,
188.790441,61.259507,
214.236443,-0.839323,
19.284341,27.179064,
197.975687,23.636380,
337.172120,22.411434,
206.734856,53.010844,
118.343983,33.706748,
223.401834,38.509975,
175.619190,50.758007,
40.230832,4.367183,
341.366273,29.287703,
237.336741,25.186990,
122.483451,50.333593,
185.360345,37.834328,
20.423303,11.830672,
11.073004,33.512217,
145.001563,62.379331,
3.692234,3.665070,
133.449500,14.816341,
27.566821,-2.773338,
115.348223,21.268071,
180.672067,6.815075,
28.964028,22.507037,
170.411751,47.998104,
162.440422,34.153499,
0.286351,25.156869,
141.561771,39.129536,
233.473315,37.770276,
2.068909,-4.167313,
171.404392,56.192595,
205.601314,51.170132,
31.859445,1.907298,
204.583502,29.368362,
150.320921,64.335950,
21.737604,31.898078,
241.283015,48.572816,
246.233765,31.512540,
220.329003,18.310520,
113.086424,21.426630,
156.120852,5.497925,
214.419088,65.165936,
159.268855,65.720863,
20.590340,3.263739,
183.611111,56.600021,
162.755411,58.016688,
219.579317,52.412867,
40.203766,-2.170262,
114.037986,44.640369,
166.872217,54.222704,
140.075113,42.560411,
196.963201,49.129349,
167.406734,51.216998,
147.689714,24.537639,
199.767629,5.268564,
154.072838,61.417074,
174.118077,45.721722,
317.109629,-2.087139,
239.978656,48.722008,
2.313935,9.744851,
153.353638,28.410928,
2.978929,26.809552,
170.396460,7.355689,
39.905326,-3.266288,
156.335905,12.579557,
113.632172,33.865387,
346.307333,22.289055,
256.368677,44.385067,
337.786447,6.192485,
144.286567,62.334852,
247.183643,20.011035,
200.499990,63.257915,
195.157253,45.571804,
338.716493,29.678676,
23.671640,33.563016,
352.215289,6.278575,
188.712012,46.141040,
208.191587,10.625779,
144.182337,47.873263,
117.059824,34.132409,
20.731300,-3.490613,
176.323501,-2.367332,
190.669642,24.319603,
234.065953,33.785481,
253.450410,22.252820,
183.052645,61.937959,
314.751514,-6.719319,
17.807943,-0.055100,
177.049055,48.967212,
228.419266,46.891519,
230.318563,56.333438,
153.702785,14.921450,
155.585255,5.214408,
350.896836,-0.693651,
184.803452,38.633829,
145.857770,26.763870,
321.772554,10.845856,
4.250632,11.622460,
147.362292,43.007098,
126.303462,8.347276,
349.402847,31.299444,
135.535060,32.498778,
158.177969,43.601482,
189.470665,-3.078737,
355.964497,34.191047,
171.142338,32.472032,
174.144719,2.347247,
22.027075,-7.814992,
254.230446,34.720817,
228.153947,43.982701,
203.263962,0.080941,
158.836371,11.376696,
116.639082,19.503036,
135.644375,45.508615,
214.214575,18.837268,
345.335242,-0.217243,
333.559846,1.419045,
354.249481,23.831411,
174.747832,54.369855,
186.085888,13.918719,
206.002636,38.628272,
174.487063,21.879382,
147.384456,3.592164,
14.185978,2.275067,
128.799431,16.159575,
152.082003,19.547315,
207.021475,11.895738,
179.790434,38.983624,
162.988473,37.908092,
218.010731,47.595529,
116.496740,44.638072,
210.537920,66.271562,
36.935211,-2.846919,
350.697746,7.379005,
206.745492,34.261367,
200.861627,57.321977,
249.259204,41.506153,
7.291619,19.570835,
222.393994,63.456150,
240.804619,10.656514,
28.951597,7.380289,
46.064913,-6.708064,
121.474654,50.340951,
11.494190,0.423463,
166.266088,38.636483,
335.454773,27.477671,
10.713220,-3.837874,
27.274112,-0.215394,
164.505829,8.583377,
170.479427,58.460587,
198.799549,2.854758,
21.409923,5.431648,
142.189948,48.279061,
151.512985,19.988181,
176.423637,67.207646,
4.445131,1.268589,
26.400049,-0.103094,
257.382848,43.410110,
193.126869,50.149064,
10.192412,10.371288,
167.969578,-0.810861,
245.129878,19.810656,
6.623740,3.033764,
161.127958,20.784378,
179.576917,10.980438,
331.534848,27.353985,
187.721297,27.139446,
338.987587,28.971880,
174.411505,56.380921,
135.234364,46.167265,
123.996626,41.749204,
221.934367,63.215195,
358.787347,12.466974,
228.858035,-1.453791,
206.450513,-2.615089,
187.946323,12.643159,
118.671885,31.339843,
129.550275,9.230281,
254.151375,42.486322,
4.009452,32.135610,
34.955928,1.540155,
55.027937,-6.829672,
8.530635,-8.914480,
129.809559,9.872914,
259.791416,34.667045,
125.159051,38.571422,
156.724216,45.816664,
351.725941,33.436148,
181.447662,26.422888,
29.754216,28.716311,
232.905909,44.329377,
124.611769,13.011899,
201.993349,58.743273,
224.803778,20.074048,
210.895738,55.735102,
124.150771,29.693272,
186.681598,50.840155,
167.401601,23.726528,
242.579056,40.392075,
131.477841,16.235972,
174.001668,30.166843,
345.203999,2.555739,
166.010971,45.681982,
194.874718,56.090499,
197.554388,-0.060976,
230.117350,54.201796,
55.726963,-5.109041,
347.943323,-9.242277,
346.039432,-0.769048,
8.469211,24.795109,
15.770183,9.787160,
225.281418,31.863321,
136.698738,57.637522,
149.238469,45.219497,
222.790551,30.883509,
114.540535,32.509482,
197.552401,22.875579,
188.909603,45.664141,
183.840183,-2.575467,
23.568274,6.679274,
202.088994,58.268995,
32.534019,-1.425446,
207.033500,33.996158,
357.109112,21.551419,
39.981420,3.495634,
190.702160,6.288437,
197.377937,30.728399,
201.188747,11.806139,
214.183820,55.015363,
171.505753,-0.752515,
8.254766,31.562647,
171.969382,-1.504843,
163.958574,35.719240,
339.460180,9.728065,
205.584966,36.788603,
189.301481,35.530639,
347.524435,-1.137732,
220.602253,36.387320,
31.636585,31.898163,
7.516663,26.977508,
150.244165,49.788319,
26.813743,7.048761,
346.009842,30.132586,
126.035863,16.625726,
199.194700,5.508347,
222.184609,53.136667,
180.941657,36.664859,
15.706718,14.314838,
25.774235,31.750362,
114.178213,32.154288,
346.885668,23.071262,
344.517372,20.494103,
12.840394,19.945191,
178.918272,48.764827,
20.557301,-1.506939,
168.305377,10.370120,
148.480968,40.403815,
32.844487,26.879444,
17.732111,20.339884,
171.991547,12.402603,
164.900514,29.694175,
119.339155,46.429656,
217.188162,50.508688,
125.941348,25.903933,
350.615137,26.450057,
160.804596,47.162635,
9.183038,29.128157,
240.637604,34.248922,
209.807370,23.373481,
146.161727,43.826889,
242.562542,1.190244,
115.750010,48.984372,
235.597444,24.884037,
135.826750,24.513611,
27.998082,-1.153428,
214.966037,47.150368,
8.933716,14.633875,
178.319146,18.309812,
246.731833,12.568417,
199.249844,37.751288,
153.773288,55.680553,
139.147691,54.240801,
39.931969,3.868292,
146.461943,16.790825,
223.535654,1.844078,
129.557756,50.312840,
150.764551,58.971926,
119.809594,37.422081,
134.522047,7.711802,
8.078075,24.097085,
243.921728,5.145115,
118.188345,21.423683,
195.988597,36.511548,
29.703096,3.435815,
232.043263,-1.203969,
176.451749,40.781007,
4.436673,3.268371,
125.867805,22.464278,
145.826379,41.091542,
332.501585,18.216794,
114.748314,20.364040,
149.827008,7.564142,
146.249916,31.999911,
326.438638,23.584512,
31.507495,31.039725,
242.028616,54.728421,
146.938621,-0.687007,
153.570714,48.804502,
135.437018,21.110369,
213.877731,52.077649,
147.960753,8.217368,
356.700591,27.528769,
142.596314,43.808516,
182.905377,59.105349,
350.460362,20.211940,
8.151969,10.021415,
175.096102,37.470884,
161.594569,10.150616,
21.052870,23.108898,
227.713916,-1.151760,
203.731441,35.976028,
218.647422,7.606248,
149.074873,40.036486,
239.704186,41.138762,
167.749999,50.748800,
175.586320,56.743199,
166.431637,19.229161,
208.316266,15.894892,
231.045834,50.136518,
7.573981,7.361290,
237.505256,18.771016,
161.975526,-0.909005,
335.010498,19.132682,
145.818160,7.507648,
252.314891,22.300300,
63.103532,-6.092139,
128.964021,24.689384,
134.001062,60.292992,
13.112571,7.804236,
146.864408,1.747765,
207.316159,39.191144,
17.852500,22.701764,
343.948355,19.886146,
178.789291,60.682159,
344.580406,6.291744,
191.575859,64.795121,
111.183637,39.453289,
127.997581,55.518561,
354.596513,15.079229,
170.596328,28.409396,
123.670517,46.130155,
251.156831,43.276855,
198.705928,2.418186,
261.158858,34.499674,
171.740229,45.268428,
238.351099,49.124153,
35.768556,4.410375,
7.838713,9.220897,
232.773180,46.630913,
351.480458,22.456031,
203.893609,59.055448,
348.076291,13.008468,
55.945853,-0.118498,
127.481972,30.030105,
27.526967,-8.034330,
157.150349,24.067178,
165.953643,36.879804,
115.154536,49.312556,
235.750434,20.916808,
166.067076,28.126857,
228.444278,58.451602,
191.360870,40.461585,
155.225412,28.990506,
254.876450,25.306608,
218.741835,50.688520,
34.229138,-2.801637,
121.831887,37.784660,
228.624017,57.711967,
17.855595,8.512009,
156.559661,45.047638,
227.008796,57.731755,
177.223241,64.014611,
195.870563,42.302659,
181.026457,52.372006,
132.794877,56.617139,
246.153192,33.208852,
192.381411,33.910872,
10.723559,-5.123287,
140.845259,3.639335,
17.478338,31.987529,
112.920766,38.183142,
61.509824,-6.669084,
147.971494,22.378409,
139.294666,1.262026,
140.452975,31.059274,
355.230533,3.701532,
196.925439,26.947162,
130.659932,23.726999,
228.502449,3.156444,
10.520356,-4.905848,
241.107329,35.717916,
38.008969,1.796696,
161.060315,52.900408,
155.770167,56.389562,
224.070036,59.608272,
230.282968,56.413466,
222.579946,34.923796,
166.841256,17.045890,
199.962568,11.043946,
20.774334,26.343365,
135.945964,42.940237,
356.316537,1.940777,
334.699569,3.238149,
5.154183,-1.804355,
165.159829,20.288119,
1.869769,2.614189,
127.557212,38.664914,
245.599843,17.286709,
130.775772,35.556735,
216.599562,45.043611,
330.190836,1.874192,
136.155347,19.688443,
357.066733,-1.889984,
150.834021,44.501166,
15.752379,31.152203,
222.094831,2.386667,
161.446710,12.329955,
9.545186,16.753236,
32.012678,-5.050003,
2.491626,-3.492658,
11.307322,19.769180,
176.315135,13.856795,
236.214984,33.136128,
13.161911,17.546441,
223.934622,22.435632,
180.871959,35.120353,
140.893329,42.176810,
169.774623,1.030041,
13.388490,35.514031,
199.878482,42.904464,
140.929586,30.887347,
5.311340,10.666823,
189.391861,-0.831358,
173.379205,56.761846,
124.175886,24.963951,
164.538705,54.439892,
354.096543,30.763354,
354.105895,27.781893,
210.996120,24.340004,
201.960353,58.481355,
210.489304,9.590070,
119.281092,52.460897,
204.746559,27.450642,
188.245560,60.644828,
34.128687,4.805181,
153.101333,2.131845,
325.536538,-1.335982,
197.619424,32.345484,
151.000681,25.752066,
173.899885,2.273031,
49.300981,-7.980658,
230.083804,23.685182,
204.856712,26.975098,
256.772239,42.973563,
239.872754,26.244150,
165.666716,42.818875,
196.571768,42.273632,
195.232911,39.100972,
204.749333,42.172955,
109.822713,32.193609,
163.443542,56.025632,
13.299677,-9.554906,
144.354171,43.490061,
203.299358,25.072316,
211.942334,45.253444,
253.966258,32.416911,
128.988328,4.385100,
207.783512,19.204806,
163.787452,31.465674,
235.050414,28.481827,
28.505486,-1.366609,
142.879310,29.267620,
167.526098,48.806647,
172.010881,67.991755,
140.236447,56.347115,
225.499261,39.633947,
226.383402,42.300955,
242.593080,32.640047,
226.845370,53.700708,
229.885326,45.929833,
261.773341,34.887835,
244.995603,27.118239,
128.659247,16.729296,
255.864034,18.887475,
349.657579,15.295528,
343.462904,0.502954,
141.297205,1.605295,
212.994690,41.006732,
180.131652,41.406390,
225.552043,47.306517,
242.274080,47.857360,
328.913209,19.004628,
354.610337,21.615948,
225.905380,59.412108,
203.130015,47.248161,
154.939976,47.770855,
4.171556,1.012561,
19.400771,21.425480,
140.494531,19.938164,
329.394610,3.108283,
214.568537,58.554929,
134.424188,40.750845,
10.823426,3.644162,
123.110793,20.410192,
145.100949,33.649284,
242.060564,29.561308,
166.649383,8.733978,
214.216960,11.533701,
56.318561,-1.210460,
145.203628,42.254787,
170.010019,41.145641,
201.415951,46.780536,
158.154982,-1.139149,
246.592232,31.276388,
324.275350,4.111890,
343.962273,24.378088,
225.461970,58.544183,
22.620330,5.983892,
250.029229,44.863025,
329.225335,14.879729,
162.565757,29.308532,
156.854012,63.298077,
121.251179,33.384017,
258.565723,25.969883,
222.795396,15.548830,
216.609241,60.744145,
147.426405,5.377872,
231.819342,56.683747,
210.653744,41.896785,
140.968571,12.790202,
34.500550,5.344807,
158.659819,44.559250,
194.304401,31.715954,
330.063067,4.029422,
359.185159,19.770611,
201.190074,38.571350,
117.954876,45.659592,
192.265386,53.553306,
205.801320,7.932180,
124.730316,57.619278,
183.729397,7.538154,
181.951429,28.850116,
2.948656,15.312998,
150.993667,61.259257,
113.674731,27.567172,
50.493370,-0.184097,
163.852356,58.165956,
226.060827,18.722411,
132.055952,24.423938,
133.223908,27.674705,
218.164419,30.100460,
166.183692,7.233411,
143.467117,6.402595,
193.825226,23.098207,
6.800011,24.533219,
222.432069,13.939018,
178.514336,33.191119,
155.048627,35.414896,
222.003230,7.597109,
225.552122,50.771790,
142.274238,46.244146,
200.313864,14.980967,
242.819730,42.366063,
188.874248,7.252798,
181.666937,6.029831,
13.224770,26.128030,
10.912141,32.180923,
177.362136,59.238908,
311.203049,-5.842137,
148.791938,43.068918,
222.859203,35.617549,
326.836170,26.505150,
175.005210,63.003116,
343.607059,23.511018,
217.519462,13.267394,
119.729639,40.227499,
331.325554,30.544306,
18.768469,11.590104,
228.990953,11.941195,
167.127199,-0.092819,
47.286571,0.586455,
180.653345,26.260780,
205.752257,20.943014,
37.666121,-5.266500,
164.671380,24.455702,
152.429979,46.107688,
4.608892,-1.519276,
214.539949,51.121488,
21.277038,19.118071,
191.840162,57.798164,
341.229948,-0.333257,
31.554622,-3.764217,
182.503497,32.413193,
352.195589,-1.618364,
135.656743,45.273727,
23.009923,29.016754,
209.217351,36.407174,
159.380605,50.401636,
173.961793,39.893374,
169.499153,36.649416,
218.669979,13.632128,
224.577513,52.746677,
144.345808,42.443127,
181.942081,23.704166,
2.704870,19.284429,
193.534396,38.112140,
164.349287,56.652358,
34.997191,1.114349,
163.063899,21.469950,
175.661975,55.407159,
173.608250,65.543854,
207.614588,17.859721,
238.677962,47.630775,
17.896102,14.671436,
130.737813,13.194341,
138.459009,12.845490,
314.340495,-1.136893,
174.557343,2.763450,
236.904539,47.515107,
197.240701,0.031235,
119.530063,50.244117,
206.889092,61.897871,
230.780592,53.899504,
335.161626,6.269509,
170.696638,12.593708,
128.456076,44.164663,
184.084290,37.508411,
130.897557,41.525724,
223.017578,16.862181,
328.346204,-0.592317,
154.760839,45.234580,
186.679056,29.988442,
234.907620,15.654876,
157.361073,33.139813,
354.717089,24.483275,
121.417337,56.258438,
149.769245,47.032608,
39.784479,-4.298987,
125.423463,8.663816,
350.668554,3.865807,
179.464010,67.496707,
241.976042,31.923803,
13.395411,32.657543,
127.078559,27.774339,
23.303401,-1.842682,
146.469015,38.785395,
155.555333,39.310722,
132.923258,5.742065,
181.513662,34.244104,
147.572099,43.037349,
331.326189,10.716009,
217.870364,57.585145,
194.229492,25.189909,
4.471619,20.128562,
11.611872,31.794074,
24.680452,32.663031,
187.865892,32.274801,
158.004340,59.841834,
197.987643,22.010871,
241.073013,57.365700,
3.534273,-8.878408,
5.644901,23.144655,
176.032842,64.746675,
30.776810,25.438476,
12.483438,-2.563389,
126.265723,53.547738,
136.080590,31.694487,
239.887887,38.137553,
187.927441,30.955081,
350.265052,33.343003,
198.125358,56.585071,
157.432676,54.710469,
218.522794,51.122542,
195.326995,1.360213,
33.858930,-9.347363,
196.091047,56.138106,
250.853076,36.795905,
143.152831,42.297548,
176.796349,16.100461,
170.359603,37.409328,
221.058980,9.997067,
338.765498,6.949834,
145.995892,13.130040,
174.229277,29.858643,
114.470643,22.636126,
231.847411,-0.420025,
346.412919,26.806287,
248.330877,39.670470,
211.399279,8.197268,
193.651143,0.956126,
21.677175,30.916715,
226.232705,25.380861,
183.369053,30.303012,
136.221975,24.375422,
157.218813,21.940711,
247.489189,45.594086,
238.530222,29.251277,
135.451869,47.938017,
170.862603,24.764481,
141.558858,58.811308,
255.815367,22.261910,
128.414512,5.479153,
33.191613,27.243678,
144.008785,20.095260,
232.080244,46.801182,
241.888284,46.340901,
157.207027,43.750541,
152.502659,17.234587,
128.482868,47.813902,
250.055732,40.826498,
120.558888,27.543504,
202.694708,52.338197,
353.041739,4.500743,
349.998558,-10.255231,
199.584546,29.168277,
132.437316,50.546075,
4.320647,-2.213736,
252.593483,31.194155,
174.582347,45.897282,
128.081863,37.147990,
12.628572,19.958474,
128.556464,47.001652,
321.947633,0.824868,
224.688466,41.541970,
148.845883,4.581989,
120.519403,51.611266,
346.521682,28.548985,
252.482802,45.478081,
173.626790,63.918160,
336.943331,25.268265,
227.523196,30.346023,
12.366850,29.958946,
173.136389,27.159400,
2.375699,10.402328,
251.264461,35.425098,
184.339245,30.941892,
145.837591,50.605053,
133.789818,26.065836,
17.159024,4.506602,
0.111331,-5.059663,
226.723019,21.004410,
343.466815,4.435536,
158.543875,37.886502,
350.702590,29.399464,
169.349016,0.675605,
137.245073,47.438112,
118.331149,44.858480,
347.536885,-1.836982,
41.475642,-3.667287,
131.614077,0.411307,
146.754341,57.977641,
233.390655,54.641505,
125.247263,56.172766,
335.408030,31.357163,
7.766285,-4.125387,
356.613545,22.553453,
152.142218,31.708580,
141.847270,28.594955,
337.992419,20.369152,
14.942893,-3.349131,
147.874170,41.269350,
227.718936,20.943027,
176.302103,17.967713,
10.403331,26.896876,
256.810387,65.183332,
137.572436,33.590908,
335.913371,0.231442,
155.605779,45.021502,
198.330388,39.028697,
349.884108,24.955251,
179.894433,58.846981,
231.782037,36.453627,
181.148700,37.304385,
138.476489,22.812036,
349.653749,30.810239,
245.349386,47.214160,
199.046318,13.120898,
251.167748,42.093245,
4.747380,36.115619,
156.102509,57.253051,
178.936324,13.280809,
354.786666,-0.110508,
154.165735,23.866479,
29.365053,18.627267,
329.713018,2.519675,
160.271148,43.329271,
326.808377,28.723000,
16.905989,-4.876562,
221.089693,55.615431,
349.030231,1.003565,
349.606974,26.821823,
190.766189,48.633617,
127.918520,43.948837,
218.603915,3.653190,
210.836448,31.785880,
250.711016,50.517629,
146.019662,10.036946,
26.865791,7.250844,
218.277396,-1.489712,
215.097659,17.668849,
43.228488,-7.356876,
313.783722,0.115747,
139.162643,31.885015,
136.531735,51.531348,
137.450851,32.965790,
161.992978,47.329644,
207.796665,40.891701,
12.189801,-3.707809,
8.966174,-0.092623,
136.429722,24.474857,
337.306447,2.514543,
33.497148,-4.662551,
245.146038,31.924747,
130.130179,10.816284,
192.477309,52.236617,
252.522075,45.828039,
123.147530,6.272425,
123.585880,51.403627,
6.763230,-5.289037,
238.911585,32.798681,
352.385248,23.992526,
53.579094,-7.189735,
154.524117,57.428918,
209.783356,0.458855,
145.832024,19.717680,
177.163389,57.471387,
250.962518,39.400077,
7.700542,0.462893,
137.861858,45.147890,
115.461337,20.402089,
176.101143,67.869483,
130.547742,10.557186,
19.673868,12.994442,
133.375023,26.158089,
25.507504,-4.178517,
133.020568,36.541085,
7.321235,1.501938,
175.664557,16.723361,
347.047547,17.877257,
30.012120,12.952075,
15.392521,-9.933098,
4.903191,13.321093,
163.920871,45.562822,
171.960688,14.180533,
216.716963,48.083901,
197.334069,46.176033,
187.660326,33.977607,
31.862100,3.912117,
173.680901,50.959595,
194.991347,39.656453,
354.953233,34.993464,
5.662954,1.497281,
123.410171,28.627624,
337.072362,15.964784,
118.067743,26.583851,
134.304632,48.336613,
13.565273,27.585015,
196.406389,6.103124,
133.590898,4.107457,
10.758719,19.423385,
359.444631,21.320565,
7.590886,5.514705,
166.761295,23.420895,
121.301302,25.266120,
188.905589,-3.105034,
234.683123,53.143260,
170.569950,28.689637,
11.711336,24.489230,
144.354439,35.837432,
219.718817,49.055996,
254.720243,40.522680,
150.536752,11.912024,
214.247797,43.828685,
145.809818,51.961371,
154.563318,62.884185,
243.886249,57.799196,
163.853873,36.592362,
194.444934,43.148850,
188.830726,1.276400,
182.801065,25.911069,
23.713494,5.790968,
235.814142,14.353177,
6.488027,29.572132,
206.328116,42.385888,
212.785560,38.320860,
237.315467,42.993561,
173.666913,25.623546,
225.937160,0.840790,
173.495852,34.675210,
147.554252,-0.477530,
256.679896,41.033697,
183.333420,38.150678,
227.562224,21.615526,
238.308243,48.397734,
120.105093,27.942754,
139.828328,38.376651,
207.554538,41.068355,
349.191480,34.846245,
220.761245,41.848094,
14.707435,28.559141,
196.476318,14.076940,
175.506835,60.597402,
211.807453,21.818555,
116.865268,45.963124,
23.472376,1.971860,
337.876121,1.923098,
6.640054,35.102157,
238.981511,38.878109,
128.149191,55.045546,
326.269058,3.862892,
167.350117,56.954281,
353.122476,1.053567,
237.169929,53.619058,
163.256219,51.348678,
212.220508,41.164052,
230.048443,49.612189,
25.932200,26.429393,
355.687768,23.587640,
5.085214,6.987213,
115.219530,19.810432,
12.883097,18.054001,
179.208777,21.045266,
210.616139,31.618885,
154.997041,19.196537,
167.543232,18.282422,
26.947060,-3.114851,
231.217052,57.328767,
127.515178,36.151944,
169.925508,21.254639,
344.704604,27.089825,
163.879156,28.163288,
145.101983,49.010944,
128.397671,28.142192,
202.395687,48.991943,
157.184837,23.072219,
14.853541,33.305891,
199.092076,36.951953,
20.490121,14.176686,
344.119723,5.666747,
136.626192,2.112233,
212.064943,6.006473,
177.002268,53.693770,
185.847982,26.544544,
142.325208,41.578984,
26.863757,19.943530,
140.713936,35.000560,
193.859930,61.522560,
170.222658,33.308771,
6.817065,-2.201845,
184.015249,2.579220,
131.027629,23.243921,
192.416161,58.187656,
232.621025,55.546659,
241.914894,48.256459,
225.382336,39.930004,
175.338694,16.010692,
152.677012,47.924160,
178.720151,13.024381,
6.980101,-10.833535,
179.897192,3.560673,
5.638935,20.389567,
236.393094,20.111250,
357.285500,14.203231,
226.064971,0.833610,
262.749820,60.278371,
185.656310,1.730403,
187.770554,52.353008,
30.087071,31.010780,
166.896035,21.823052,
210.405481,17.416119,
229.535055,53.000709,
16.225544,-2.401472,
1.549158,-5.427613,
221.814602,-1.810063,
182.102965,61.804624,
357.878211,4.555040,
320.235063,0.833749,
201.072685,-0.273712,
209.945292,25.819197,
239.394408,59.142365,
133.123014,32.145742,
166.659904,14.833081,
200.934403,23.519090,
141.448644,46.444696,
17.466844,18.506558,
225.830946,47.868573,
324.781420,-1.753770,
353.543939,1.188572,
172.916804,23.517792,
218.954773,36.442610,
214.253452,44.935109,
331.169768,4.373732,
33.418626,-9.076733,
126.292204,37.110036,
124.402603,33.115341,
2.373064,4.820757,
164.367637,42.058581,
197.470112,53.125092,
185.223148,21.259879,
112.240222,38.501994,
245.992393,50.245749,
132.386360,17.005720,
236.307157,2.498158,
185.877448,35.626977,
35.212478,0.624511,
161.505551,38.001587,
253.008492,38.896608,
342.939992,1.705285,
195.877764,32.124725,
191.786590,21.902790,
134.118376,35.887213,
210.199978,60.476810,
152.369219,29.884215,
163.880994,27.040525,
341.140270,1.476748,
207.965840,10.651806,
174.426824,4.393687,
201.818415,7.330680,
354.139393,-9.362494,
178.377167,15.120302,
329.955595,2.002853,
208.935054,21.167221,
15.941234,4.058692,
235.169570,45.625278,
215.674845,50.465192,
114.025447,21.967828,
15.848964,20.326971,
127.331532,19.334403,
21.831136,0.930822,
140.720809,39.953310,
14.803490,28.656621,
191.095194,13.271288,
135.412030,59.310358,
155.927282,16.858897,
118.875911,52.441361,
197.194842,-0.846388,
139.834525,36.193178,
195.943725,61.366842,
145.158963,2.680078,
5.588381,31.646433,
246.027030,17.700021,
128.807561,57.173379,
179.385740,35.029013,
202.307177,47.941022,
204.850073,46.468880,
239.062637,46.761583,
3.084397,1.727867,
152.728847,45.371254,
116.543593,49.029605,
216.116221,32.051500,
245.882760,24.621315,
12.570644,-3.983060,
121.910292,17.936698,
163.347895,14.167219,
239.184320,49.834419,
123.473679,43.827309,
121.772040,22.177398,
183.134870,42.972781,
21.148405,6.766019,
246.819588,22.870451,
344.181166,23.070501,
134.128200,39.089315,
41.540361,-7.115060,
206.054209,40.486692,
138.943325,12.027549,
24.585281,-4.055310,
0.413546,2.746323,
217.735844,36.964566,
249.409689,34.187846,
325.852018,25.219909,
247.896394,37.691106,
178.513703,-0.881501,
127.294204,11.670002,
131.973918,-0.173407,
209.142359,6.026016,
172.295882,39.865465,
215.754202,57.703960,
195.185407,39.629482,
347.274621,4.326188,
19.762577,-2.576273,
178.524557,31.094116,
252.303964,38.136960,
123.327613,27.891886,
246.522172,50.813784,
22.894174,17.212221,
142.379885,51.835100,
248.502703,17.298161,
145.338656,0.140371,
194.139445,40.442817,
206.193646,44.577542,
29.219262,27.764242,
222.510256,0.274863,
194.881265,26.006019,
130.010027,34.766919,
115.147353,16.230309,
140.039048,26.265653,
1.775247,-1.554924,
201.341792,36.690411,
20.638610,30.531562,
118.750972,32.601426,
193.339960,-3.387702,
123.991094,42.663765,
9.264143,11.678971,
197.431828,16.442134,
222.382768,1.723421,
329.071458,20.269239,
154.760831,7.303068,
19.853950,22.851775,
127.614764,16.488993,
127.145770,29.029149,
1.705483,0.657036,
5.665085,-6.751607,
172.077044,24.038185,
16.968850,1.393609,
7.784476,2.964602,
0.070508,19.957946,
172.686476,24.017310,
207.508004,27.918363,
204.622925,43.773539,
247.757971,14.177037,
115.755345,18.049864,
147.809692,3.179884,
356.209751,31.574999,
212.621727,62.372304,
134.967994,36.180770,
243.187874,49.300723,
129.926541,51.395130,
156.094931,23.295115,
189.304975,33.216284,
19.698439,15.421842,
176.816755,15.797422,
21.535060,0.432004,
351.258638,1.028001,
335.327055,31.983009,
142.179755,55.944819,
6.039136,9.808777,
154.951036,5.224680,
149.410290,25.647975,
120.105707,13.672569,
130.122467,55.625406,
255.268380,47.642207,
23.958984,16.131232,
216.384009,41.217583,
154.385078,29.477048,
213.585124,21.063088,
168.668064,31.829632,
7.790348,21.872551,
13.787748,27.551798,
8.293086,-1.054580,
169.013065,2.147842,
165.453577,5.804324,
222.594323,50.456603,
353.494913,2.295428,
156.816778,52.403560,
28.908453,7.987967,
251.781097,41.420471,
348.973946,20.959026,
36.495014,-7.692856,
231.815884,49.309276,
137.668317,24.952423,
4.716786,33.399225,
130.693960,27.680729,
350.544132,6.860601,
215.748149,1.339917,
141.242930,50.836440,
156.720986,64.749741,
194.145670,61.206601,
28.560203,11.311173,
169.861331,57.210729,
1.103994,-9.995048,
133.754869,5.707456,
15.103831,22.548802,
182.688479,20.934347,
144.520686,41.712421,
244.426521,25.159538,
215.494638,6.281696,
143.288461,35.180316,
191.644165,39.957329,
116.558693,41.198525,
194.307335,63.802252,
158.548771,21.081243,
11.166451,3.011679,
177.975099,26.064276,
124.316530,56.166361,
32.989140,5.344641,
20.939751,27.722396,
157.788961,63.685014,
175.265528,44.026533,
251.027686,23.261386,
184.281473,66.845118,
193.488978,52.336379,
237.065179,40.191572,
121.295809,20.926718,
209.662024,33.628150,
20.858383,7.532625,
20.306255,12.184124,
150.243711,3.048127,
260.031502,35.128434,
225.130414,22.099325,
183.520058,10.826256,
125.626635,21.391636,
120.209286,33.859455,
157.934559,5.081154,
158.937315,46.833859,
124.706749,26.583323,
242.376057,39.344047,
197.178687,2.724079,
163.375245,50.973174,
175.609143,46.466952,
215.602092,40.622149,
354.111571,-0.134338,
229.652938,54.348966,
174.821332,44.561045,
196.475357,-2.804410,
255.251013,30.809196,
172.378106,44.328173,
188.089686,53.658855,
207.502737,54.408577,
42.326042,-0.291992,
120.612215,42.748204,
9.085877,8.203109,
254.773328,22.115267,
229.562791,33.089763,
208.977811,30.798320,
37.767406,3.555303,
21.817989,-8.358024,
136.711125,23.526228,
30.190938,25.127656,
142.516196,51.972593,
236.763267,56.364642,
220.868795,10.640802,
140.475053,40.027418,
149.655421,44.096910,
359.566736,3.995750,
139.588555,12.278624,
35.721920,3.572534,
31.380361,-2.658945,
118.357138,33.021110,
216.538892,38.960124,
240.891354,7.108004,
256.716151,36.596369,
140.958882,32.723857,
139.471695,18.564163,
210.821265,37.448486,
239.893057,9.194553,
181.326858,65.495040,
42.729408,-4.228984,
18.202125,25.641804,
166.173266,36.364593,
154.528871,54.729515,
56.974834,-6.025276,
155.503124,-1.069775,
199.895889,55.368172,
159.595871,8.349311,
208.045753,40.548658,
118.590672,12.993809,
233.326079,2.821617,
17.205522,-4.195893,
5.028604,33.526504,
4.682625,-5.609668,
3.605525,4.387549,
166.729487,5.984542,
201.052713,53.301844,
133.672007,27.981158,
236.654881,10.014605,
149.424443,33.251226,
182.199068,62.383412,
179.497941,38.695120,
21.510821,16.229718,
349.975349,6.306209,
170.084766,59.867992,
3.733564,11.361057,
241.407946,7.658468,
208.667372,1.974326,
129.152857,27.383138,
6.663093,9.211153,
218.017655,3.071594,
127.537066,50.180500,
241.741725,25.108453,
11.711986,7.044319,
213.064381,26.206733,
240.473895,43.304865,
244.612081,54.096385,
174.346286,5.785833,
344.919346,28.407766,
171.836037,16.565885,
355.492087,29.973479,
46.546077,5.686858,
358.342406,30.244410,
323.645745,10.763553,
338.185783,-1.916450,
165.475109,13.857140,
33.124461,-1.409256,
222.762752,14.791732,
239.508631,24.370178,
142.440268,19.200292,
148.668457,47.568081,
226.365003,29.788438,
43.813284,2.924808,
229.235824,-0.244114,
222.368970,56.893631,
174.761389,40.548560,
231.163051,26.630290,
231.504711,7.799555,
13.737233,22.622812,
163.610538,-1.692832,
145.846256,47.595514,
172.470130,-0.534933,
127.125218,23.663028,
205.993493,34.795122,
115.486122,22.574992,
216.250387,58.733901,
193.276711,29.087191,
130.177975,12.530986,
192.239137,49.309770,
240.440441,26.004374,
194.776994,19.374814,
233.631917,35.297114,
155.762744,57.461938,
199.573507,32.681366,
129.977793,38.898335,
332.275211,3.481310,
135.033311,36.769613,
8.941557,30.940104,
336.712236,-0.454652,
125.578068,27.337801,
155.812010,57.784003,
38.358966,-3.557525,
355.444063,5.800862,
206.766439,21.764278,
175.596871,30.123544,
178.216287,33.121900,
226.796333,23.948167,
168.700295,8.904836,
151.890406,44.684207,
26.762757,14.819653,
238.296218,1.139567,
8.573504,31.035526,
228.307280,11.560434,
206.125570,41.470908,
19.610836,28.958279,
205.020814,54.114512,
12.216445,24.346822,
170.415084,57.405526,
134.992105,57.627955,
330.248905,21.470379,
114.679593,47.410998,
158.347048,19.544333,
162.420879,8.930132,
26.639343,-2.770459,
213.629057,22.024100,
198.815020,12.129184,
153.071760,37.253821,
0.190716,25.851720,
206.911125,54.658160,
352.415497,-0.821891,
148.154386,29.142930,
16.053689,28.704778,
186.963478,52.427086,
223.947619,50.526223,
190.652871,61.964614,
184.732671,36.232722,
184.343603,27.639909,
42.244098,-7.206611,
169.551651,8.682604,
230.450053,58.153216,
217.467155,15.959285,
195.333865,28.360331,
122.348311,23.311475,
175.411065,17.591194,
25.070967,20.977184,
168.437917,63.006176,
148.396915,31.268271,
196.878363,8.778327,
158.495623,5.319454,
171.461388,10.492862,
250.683011,39.584097,
139.823907,18.817005,
136.409294,36.788879,
258.051938,38.795781,
168.567390,10.390985,
331.542577,29.794432,
251.996763,19.827632,
153.635220,13.585172,
169.064602,25.443515,
218.900179,40.812622,
29.740354,7.677282,
196.873011,-2.351093,
140.437215,27.022076,
127.841787,12.685575,
184.887514,40.290463,
205.652058,32.440780,
171.734599,51.862183,
112.549367,26.615452,
171.856763,18.455698,
353.923641,25.749956,
157.939485,12.694673,
112.105799,35.193833,
344.052231,19.768447,
341.994060,18.539204,
4.760515,4.010793,
188.430212,1.135322,
335.406343,5.303245,
114.545491,40.235806,
190.751503,31.691832,
26.376778,11.128453,
199.634940,58.490755,
152.040611,31.243473,
209.612545,8.197186,
255.036705,38.600390,
152.508672,30.343404,
127.308104,52.553323,
182.254354,54.832040,
146.401929,26.916286,
12.712947,14.735484,
160.845924,9.437189,
225.637623,38.716236,
167.456374,55.925145,
155.273399,29.641897,
144.953352,33.503142,
146.210055,2.015058,
139.569884,27.200730,
20.751035,19.106251,
203.517406,35.793160,
165.805422,30.245209,
162.902101,40.408745,
228.486587,13.301846,
175.163904,38.235150,
229.060130,2.115994,
125.474556,18.372956,
191.866101,10.161178,
218.401924,8.392815,
119.714670,22.082705,
169.730919,34.023966,
157.198949,33.813378,
258.204823,61.693083,
328.582087,20.000426,
191.507176,36.904237,
330.407895,13.523781,
19.268727,-2.614124,
196.624773,61.843923,
237.229605,17.461426,
244.181487,-0.040762,
13.077281,24.977046,
334.486125,30.354902,
242.761966,45.129853,
13.147605,-8.322606,
252.538710,31.508238,
152.363465,45.389556,
219.391293,60.501494,
321.332797,-8.012262,
192.255974,43.420450,
117.400396,25.369963,
218.270200,28.578380,
38.184736,-5.992666,
197.453999,65.099841,
244.210604,32.654315,
216.738109,54.619714,
138.940662,49.816985,
161.271529,8.727520,
246.050811,13.381156,
222.842640,25.990832,
198.906966,36.372463,
248.197025,32.843506,
221.656453,38.824566,
220.741356,42.509400,
228.804530,0.377404,
187.724582,20.501676,
228.398357,46.427880,
348.666247,31.471130,
158.125119,22.337753,
220.600558,13.417169,
359.359630,34.784023,
201.822499,44.282788,
211.224811,9.365579,
24.201909,16.798944,
247.618325,14.094496,
152.800483,-0.779768,
115.980739,25.316201,
340.772815,28.277288,
194.864851,56.426745,
347.660282,19.555483,
188.332028,12.175806,
121.823990,41.455058,
357.114874,2.008374,
174.955883,25.016376,
241.355531,25.407193,
171.245180,43.057890,
165.326542,30.869184,
132.998195,45.103516,
193.929537,34.497966,
146.809093,28.793557,
164.512018,7.991712,
4.564133,19.289562,
354.624541,9.923555,
155.754226,7.155069,
134.996971,47.332242,
185.508999,62.486336,
220.549139,53.602371,
141.408172,-0.618310,
264.054526,55.596512,
138.966478,-1.473474,
256.484024,30.719231,
27.844607,21.421582,
116.389346,19.685166,
230.586548,17.468631,
5.061936,0.437715,
236.223426,50.192011,
37.188896,-1.033017,
209.443883,42.582443,
180.937318,44.987761,
115.552891,27.063516,
324.164394,0.687667,
169.322279,5.809997,
126.617574,58.582742,
350.163178,2.694259,
212.483807,30.956120,
24.575337,1.540796,
163.094973,24.304417,
151.480867,64.392329,
194.728139,57.009926,
334.496483,-1.469265,
131.744368,41.259671,
181.071088,0.300289,
232.239067,26.075573,
340.403576,6.029124,
121.780726,26.124767,
348.257177,30.942835,
231.451918,26.016164,
212.642606,40.631305,
220.748577,29.360091,
195.994234,20.578396,
353.793665,3.881582,
124.293919,33.709337,
16.750926,5.655367,
206.708662,19.876446,
223.626481,57.087863,
223.469239,29.764655,
214.283987,46.118172,
145.203137,42.146593,
326.893184,0.540727,
132.151870,10.227873,
339.389581,2.949411,
6.555902,1.418169,
232.161082,29.134998,
131.177996,59.868740,
153.905930,49.436244,
207.532370,7.181224,
210.351292,-0.171446,
127.089307,12.639096,
183.523262,-1.932165,
139.768340,1.041791,
22.893784,-5.053115,
32.568546,29.665835,
169.637018,5.655550,
343.664507,3.063905,
15.041354,25.703901,
189.271523,25.942383,
152.040322,61.745885,
136.331994,44.027550,
29.430957,7.953873,
241.437299,30.856691,
211.658832,49.377586,
238.098611,13.139757,
141.746744,45.166166,
11.943156,27.159021,
219.240420,36.953598,
175.033361,3.228950,
15.314622,33.558306,
190.860360,17.493717,
185.618342,-1.169709,
148.084379,30.443270,
189.401965,54.451396,
134.190652,50.246746,
17.874779,0.575381,
198.350618,41.938776,
197.610781,44.029182,
0.072423,-8.856608,
212.463998,16.564831,
205.134701,37.477907,
353.224207,30.801147,
159.361574,50.549087,
198.700280,38.215407,
9.480903,31.344587,
343.775304,30.918263,
344.355900,1.487198,
4.545080,-6.412194,
208.905056,34.650792,
185.241995,26.934789,
158.051417,53.105056,
137.886719,19.868830,
36.092803,-3.181845,
120.169929,39.283457,
200.623356,58.176758,
18.329338,2.711122,
123.744253,25.653819,
16.534570,7.389596,
8.617566,8.515699,
207.003200,2.764810,
11.663584,-5.083828,
1.890573,2.024274,
188.100634,10.173374,
229.352348,17.574185,
159.766224,58.601848,
183.568417,40.473435,
223.639365,61.283975,
142.495126,41.442356,
331.405144,13.274771,
354.721760,2.797369,
335.031612,20.614005,
15.153075,26.974115,
248.103991,9.897174,
40.683011,3.821566,
14.878469,-5.592407,
209.637330,48.359958,
180.013671,11.863153,
36.883673,-8.803401,
123.267198,25.978860,
231.373000,34.964236,
349.810648,18.893754,
353.333538,34.420954,
168.027924,8.107485,
191.583369,46.058856,
222.322879,32.473897,
190.528119,54.940806,
221.753607,35.343898,
44.383317,2.514697,
170.924506,1.349422,
132.502585,8.556499,
351.373238,32.022654,
211.073166,40.273298,
209.907921,31.135836,
179.247156,24.884338,
188.957749,50.847129,
259.189113,29.943722,
230.121849,19.967128,
140.184058,34.108921,
234.895027,47.592026,
6.961997,23.980281,
15.179462,-2.928509,
138.823830,44.607980,
206.095636,24.839034,
203.025712,-3.483137,
36.815149,4.613308,
193.101554,44.956704,
238.525550,37.002813,
124.551644,50.767220,
203.319711,45.778777,
346.614625,-0.889308,
197.278824,23.466080,
357.727634,20.160739,
166.555568,21.603349,
162.055967,28.937706,
318.315765,5.916509,
15.245258,18.426501,
189.822643,29.784830,
25.245797,21.395176,
183.969753,22.704424,
162.652165,36.914293,
244.679876,52.539274,
21.525024,-8.947784,
212.182481,54.130910,
161.489407,6.880242,
194.959137,55.533202,
232.480404,42.577532,
235.770464,33.910910,
185.892602,30.676497,
357.775152,0.294187,
252.241056,51.359183,
209.448277,62.411461,
128.793787,20.290907,
251.049800,23.645076,
128.550326,13.186568,
342.004279,21.340432,
115.198862,19.504174,
243.374798,45.543404,
193.333905,27.102024,
139.461649,56.551054,
166.047510,22.662978,
180.602817,7.800073,
328.307430,24.237009,
195.412016,29.660036,
9.153786,-2.565663,
11.831824,-1.414445,
29.231017,22.918773,
157.518249,0.142343,
203.259573,44.387901,
187.482816,64.379369,
42.032134,0.597805,
10.028567,-4.556130,
255.969551,45.594906,
164.131476,47.323913,
178.332369,26.234653,
146.749559,57.726955,
39.244773,-0.205073,
204.186536,12.738533,
9.718694,-0.129093,
198.561697,33.910715,
189.567216,62.035537,
15.855981,4.747738,
226.496816,16.914779,
0.075648,-5.500386,
121.067879,48.426545,
244.810056,9.604395,
32.308736,-2.709278,
210.469114,39.369244,
229.073081,56.666810,
12.994128,14.129535,
24.885164,11.645209,
212.564727,10.324174,
214.085550,25.920358,
141.475633,4.533273,
148.325435,40.763669,
120.256838,14.822013,
182.170900,26.675550,
220.009347,37.182924,
39.433873,3.793786,
129.283976,15.614823,
142.435034,38.593728,
168.426771,-0.125214,
219.648770,24.151114,
165.459998,6.994043,
169.914369,27.012511,
189.280989,7.673528,
192.006490,46.728305,
182.227492,0.034425,
247.255942,56.288669,
203.837475,5.914662,
153.059685,6.466123,
139.962480,25.276545,
212.328426,64.922644,
29.146751,0.247095,
146.702496,17.307713,
194.467483,33.279079,
174.284791,19.363619,
193.287666,4.548283,
145.896274,45.890823,
222.844249,57.622654,
12.395523,20.929721,
356.809548,21.482586,
28.092012,13.570951,
199.159084,21.214873,
152.157370,52.099504,
139.295410,40.928656,
210.592106,42.710322,
1.587935,7.687376,
200.404830,18.532434,
20.043646,-7.850119,
198.300288,39.996417,
173.807178,51.557556,
195.366708,18.914471,
138.807710,35.689793,
20.371599,14.348188,
156.388990,16.236369,
21.719008,3.148101,
330.677750,2.200536,
246.509991,49.484108,
183.287508,42.120535,
240.177729,47.749456,
114.492066,17.795536,
10.009470,20.937264,
131.724557,43.631235,
178.272952,20.017129,
202.392802,7.235943,
220.638061,-1.036299,
17.682100,23.047073,
224.375861,29.056386,
152.399293,36.926554,
2.517583,2.450967,
238.817258,40.986828,
178.951674,52.751853,
194.985276,48.853254,
22.000671,16.601387,
204.075464,55.577972,
356.040690,-9.049678,
235.715573,44.045398,
210.747510,31.458421,
181.481874,63.910524,
347.479261,20.744373,
19.792441,12.784558,
214.845389,28.086869,
151.603317,26.167148,
144.494165,29.519923,
233.268671,59.926719,
190.646011,49.093357,
234.149655,47.384881,
203.370093,26.359333,
324.704155,0.364792,
15.327145,14.446559,
234.140214,35.362785,
207.042653,17.685517,
208.444539,23.386355,
225.930623,6.600881,
138.573059,48.759664,
149.433116,61.089735,
150.412805,45.226886,
221.426935,33.041796,
24.412990,6.129222,
12.499561,5.761743,
1.509174,25.391658,
227.440191,46.966076,
14.734330,-2.291997,
187.478098,37.148579,
332.717867,-7.794689,
143.849559,28.713355,
16.279721,26.843529,
137.580416,3.171962,
254.830927,19.675118,
170.460187,53.909271,
335.992908,30.940581,
165.603365,6.729378,
198.445826,7.658973,
258.562837,27.386490,
139.536039,42.667956,
253.308323,39.493670,
234.756404,22.105608,
239.507283,52.301697,
210.373525,62.523404,
347.812860,24.097161,
256.389756,19.783444,
187.036172,34.189960,
172.605576,60.893591,
27.412697,8.187160,
238.737545,29.959410,
199.822866,30.369133,
254.160950,48.867674,
122.240597,42.819069,
204.389676,33.686957,
189.047109,16.959565,
139.926422,6.599826,
30.874421,-9.172351,
160.713106,19.325094,
172.036173,40.151205,
116.091471,50.943827,
206.906069,30.214520,
200.054337,42.174158,
251.048564,47.103389,
132.803332,38.521011,
227.050985,41.841220,
2.315132,2.499213,
142.759882,8.996962,
140.953021,33.294270,
154.962719,56.742243,
255.167740,33.216071,
7.378858,-7.681926,
22.291632,-10.411379,
161.399748,45.641741,
184.636198,35.382189,
19.826604,2.115243,
179.580667,51.573133,
241.239620,22.050143,
219.944155,4.093388,
253.131578,40.938327,
153.428811,25.755420,
144.927713,35.556096,
330.780808,-0.770028,
162.652318,23.090285,
117.182603,37.445013,
223.478329,6.899517,
243.150428,5.064882,
45.332164,-6.609865,
9.833979,-1.517101,
164.975007,0.779917,
15.455280,-9.961033,
125.078111,32.492810,
262.698653,36.087372,
205.713975,26.098677,
219.098287,64.326342,
188.214819,33.563751,
206.870356,37.378247,
182.913149,62.448454,
227.569608,35.378161,
217.678785,42.365360,
170.370851,58.711354,
170.999969,42.470719,
30.634684,25.929084,
199.947748,40.208973,
43.392436,-3.303554,
202.624351,6.396932,
223.804138,45.560701,
35.264869,-5.260030,
242.453737,43.997648,
357.625306,-1.574203,
26.485067,13.379023,
355.000378,25.447323,
251.265445,52.232952,
184.379562,30.524348,
184.713272,55.144170,
329.754725,-7.926014,
167.360630,39.348959,
183.997023,1.234453,
203.886031,8.401182,
36.778369,-9.121413,
215.974715,55.591527,
11.371589,26.637650,
333.253659,18.653039,
215.168030,46.673242,
232.660560,31.115538,
1.032312,3.273624,
206.659829,29.765269,
187.835542,38.519781,
23.532265,-2.542015,
180.719103,-1.791132,
228.270533,38.129787,
175.958475,9.624747,
153.350852,6.816763,
127.211207,15.334118,
244.945289,38.224676,
181.408378,37.659631,
200.003152,31.991328,
226.767396,13.541996,
353.085739,21.975311,
331.298431,5.432125,
356.201583,31.539806,
231.347941,43.565541,
338.590366,32.064504,
335.151853,25.314703,
149.220474,34.992975,
121.728451,12.150727,
176.068906,22.577552,
244.850461,26.152026,
322.765217,6.043139,
333.998775,13.224268,
345.044781,23.102950,
14.317763,24.401918,
135.258691,25.956227,
177.296912,57.533913,
21.640961,25.936399,
122.951318,37.945900,
238.284757,25.742795,
159.536935,66.585153,
27.641702,5.151579,
6.408426,7.137563,
125.828748,50.065169,
216.546164,61.886946,
122.833048,17.547415,
143.135936,35.960361,
119.078071,53.250214,
216.919529,39.477881,
189.175812,51.504856,
132.357899,56.692276,
180.629154,65.103920,
26.403926,12.307942,
13.117577,4.081413,
185.182780,1.189488,
16.413379,18.608456,
151.017665,41.421216,
130.791084,29.734636,
348.412719,28.565981,
248.885621,25.098347,
50.153218,0.758617,
254.902163,31.651410,
234.979073,57.500374,
216.561302,-0.731149,
337.484990,18.939645,
187.796012,51.673358,
26.418189,28.499149,
345.779899,20.319302,
189.429486,63.029109,
226.477091,29.246508,
4.039362,30.709389,
9.566393,20.275419,
18.652221,34.366286,
115.796534,30.537485,
6.837026,3.528285,
138.170227,12.968177,
1.536925,21.260033,
23.492059,32.231583,
181.277680,54.514980,
329.247628,3.395021,
176.415058,6.918835,
240.285360,46.439411,
174.869817,4.888782,
340.422091,26.404129,
162.586819,26.286963,
228.441970,24.929002,
193.585197,37.360882,
181.283780,1.582179,
156.449430,30.904691,
18.838418,21.780562,
357.674691,2.411439,
136.493044,52.278822,
170.062473,15.167239,
191.765004,40.404177,
144.458885,2.140874,
185.684844,27.977615,
131.014864,7.341448,
155.092551,22.222887,
140.471840,44.494811,
185.815456,16.713643,
215.081313,42.309070,
138.175457,31.999016,
208.795601,19.762739,
194.257576,38.090955,
127.230895,3.478848,
9.297341,9.960390,
132.725937,34.624081,
134.133411,63.418009,
189.033743,33.057347,
228.170588,37.297935,
241.596031,46.402655,
248.466394,22.373484,
256.067746,43.512324,
337.309291,5.315698,
194.820409,20.441374,
166.443239,47.246859,
188.435613,11.226080,
199.614212,43.175821,
188.794471,42.961409,
123.670585,7.331185,
5.614748,3.323269,
138.558690,11.346764,
257.387497,63.691027,
124.725148,27.964279,
231.997053,14.295370,
240.483279,2.940346,
204.529124,21.387860,
168.982978,41.380232,
186.375556,46.988197,
207.676447,37.439814,
186.180110,67.814615,
27.257682,3.541270,
210.919986,3.099115,
167.530052,20.841386,
214.709881,-2.876590,
231.901951,20.275057,
138.036765,6.895457,
194.551986,42.475307,
211.315810,26.708481,
9.238245,-10.136294,
115.195979,27.311029,
155.527804,0.317854,
223.157877,23.044146,
152.426606,45.980433,
118.449644,37.173849,
233.619017,48.007995,
200.052324,58.911540,
334.601317,18.321857,
354.708245,-0.641451,
19.110820,31.007955,
133.411341,2.055106,
133.866922,8.160028,
205.952488,44.528319,
189.286777,16.711952,
134.925777,29.000388,
26.155505,24.895334,
354.659253,-0.587173,
115.853356,30.546323,
196.019437,53.381361,
115.356188,41.134659,
123.753100,45.366893,
168.359803,0.095904,
130.630289,27.977095,
353.842147,10.977732,
226.418930,24.597803,
263.637030,33.797976,
181.802594,12.196068,
131.798085,6.530981,
208.578704,17.031382,
1.966241,30.779154,
351.269585,18.943671,
172.830673,33.097057,
250.052872,54.084161,
129.584772,36.819788,
150.348625,33.543186,
27.455194,-0.194571,
153.981807,8.552145,
217.312827,37.593515,
11.988220,2.918019,
156.586053,34.771664,
150.790933,50.423135,
244.405328,16.880379,
251.806891,50.683065,
44.097796,-3.107785,
178.767358,23.521648,
319.920131,0.824359,
234.661282,7.660818,
180.234433,42.422893,
353.037545,28.003885,
129.089212,41.965844,
167.495604,22.402578,
176.603052,39.993246,
243.048660,1.076470,
238.395207,23.832854,
152.163992,27.377884,
163.223051,42.223292,
181.342012,64.801141,
336.650013,27.122095,
114.129251,36.418078,
158.426972,26.243074,
183.829004,9.689600,
244.595137,29.842874,
148.457000,27.114716,
251.198892,45.504949,
171.125234,53.408088,
143.653092,22.995871,
247.493643,43.538568,
228.855624,38.194810,
177.170326,47.273082,
152.021263,22.892043,
244.687200,-0.724918,
8.028093,4.655646,
213.348967,50.401993,
151.880508,-1.525858,
20.266555,17.751244,
155.037475,0.128235,
358.043940,26.701043,
154.916565,6.625985,
33.307128,27.704135,
241.174977,36.891894,
229.478339,43.727609,
134.783675,7.549069,
153.092085,25.425026,
122.215168,28.991446,
195.331047,65.886788,
3.087352,35.103568,
116.627560,44.075987,
124.486533,23.256961,
121.497613,56.507172,
254.230799,45.731341,
35.994951,-2.155591,
239.240409,29.769477,
120.561389,40.668583,
58.287329,-5.490196,
342.471312,21.135320,
10.679635,26.030241,
208.463508,56.081664,
336.386931,0.954093,
141.733270,25.808480,
140.758153,45.798973,
254.010014,34.848962,
10.454242,-11.148352,
168.054033,19.811616,
234.149046,51.931072,
218.558081,51.086404,
237.455189,28.970946,
147.461367,5.617696,
210.621781,-1.966683,
233.533047,35.897433,
153.487005,23.455152,
190.796496,48.590988,
159.859790,22.406331,
179.689149,53.714536,
212.114925,55.892200,
174.290639,21.144966,
144.373623,50.869607,
338.940159,12.466761,
251.413026,28.807991,
120.207899,35.713788,
342.497559,23.860788,
249.928908,15.851364,
168.077779,29.010942,
220.192691,42.353162,
185.028885,39.829348,
262.980073,31.431931,
194.507070,41.916432,
235.877026,9.512555,
208.359348,39.554017,
187.341683,39.570379,
153.689847,65.345926,
124.315927,36.167278,
32.023760,14.087476,
10.360716,24.113567,
184.783179,8.597223,
250.482211,51.263031,
106.067897,13.606418,
178.454740,29.603555,
354.578109,23.674145,
199.783910,0.478849,
166.425997,63.140661,
212.044350,9.971887,
330.832405,18.606306,
120.070499,49.572929,
216.913838,46.771502,
165.302719,47.036518,
12.912043,33.601495,
195.555637,36.015068,
346.108076,29.599767,
180.466168,23.239836,
354.762319,30.376504,
210.057704,38.905001,
158.511955,58.444344,
155.995009,62.772640,
126.601209,23.888759,
195.668223,23.315181,
333.447246,2.650911,
177.432391,-1.710217,
195.410625,-2.263225,
313.387570,-1.016225,
145.339384,14.134235,
183.454097,25.614184,
111.767964,41.357541,
11.472157,1.157488,
203.597109,43.725492,
250.856376,23.006795,
216.342565,28.606216,
168.778278,22.951291,
8.340302,-2.804550,
221.908370,34.632119,
167.281566,41.723501,
242.137423,24.299984,
229.783207,49.569552,
119.309050,48.976215,
15.688844,20.360932,
359.251529,5.450048,
122.722264,55.596264,
179.349798,18.364928,
171.910102,22.779543,
242.784188,16.670811,
201.021988,28.392660,
7.139796,0.120963,
245.242885,40.729275,
156.955105,62.551379,
11.714198,22.900387,
341.751728,1.277271,
216.999645,54.542931,
197.959374,14.183024,
169.140370,21.722790,
139.282475,32.608091,
237.933245,51.352424,
231.375324,34.563222,
245.566610,30.029692,
126.470597,38.262900,
184.027026,41.158416,
199.188726,46.343036,
217.452768,-1.214512,
163.688388,14.202166,
177.136483,49.466008,
118.785094,24.754238,
173.142822,22.352494,
318.416848,1.052523,
203.842328,39.892085,
144.618067,25.319627,
124.797896,32.277440,
208.635258,20.885461,
179.071653,23.818728,
228.115418,25.630188,
183.345312,45.296554,
189.266088,34.287506,
224.516980,39.588323,
209.496603,54.903828,
121.244803,19.033788,
12.919198,23.241774,
333.710260,4.080013,
36.402195,-3.047586,
351.079566,20.939832,
146.313180,22.110724,
160.146142,62.558213,
215.226731,16.059269,
123.673382,3.243475,
186.098652,15.386691,
122.905557,28.841515,
17.892272,4.543724,
182.400424,9.587894,
331.916544,5.299696,
349.269063,5.461990,
204.863633,47.027605,
148.967715,50.025453,
338.630441,26.755616,
217.400978,45.774033,
141.128724,32.812902,
4.062237,30.102338,
113.710735,41.697809,
197.391635,25.244550,
152.139594,58.025869,
41.401461,4.776500,
353.504059,27.092983,
232.570289,27.194651,
24.454203,-9.509366,
196.697102,64.101093,
118.828697,43.924216,
146.731781,19.169539,
164.878494,35.159924,
186.229476,43.129358,
174.859887,7.853220,
209.284175,4.050700,
186.024110,61.149793,
120.561136,28.689695,
206.666800,-3.003655,
23.848582,-4.917674,
209.033712,34.663391,
152.157798,40.842848,
169.678035,46.879797,
243.220030,33.016070,
174.464393,49.927372,
327.657025,24.230878,
2.824079,5.073905,
347.951973,32.100340,
154.779696,-0.330302,
207.235209,61.631034,
200.523487,49.731111,
153.195680,39.572615,
203.362238,45.749622,
143.083994,42.442666,
158.608018,62.967705,
12.077358,15.889448,
209.662353,7.637028,
124.549718,15.067659,
196.578517,24.991989,
234.504519,23.350648,
4.857120,-2.735853,
43.268262,-2.996245,
199.951846,28.590215,
160.240360,51.751618,
27.212366,31.554857,
193.904583,42.625879,
129.734917,10.366937,
231.796839,58.963134,
114.594931,36.506050,
258.345498,41.937072,
229.226624,41.196129,
159.814246,30.733464,
138.504839,50.134262,
328.676049,-1.626709,
200.958493,-1.727101,
216.188494,4.229661,
184.018478,52.329376,
340.354536,14.558695,
154.609576,43.965421,
246.724062,53.619748,
14.448142,34.905938,
170.852268,29.945044,
191.620093,38.726299,
174.889659,4.418880,
226.702112,7.222212,
197.989699,41.720905,
151.191420,25.998737,
9.274984,23.217067,
173.175989,5.861496,
2.302213,26.839713,
261.161563,38.734225,
127.814114,51.572097,
13.537381,1.866542,
353.005948,-0.948675,
12.094714,17.177634,
157.201122,20.834528,
135.317174,54.334957,
163.097021,36.385469,
166.140401,17.601176,
9.676479,-1.944062,
234.632631,-0.644511,
349.270669,29.314609,
233.148475,32.483887,
217.989945,46.912309,
1.608567,32.302545,
165.205396,26.356506,
236.161220,36.314402,
229.978667,45.231311,
181.225775,67.571368,
152.968193,1.472788,
133.007137,40.787998,
209.117452,6.463208,
11.162793,18.815001,
155.766518,47.954247,
237.029958,25.226681,
258.991689,31.826331,
36.377029,-1.621646,
211.369393,3.775285,
242.003170,15.002650,
156.207765,20.474317,
158.623289,24.122168,
211.632763,62.119515,
198.748922,0.517673,
146.938102,7.422383,
223.031135,29.465700,
208.856906,-0.961292,
137.760302,10.000502,
32.150336,-6.091373,
218.299423,37.887601,
254.850390,42.824932,
175.315206,45.422311,
249.090531,52.522102,
195.598922,50.530387,
242.105589,3.762643,
213.499319,8.855529,
138.431119,32.256313,
198.112654,41.105804,
189.029993,16.990926,
159.043377,43.823231,
344.110887,21.714155,
210.591339,2.426530,
26.163217,8.427086,
170.106902,31.731982,
119.807255,43.125596,
224.335187,17.975552,
190.168863,34.658234,
229.155330,25.330546,
238.487897,49.989488,
233.139004,58.710605,
168.711551,43.655445,
142.073775,41.060428,
9.392432,21.340971,
164.081133,31.440690,
214.908070,51.245304,
241.009761,45.341104,
5.033178,24.140327,
163.247570,5.001062,
20.504988,14.496895,
173.214949,13.533327,
233.866173,55.337694,
223.928886,16.280443,
4.842875,26.541344,
255.500200,34.918023,
229.433928,9.136408,
223.594389,37.896798,
143.382994,33.487099,
130.651643,6.709378,
194.019427,3.542801,
0.603449,28.653824,
35.978598,-5.811121,
223.829725,35.150493,
222.620459,42.387055,
130.156915,27.916786,
195.544217,44.216007,
128.840960,32.728990,
122.476450,23.645716,
325.468731,-7.720712,
30.648884,31.575066,
176.428819,61.580107,
170.088051,40.754799,
241.742913,27.284883,
116.396705,21.626778,
215.547684,58.787254,
144.828140,19.691052,
24.937847,9.389533,
184.019406,19.905991,
194.534784,60.415903,
344.134907,13.213577,
189.182492,61.363672,
164.286272,13.543583,
152.991178,4.608513,
335.924774,23.124470,
142.837068,51.553668,
202.196272,17.980502,
7.451471,-1.064769,
347.270675,1.359958,
197.908697,32.029739,
171.616540,39.312428,
159.471646,38.659748,
204.669227,7.739596,
183.225733,57.793981,
131.194669,6.668782,
329.809197,23.942813,
160.175119,45.492219,
358.613503,1.284376,
178.491850,38.136317,
28.083414,17.082602,
334.931115,25.643164,
16.012479,28.489516,
340.430742,0.198444,
358.381202,29.537648,
130.814734,39.684698,
179.926434,18.563537,
46.223683,-6.793502,
230.965346,0.108680,
134.443855,44.340389,
186.646510,45.140595,
114.514650,34.810236,
138.261324,17.119015,
18.114958,26.779109,
12.526240,13.872172,
53.097979,-6.914022,
334.605623,22.409362,
160.804412,29.270042,
357.307748,2.582525,
154.105855,12.513115,
336.737121,1.633746,
148.469555,8.017671,
338.931211,0.397138,
198.648633,18.965679,
178.631983,22.190909,
32.189084,-2.503354,
1.160899,-8.344463,
143.496451,-0.172949,
336.489179,2.041112,
352.375979,5.809910,
157.379470,32.425630,
218.350052,11.932291,
116.368621,34.524288,
30.680124,27.584304,
127.114447,50.663155,
27.884406,12.731122,
174.218806,17.797917,
183.725463,55.689169,
19.118188,13.870983,
245.932500,21.277929,
160.061631,46.930484,
243.222571,27.978489,
179.414141,47.009097,
37.968546,-3.746508,
184.280172,37.211130,
139.350095,27.666577,
9.816311,2.073724,
238.482474,29.443563,
124.952795,32.151289,
205.215903,67.347517,
136.948099,36.959893,
0.840023,4.431245,
248.869439,46.592092,
238.579353,46.725672,
195.321143,12.280073,
182.953034,64.940491,
166.106242,20.681730,
25.911823,26.606161,
167.530416,18.077684,
200.719317,39.746464,
231.005700,58.801156,
118.606686,51.203889,
133.166277,-0.368272,
241.791180,13.571972,
136.881969,8.572923,
205.534141,34.651760,
244.117515,14.197432,
189.549255,2.519239,
149.311135,54.671537,
193.275580,28.375212,
5.908729,9.610043,
345.953858,23.462376,
16.054581,5.996164,
122.898588,32.494950,
167.705526,22.233999,
224.295022,22.312463,
138.403253,33.621550,
225.659954,3.041186,
178.247691,20.388470,
220.578009,32.198103,
187.215661,58.745542,
339.917706,25.058902,
134.790793,12.206002,
196.070830,2.093637,
5.074752,10.493658,
57.455369,1.096680,
237.764968,43.334596,
35.026653,1.578322,
186.003474,22.604200,
7.902045,-1.606046,
129.880374,46.475615,
27.355747,10.044629,
174.749666,27.865985,
173.005246,23.386555,
351.711387,33.130683,
247.851781,29.883770,
146.264708,58.097760,
241.496948,25.318760,
23.784623,12.854786,
246.591905,29.877088,
198.533016,1.885388,
14.310734,28.625359,
155.331608,26.139919,
141.812793,-0.871761,
174.835405,46.596075,
191.886464,8.822912,
228.444343,59.792976,
341.804082,-1.296578,
257.302102,35.060944,
159.551767,48.756404,
38.209104,4.427648,
259.810603,31.397790,
118.263903,42.525230,
166.417057,6.707115,
230.071838,31.593221,
238.685733,8.372632,
238.154841,38.437091,
244.848038,43.884982,
140.107811,5.498616,
27.575582,-9.431061,
157.305583,63.364965,
200.362223,40.589829,
160.954099,54.058641,
192.113020,48.944627,
354.410613,20.292736,
142.275395,10.050242,
335.980688,5.187107,
225.964769,37.639788,
196.255192,49.175098,
231.466032,42.367664,
3.804987,24.624968,
143.928384,34.545836,
339.906891,28.573968,
32.975633,2.394403,
213.083713,45.947171,
130.297405,44.340936,
122.967521,23.412073,
216.994715,32.794848,
168.757974,49.060728,
205.637966,1.941543,
250.276301,16.049222,
137.076240,61.208405,
327.840349,24.352275,
117.835893,16.292880,
214.035159,6.742169,
258.754388,41.663667,
12.018433,18.904121,
248.418858,31.055291,
158.775372,6.028234,
343.525741,24.185965,
227.092877,3.037809,
218.221702,3.882322,
188.913259,45.558993,
30.125994,7.564172,
244.092663,38.817850,
261.624598,37.602151,
167.889063,37.142036,
183.230036,52.545607,
190.096510,51.993694,
182.188432,65.562414,
324.639032,5.135666,
236.732128,46.409506,
174.125828,14.663534,
354.334118,25.896656,
186.657299,10.556613,
243.608298,18.685942,
132.267054,7.433523,
17.342357,12.228692,
141.597116,40.896001,
157.676388,8.402379,
195.440205,40.940181,
346.054858,24.399324,
228.097798,2.151115,
185.065425,-0.047668,
179.863071,46.996369,
212.315254,5.638004,
357.936190,33.496527,
164.512191,33.914328,
45.023243,-7.204315,
250.200134,22.716637,
144.351956,42.263953,
153.913268,25.718969,
132.616723,20.997614,
214.613819,55.608649,
13.993870,30.405517,
144.822464,38.158336,
3.387532,30.307821,
182.350188,37.146994,
133.795005,21.280014,
205.616677,6.582621,
146.970727,38.813612,
20.262850,15.706730,
126.191588,0.542619,
0.842481,30.489191,
343.616739,23.120841,
199.559534,18.120785,
14.940875,6.989783,
128.996453,14.454622,
177.883559,51.900084,
210.176001,24.256642,
198.198755,57.637408,
152.745862,46.742047,
153.454651,4.921082,
191.362606,18.286998,
173.958113,32.537579,
144.261390,3.635908,
4.612171,35.751685,
167.132080,25.876544,
160.327736,30.914520,
1.748867,-3.017718,
140.742531,56.476916,
227.692537,1.305303,
258.296738,42.349618,
3.878535,-4.980867,
353.270541,20.282129,
164.165286,46.071004,
22.164237,33.394955,
237.800819,47.760524,
220.847096,2.501285,
248.681200,26.391615,
201.679758,23.880767,
218.931534,16.823413,
130.609219,3.123204,
256.612122,41.479379,
158.645868,13.500864,
347.385136,19.340754,
207.327155,35.404397,
6.202608,25.992231,
169.495771,36.580238,
139.564660,5.575884,
347.969414,-10.164718,
352.735161,0.665028,
224.779972,0.400346,
150.361722,9.980511,
30.051464,25.561030,
336.284055,-8.955340,
115.181018,25.401319,
165.266308,41.657852,
156.411362,34.191199,
136.697998,3.693499,
158.871923,37.918898,
135.963890,6.755367,
257.725398,35.169854,
357.959943,17.612949,
341.516894,20.843808,
143.232450,57.938888,
351.793194,23.252390,
250.207863,50.017442,
142.607786,44.572693,
337.313249,2.369349,
123.328550,50.211049,
9.603650,7.217591,
113.012164,26.257924,
245.155338,30.819866,
224.754112,33.322181,
174.778749,52.999938,
244.138180,59.923315,
197.426011,-1.694464,
157.158928,44.622397,
143.697111,28.719457,
132.783250,5.269442,
212.720266,16.485750,
1.346847,22.358976,
141.073119,59.340790,
344.605415,2.862783,
159.869298,25.562616,
52.967248,0.726352,
131.370861,28.349331,
15.002491,7.110410,
197.012049,37.743423,
214.028971,53.158270,
159.001849,52.038363,
191.167002,6.092968,
9.247646,-0.313971,
226.844180,61.888945,
13.335561,18.707227,
22.205502,-3.783379,
2.380749,-2.829715,
195.434228,66.283124,
4.984338,28.241058,
219.437257,51.395528,
169.234000,32.055381,
135.781928,44.941717,
142.010166,5.834027,
204.495863,58.898126,
169.857785,17.378493,
212.391955,62.855231,
151.038306,45.442617,
150.268066,55.589330,
216.161851,54.797593,
166.659500,32.936536,
205.673401,64.497060,
172.252179,-1.508080,
131.562977,27.355617,
158.016529,13.450013,
354.664865,-0.406745,
9.262604,24.960451,
193.166928,18.751604,
8.747912,3.749143,
189.149674,-1.481397,
21.533857,22.188980,
25.860157,-4.314313,
198.848307,43.750916,
145.947079,7.023275,
24.992722,20.097290,
25.683621,13.974358,
122.854057,21.015814,
225.059420,21.728598,
260.007869,35.669268,
116.261516,32.816716,
195.941451,26.063331,
347.162212,20.618440,
18.439670,5.064017,
357.853924,33.196490,
7.961738,23.006185,
319.277538,0.997827,
207.063835,51.645667,
211.975255,42.668557,
150.885531,27.661421,
139.935800,2.542234,
246.587928,25.287225,
197.362763,54.386887,
209.291991,36.897498,
357.680488,30.138676,
136.589182,36.560936,
147.538657,35.863709,
139.258950,54.716398,
123.951935,22.666741,
253.906041,39.892352,
2.783933,23.325976,
16.813955,-8.870062,
179.015646,38.368936,
209.658604,10.925468,
122.148989,12.402173,
155.890471,11.896030,
358.780384,20.200358,
30.705975,-6.046988,
193.289895,1.475132,
149.214905,0.752373,
184.602262,49.934568,
56.429521,-5.285811,
176.684250,32.771258,
347.082525,21.793093,
10.812930,1.181466,
244.288359,47.009017,
173.444105,20.942587,
215.046196,17.947372,
162.554390,40.956777,
156.464446,32.945201,
146.301715,41.418524,
207.703854,0.256158,
150.958584,11.915351,
144.923628,42.580197,
17.118194,20.609687,
239.452862,33.574786,
200.172627,27.252572,
210.213749,2.984814,
215.680010,35.820339,
177.927152,48.165524,
167.162461,25.937026,
202.979051,34.636096,
186.921921,57.149069,
224.502856,45.032057,
233.574775,54.214583,
12.669634,13.833865,
188.816061,26.930827,
142.489009,57.096722,
29.756485,29.665753,
350.166630,24.789009,
143.254461,53.866015,
206.240117,59.611927,
235.070093,44.167990,
189.926539,58.614999,
164.770583,23.152987,
33.803661,29.538708,
236.265802,35.498658,
346.100843,5.174078,
232.437951,28.977573,
229.741584,58.257659,
122.454400,33.800306,
239.755025,35.404642,
182.668181,35.153155,
230.859728,25.193871,
347.620753,28.205874,
344.384166,20.198217,
327.187994,3.261596,
223.476796,43.592150,
27.922082,13.495280,
55.911930,-5.286150,
143.050123,40.966455,
23.324142,14.716784,
127.386563,6.299335,
16.308786,-1.039715,
134.048926,34.134845,
171.566460,59.908044,
343.107416,19.371137,
186.566984,9.021201,
196.676638,14.023790,
28.056027,0.333883,
334.897269,1.586595,
174.034269,18.818942,
243.102242,44.063670,
216.945150,44.288583,
194.170786,-1.025868,
331.035240,29.783643,
4.198274,-8.862331,
226.996066,43.938306,
167.864314,29.555379,
262.017145,35.046332,
130.931169,33.272816,
317.133914,9.772624,
158.467568,52.194251,
163.337316,9.842677,
202.076700,39.493996,
22.742005,-9.960851,
238.156895,48.193071,
140.123797,22.445624,
164.004958,37.635385,
50.094868,0.685641,
238.845014,29.972748,
349.397217,2.589625,
332.772969,29.976045,
155.000082,53.696265,
127.908205,35.821555,
153.995426,53.676513,
2.763946,-4.142764,
216.164235,19.513536,
21.387394,4.738431,
196.123584,1.415505,
169.472421,21.282431,
230.396293,10.070034,
168.172181,46.442999,
338.862369,13.268601,
181.931199,39.123109,
221.276004,6.505447,
30.604507,22.439153,
344.994408,29.747635,
7.875836,31.819509,
115.152535,49.209658,
223.184711,41.956222,
237.939977,18.126562,
196.772503,55.738373,
223.224111,45.924961,
14.293013,32.123187,
181.727905,46.701096,
135.128908,16.206432,
186.523692,53.604648,
37.576107,-3.555391,
140.046237,27.431028,
179.755942,-3.105323,
179.778131,7.443152,
170.200759,44.021709,
227.659034,49.615566,
166.919654,28.814426,
204.471293,48.458195,
228.549690,28.638384,
141.374850,15.009147,
224.132360,7.524251,
177.626614,56.634107,
143.106095,32.755007,
153.831376,39.519105,
324.434462,1.978068,
36.977379,-5.883779,
137.615596,52.888365,
146.190596,48.856445,
23.723361,18.708493,
198.381219,18.351191,
129.811905,50.154636,
143.708007,67.633751,
211.703712,58.979145,
13.052325,-2.037391,
209.359995,25.079879,
237.850566,48.906104,
168.928130,59.864909,
172.916503,24.103877,
192.428032,3.575565,
19.961245,10.562889,
231.534874,23.805983,
227.287222,46.526533,
125.076904,49.208714,
200.824449,11.064823,
1.271637,23.656973,
246.091611,43.622218,
172.466087,30.280063,
358.190244,-9.907597,
27.488734,7.844984,
152.308936,4.809870,
130.268799,23.097393,
346.930472,1.664487,
337.146809,5.792564,
217.310196,35.690555,
251.110552,47.891643,
141.481489,46.854092,
172.868168,54.456141,
150.725611,48.017690,
149.882059,24.959526,
357.825504,15.656871,
238.185485,3.268902,
34.480208,-9.028050,
217.893282,46.711334,
223.128764,19.050572,
253.080531,43.803422,
210.333848,18.484138,
227.451361,1.575390,
235.652831,4.852109,
140.490740,66.077288,
162.083853,30.440992,
245.165550,31.684636,
4.941832,-4.270894,
144.665646,36.736094,
4.033175,26.159381,
203.362872,5.114966,
350.529814,6.619395,
193.160491,11.932535,
131.581422,36.976884,
249.131497,14.410949,
135.865289,21.931050,
10.099036,14.135387,
195.155499,45.929911,
198.552040,32.407888,
159.828306,56.183778,
36.639498,3.142866,
150.185407,49.806913,
131.122774,48.362695,
3.397229,-10.562653,
220.542856,7.096903,
210.408469,45.230194,
171.055244,55.540327,
219.729444,14.835976,
166.583974,34.545164,
347.641168,16.137925,
154.481704,26.442422,
191.152539,8.374595,
209.397177,31.267428,
147.743819,40.098435,
155.315424,36.089385,
246.198564,25.628661,
170.247246,17.760204,
183.547424,29.232242,
180.078451,10.966490,
152.299178,27.359994,
150.657674,36.760815,
240.942368,56.201682,
2.554252,-8.537889,
3.207897,28.931301,
240.411779,53.342157,
211.298335,40.543471,
115.143415,44.167446,
12.705432,8.981484,
179.526350,24.091282,
155.037284,44.261974,
171.299434,34.721475,
210.730513,24.595943,
181.640261,57.798488,
121.726798,39.151286,
161.796861,44.946658,
136.982708,40.963842,
252.873228,44.009995,
135.548748,51.450963,
112.389680,24.174523,
177.415215,60.604605,
341.522701,25.641416,
136.455561,6.490427,
222.861912,13.918301,
31.077541,-7.824481,
0.197616,34.129384,
130.303794,36.503442,
212.285356,13.761721,
254.061027,38.673623,
348.392869,18.882112,
359.940384,25.261414,
341.266162,14.756465,
128.114518,50.199977,
234.476676,53.075489,
217.413588,44.214505,
233.276335,52.980370,
137.099580,14.921268,
234.793924,42.128272,
356.694556,11.492034,
13.119519,-0.276522,
244.184090,17.743648,
9.337243,14.373523,
55.039461,0.278913,
337.708979,28.958598,
210.641692,8.376392,
254.289514,41.135443,
123.105295,45.837511,
174.653886,52.753166,
149.196171,36.190861,
220.920192,20.741814,
196.500029,51.123984,
179.028358,23.518560,
189.570062,30.713983,
22.799135,26.209799,
213.385549,49.844842,
125.415286,29.078811,
3.812040,-10.512122,
147.009068,42.278631,
156.733199,11.683704,
187.978857,24.087292,
225.360994,27.881146,
22.243629,10.533759,
149.302626,51.349704,
231.524592,22.443487,
8.630043,5.578585,
233.156606,1.748029,
18.004241,21.750969,
190.902115,31.655200,
148.813707,49.982182,
130.621210,29.119503,
31.671553,-6.480638,
135.882335,33.917320,
313.064115,0.218851,
153.103643,29.459732,
250.588395,39.059309,
206.330085,4.129741,
4.642282,31.190767,
178.841908,52.309397,
192.350250,20.981707,
8.945138,6.422663,
117.630791,19.465152,
187.459332,34.651413,
236.320413,16.829224,
135.535866,28.268223,
131.476023,42.501000,
130.914359,25.760184,
234.844662,60.064031,
242.291033,30.019292,
147.065578,9.664827,
210.655789,23.981628,
139.127904,25.207401,
184.802028,36.009393,
187.866501,42.505358,
158.657447,65.658755,
248.748511,26.313904,
133.305098,6.566768,
162.033266,13.381746,
24.590402,4.914137,
330.257110,17.622294,
183.311750,14.733502,
254.329220,48.488813,
139.417962,30.816288,
183.690083,56.902071,
133.359352,23.042336,
141.592830,49.794793,
9.068099,0.706616,
239.213838,7.142386,
131.288964,32.332436,
193.815508,9.807212,
16.199916,-9.570877,
220.382949,34.795308,
161.365721,23.151061,
6.209234,35.037210,
133.430490,37.067340,
196.511647,36.326602,
230.316025,51.846265,
134.880196,56.313268,
24.754994,27.047739,
171.261160,24.866129,
192.672287,13.315080,
189.512828,9.380247,
224.186612,42.096848,
141.985713,0.067512,
53.196698,-6.265610,
125.444455,20.709002,
122.535269,24.081404,
196.124753,5.722726,
116.688348,44.252430,
0.087772,1.333806,
139.438536,55.993044,
131.543799,13.654392,
221.852734,33.647936,
318.208362,1.172208,
31.208426,31.506289,
177.597603,52.880255,
173.313028,23.388822,
252.817917,18.376118,
207.432972,1.668707,
332.225749,-9.499358,
113.722408,35.676620,
329.902571,2.209310,
137.973684,8.680533,
185.995733,40.735936,
141.248693,26.604333,
213.186360,29.520893,
160.343335,41.487868,
20.486035,32.481228,
241.010123,13.710132,
130.428858,6.782133,
192.629718,56.204784,
177.468255,38.459138,
326.526684,-6.758215,
323.754838,2.216230,
114.952878,46.054137,
2.132590,31.000784,
157.091187,24.820321,
152.575806,19.791616,
170.486689,39.547654,
354.003896,27.045986,
195.476472,45.779465,
216.450145,43.767745,
179.907218,12.769077,
162.273467,43.789216,
171.496611,36.687134,
9.936492,4.993456,
151.227886,62.895717,
179.610395,43.091664,
187.258335,35.660613,
237.642995,41.231264,
178.792084,31.219817,
167.742018,24.005384,
24.808173,17.183431,
205.183318,-3.300400,
224.351179,37.837093,
336.159152,27.337611,
123.036303,29.261243,
219.104089,16.464403,
133.887695,21.787104,
127.657295,4.357736,
356.618557,32.810651,
171.267875,38.405109,
2.578684,28.159052,
166.612533,43.494120,
130.961875,47.582267,
126.125268,55.176090,
179.022319,34.272767,
112.380191,42.227873,
202.630009,42.963114,
174.883033,25.002436,
189.809217,32.283276,
193.849969,52.034906,
349.971130,23.897892,
201.034136,17.564572,
154.052290,33.520013,
210.164377,20.208081,
157.893447,66.132290,
185.105968,27.042529,
199.327568,54.054979,
152.166023,48.728425,
212.878624,64.093314,
217.198455,30.171574,
337.026632,11.223162,
11.101990,2.530218,
235.466040,38.141928,
256.924487,44.613848,
224.921590,7.231405,
192.130534,54.697238,
171.273595,23.777425,
356.559841,0.970825,
160.900643,47.781854,
319.828795,3.240387,
222.013748,41.189706,
230.848469,51.257287,
239.133876,47.770645,
355.552372,-1.711921,
39.852011,-9.027399,
139.267959,26.821991,
173.257236,56.895529,
215.338735,56.823775,
0.990898,19.320549,
188.084419,31.189290,
115.894250,31.514232,
178.103897,34.803276,
10.106598,-0.506437,
46.241599,-6.877019,
327.706366,2.465926,
131.380759,0.039416,
202.497121,54.885434,
187.230592,16.684469,
219.970472,27.128625,
234.201830,14.794645,
178.893404,3.403072,
125.080094,6.328517,
33.551917,4.613343,
254.237720,49.109990,
199.155275,-0.610007,
237.946926,58.303675,
142.475730,28.833591,
209.856532,61.434325,
147.280497,22.262476,
182.651624,36.788940,
236.248291,7.575920,
243.508623,51.376455,
358.036300,7.652701,
23.909699,7.100112,
207.328184,22.625547,
165.634178,33.463761,
185.041767,47.645131,
141.331394,33.793736,
125.085141,28.740091,
133.017235,50.284627,
162.009482,9.946794,
139.317423,31.171778,
172.557796,49.459037,
172.537278,43.252838,
321.456172,0.128295,
137.828303,2.438094,
126.282065,7.356772,
183.796793,43.981268,
222.151796,0.304869,
28.884313,9.817668,
231.276239,5.892668,
128.198299,16.669113,
155.318106,41.829371,
161.653870,39.732572,
137.889807,41.721304,
244.540605,35.035804,
245.228973,57.207958,
357.012766,24.668113,
163.275351,53.077897,
18.041916,19.746026,
183.827867,43.101233,
190.057970,43.173370,
241.681049,12.193969,
149.362130,28.385075,
241.766025,44.947577,
238.331673,15.602349,
114.161932,43.887951,
162.563529,50.536649,
22.874639,1.261577,
144.173277,23.156932,
214.077068,42.140065,
187.198690,45.068145,
248.839385,35.660123,
181.150105,25.502026,
116.771143,23.236860,
124.151554,58.211132,
17.643031,25.638844,
130.132655,37.813759,
181.140133,6.540464,
199.294394,58.696497,
245.486374,15.346723,
144.978032,48.547113,
22.839547,-0.854383,
336.224011,26.331472,
111.430406,27.130186,
129.474513,19.650069,
238.704156,38.602330,
159.331796,55.632224,
25.016646,-0.428263,
344.699988,23.619643,
204.939284,37.086168,
14.616899,30.809929,
110.893132,42.207696,
177.123582,53.499503,
245.616025,42.457335,
32.737327,22.662177,
10.802666,30.508056,
205.913315,39.111094,
206.380332,23.803998,
232.178795,19.518256,
207.578005,21.850335,
12.733939,27.095723,
157.244587,33.659026,
145.055808,42.208384,
23.221591,9.733854,
351.923761,7.840370,
17.611378,28.092138,
342.318451,-1.453050,
225.139710,0.564910,
154.272650,22.381899,
5.759934,3.527759,
207.320976,60.960205,
149.582411,16.323019,
154.707738,50.934459,
140.225193,50.714310,
200.120284,40.252996,
197.411767,16.546153,
14.639251,32.291922,
28.325908,-5.965357,
142.394762,46.324097,
161.859072,-3.054828,
213.498176,48.855782,
243.875321,21.665015,
187.136591,8.283326,
176.190255,38.642401,
248.231362,37.583117,
21.843705,13.546756,
335.794849,18.052277,
344.896080,5.404019,
199.686905,59.750591,
255.012736,42.355468,
197.540265,34.274806,
217.356799,17.187222,
150.983864,39.085466,
219.147330,50.896659,
166.534627,9.287374,
358.160021,-4.151907,
238.383108,32.749348,
160.743693,36.713500,
245.926716,20.006155,
236.000682,53.317612,
123.398761,51.085433,
122.579587,39.803446,
193.888793,-1.080351,
233.115800,20.900986,
198.256156,14.901136,
20.438044,31.420373,
218.509032,40.784504,
174.487590,8.838111,
324.542632,1.006922,
217.025959,30.654070,
157.192062,-1.034191,
206.896389,6.069635,
130.848747,8.608524,
345.357787,-0.566933,
204.527469,-1.403573,
179.869386,27.430162,
49.384178,0.036024,
183.191500,59.149348,
158.650595,60.415292,
235.232162,56.114433,
182.159000,20.822299,
126.617741,23.250920,
113.630724,28.028491,
221.091463,48.230645,
216.393422,59.583227,
166.963829,21.080412,
151.933578,36.988111,
122.559855,46.625480,
27.106445,-4.116346,
223.687412,50.146972,
177.722539,57.798493,
332.081958,5.126679,
202.542207,19.599863,
161.960966,25.954062,
166.872479,11.256001,
32.161185,25.035143,
230.881262,-1.410712,
217.132695,47.129240,
213.977041,43.938495,
117.374748,20.293886,
337.578350,12.601501,
160.008400,31.697182,
177.774715,38.495601,
156.092322,47.789072,
187.887734,32.767965,
187.179470,10.683124,
224.984414,17.152193,
204.972642,13.464850,
167.483749,51.347441,
30.304393,1.435359,
188.081726,61.122052,
203.970969,60.898963,
181.932533,42.944970,
216.669430,32.197756,
7.900605,15.063388,
113.577501,38.527477,
153.018013,37.991894,
330.284208,-1.111147,
241.208989,43.366242,
160.306531,64.298075,
186.111115,50.425088,
151.786453,4.150703,
221.178336,24.403015,
358.483005,1.493100,
211.203677,55.664443,
327.669365,8.075022,
190.917668,63.323236,
172.215713,26.675519,
203.847389,49.109748,
218.072920,28.452833,
177.713291,36.645886,
179.596576,3.607939,
183.111246,41.037559,
239.716196,17.100617,
3.797580,33.061020,
177.736406,32.560021,
170.606245,9.956549,
223.014510,15.241435,
202.124528,12.473246,
317.356632,-5.560770,
167.948507,18.885699,
128.661862,6.074379,
248.477395,15.583343,
248.660111,12.076935,
28.657699,15.895895,
173.119990,43.678870,
228.990662,30.399209,
160.169001,8.598387,
33.211954,27.777979,
259.563422,26.126645,
194.476541,34.525150,
245.006582,9.161659,
25.769559,28.799109,
229.824517,57.331880,
193.177886,59.009752,
214.000580,36.466280,
115.816936,22.562259,
180.917696,33.859167,
259.247738,38.957640,
180.384566,52.713460,
121.529908,50.863404,
179.173002,21.339140,
198.725840,3.511770,
342.517171,26.046296,
231.169656,36.332044,
168.351986,1.793233,
185.686977,8.103369,
113.236970,20.746523,
25.019552,24.230281,
219.089474,5.412830,
162.233238,6.934748,
130.656022,50.537442,
164.956359,36.795925,
333.362756,11.114156,
24.285936,-0.410794,
249.163765,12.094281,
253.786373,37.545712,
172.827905,3.402149,
205.136081,40.211699,
329.063265,-0.516076,
152.215929,1.172961,
133.409150,17.493327,
131.722849,51.480093,
218.890864,63.768283,
157.092596,36.223912,
209.295331,40.071695,
126.473128,10.798401,
198.419522,17.128342,
192.170925,15.183768,
217.585461,23.549950,
249.252926,33.773804,
191.148825,-3.496802,
130.820532,5.111151,
238.933094,30.385728,
180.422621,6.689685,
185.356722,32.130124,
153.460041,25.767812,
243.050124,17.898026,
214.595458,-0.015186,
257.574048,25.953623,
197.401014,8.470917,
8.197930,-4.246279,
196.242269,43.355395,
249.659051,46.816307,
117.770379,30.039963,
2.540186,11.519730,
196.913291,28.607471,
124.371466,44.995834,
0.626433,-2.656204,
180.228581,25.908464,
21.101815,-9.957349,
191.197147,59.685352,
161.646838,9.927670,
128.800909,34.233107,
161.751154,39.373416,
32.138143,3.372060,
180.710394,32.429369,
134.814555,60.249993,
112.753419,21.222078,
347.939989,29.582041,
112.863262,38.889298,
192.323482,15.883140,
160.119147,0.085427,
200.047559,62.156217,
160.348431,33.926860,
236.788462,33.676003,
215.852564,29.887403,
242.927144,18.971117,
179.729058,34.609324,
193.923023,3.095254,
201.462669,37.072340,
211.723495,8.775650,
21.853914,2.809807,
318.204314,-0.421229,
198.052275,40.804716,
186.847221,55.414908,
357.424613,33.411342,
28.592855,9.782295,
359.880024,20.930146,
251.447004,51.125708,
174.476927,50.393362,
240.719390,49.654052,
154.989503,25.574779,
131.918150,20.378078,
148.710195,10.695597,
243.864850,59.666586,
348.702999,2.030857,
218.530344,40.717630,
202.185727,45.446595,
7.238251,-3.127981,
131.474325,45.363906,
198.638329,47.249367,
126.450322,9.894289,
359.680569,-10.568007,
355.225415,2.839850,
123.449465,21.439275,
23.673422,33.623014,
135.135492,4.846255,
152.381354,56.052902,
185.518192,29.163595,
323.079988,-3.125803,
168.428542,41.255165,
208.746944,45.700105,
14.304958,34.340834,
250.704805,34.261304,
238.627044,-0.456045,
238.659413,19.559084,
174.263273,41.156595,
317.926048,6.648684,
155.285360,30.018751,
184.996284,39.564624,
200.945645,58.395987,
237.561725,21.408741,
192.751314,30.428289,
159.268804,16.177794,
129.851606,52.493304,
182.694446,29.175344,
203.392382,33.702195,
173.308060,14.995111,
238.596533,33.055579,
40.848422,-4.093608,
238.644013,20.146087,
135.210709,8.061588,
253.069123,30.443915,
213.170434,18.878214,
160.722591,57.070047,
159.189251,52.214207,
200.235865,47.183430,
249.253852,26.602752,
349.424912,23.257374,
154.281421,63.620421,
197.853256,51.951391,
116.233142,36.795513,
30.077768,1.462060,
206.979839,60.414182,
257.388895,40.244494,
125.764682,52.323742,
134.139896,12.574588,
174.710185,48.199803,
354.929886,30.317703,
135.206114,43.809762,
17.652340,14.960475,
5.474702,20.767942,
17.163716,8.761076,
226.591070,49.675227,
26.094287,19.567769,
205.559129,40.269745,
27.399222,17.616485,
18.242010,17.145613,
355.131759,-1.668055,
220.137420,12.148220,
196.539449,18.872666,
135.040817,56.959833,
185.797028,12.698328,
196.073784,56.169047,
202.180925,1.855418,
137.540014,6.855510,
137.685073,42.070389,
219.598966,28.021151,
180.945902,30.366445,
164.791011,37.926617,
172.439757,37.789286,
189.359569,43.379724,
133.831464,22.555158,
124.416093,46.050000,
227.117827,31.178045,
156.595081,59.406862,
164.072794,32.456021,
123.256308,38.904250,
211.113192,46.436545,
223.287204,24.104715,
132.524507,20.875248,
258.140515,36.225484,
216.026824,32.479081,
157.091798,31.382794,
127.082640,53.014727,
193.216484,20.401412,
173.893978,34.742737,
123.534723,27.358265,
353.577848,24.577063,
16.588561,28.186054,
346.053055,-2.153769,
353.378404,20.164514,
127.137610,26.479563,
354.326893,33.671285,
177.067466,37.732053,
328.038588,21.367410,
186.009249,-0.706118,
258.885923,33.203644,
29.027276,-2.090352,
171.079834,49.973370,
114.184327,24.716942,
193.870225,57.158971,
132.611220,48.867164,
133.018227,5.992976,
203.273734,56.479421,
22.069410,2.000502,
133.714581,6.667458,
345.719859,3.011284,
221.938736,40.304166,
219.042376,20.074626,
195.090577,14.969923,
148.512057,50.405048,
241.271593,45.398731,
178.443322,24.308182,
199.690225,33.103568,
179.666261,62.907752,
14.854171,4.162939,
164.285328,9.442966,
138.931977,21.480293,
354.519429,7.338001,
182.305575,45.472353,
28.243425,7.955636,
253.160231,44.479974,
27.409930,11.866239,
234.657253,47.923225,
184.660891,39.364436,
151.885184,44.785695,
30.432321,-5.738364,
122.089329,5.976459,
245.626058,18.919660,
145.983320,37.762389,
120.475464,27.256626,
198.808126,15.981942,
246.226126,36.790967,
206.587799,54.342214,
202.765359,46.995231,
128.318919,25.743864,
144.106118,31.987220,
11.588128,24.182346,
132.348230,37.060815,
159.648161,23.441093,
334.290868,1.008213,
12.700624,8.798162,
141.039965,55.500779,
179.413150,39.078853,
148.186745,10.933584,
17.128300,25.406880,
129.617400,50.697863,
359.696755,8.706054,
195.733792,60.258374,
224.993475,33.617165,
125.455064,28.329239,
134.002284,59.633802,
313.612739,-7.395292,
180.627208,64.524968,
24.963601,17.294656,
203.611285,16.364383,
220.881177,27.817631,
25.915248,13.362898,
24.059595,15.792661,
343.983699,1.319735,
213.044327,39.029200,
179.939799,-0.180297,
223.134759,47.459286,
231.167134,0.547806,
233.441938,44.047793,
232.434311,45.950199,
9.308026,5.011278,
354.262254,25.408154,
175.662220,30.940798,
189.905631,46.700727,
202.618934,51.511761,
202.879358,45.164402,
236.972653,39.919831,
222.051297,44.841352,
208.816986,35.328800,
169.025093,55.822475,
117.137281,34.159777,
27.462525,11.202031,
222.628322,36.182240,
216.884266,51.747417,
158.197503,57.046541,
120.753973,42.976316,
14.249447,-3.715390,
146.040308,37.510124,
145.723842,60.468343,
212.465362,38.735034,
345.161008,-3.365294,
6.584866,32.063087,
216.643561,22.751080,
359.223883,15.058674,
115.130613,29.983592,
200.577435,31.244296,
133.801352,25.202385,
187.724539,9.565913,
124.994837,34.370005,
141.228245,31.605488,
153.737148,-0.698538,
0.392543,23.149859,
8.778152,-1.147634,
336.028813,8.545790,
207.169692,25.121659,
13.062355,3.691773,
193.540496,40.778242,
22.600208,10.822789,
345.833043,22.415257,
334.421339,25.513019,
20.956615,31.902832,
201.128849,46.069921,
171.136086,37.720454,
249.802076,52.351179,
9.440806,-1.967866,
254.039521,25.149322,
19.839192,34.545691,
131.784329,45.433973,
334.956955,32.170283,
229.386709,9.953147,
8.558358,2.540615,
128.865136,1.495418,
217.499265,44.486252,
39.541926,1.312145,
117.516201,41.989732,
317.790790,7.098930,
151.513348,51.971760,
159.437080,5.309510,
217.287923,12.664799,
11.463944,31.776376,
182.420926,64.993288,
204.095141,46.446946,
138.576868,13.096367,
5.883144,26.863006,
241.166021,7.014725,
170.883040,23.954067,
198.990246,52.711569,
9.375313,28.151205,
12.168407,30.913256,
125.874499,48.449364,
238.779886,24.638276,
207.531325,33.576657,
321.185400,3.245680,
175.997398,-1.020283,
142.694890,8.578529,
20.117539,3.491537,
28.626955,19.516789,
136.667825,36.248890,
122.406274,24.978093,
208.333607,58.710108,
125.818400,54.428726,
352.334195,10.463093,
333.052451,23.021395,
157.481611,24.756464,
345.753677,8.530936,
10.080127,26.268375,
201.995822,60.037344,
209.094513,31.634519,
151.890776,21.162552,
205.152924,33.303766,
346.512063,-0.709968,
159.454541,-1.381134,
26.116404,7.167126,
346.686528,19.712544,
165.901298,38.508063,
8.646411,-0.163284,
1.092781,6.520891,
143.400042,38.757010,
135.862990,19.811740,
162.027071,18.035940,
123.703373,35.719415,
198.481630,50.935499,
330.736154,6.479866,
171.498929,41.153661,
338.552398,1.235616,
163.469690,5.012204,
22.729761,33.836123,
238.139826,31.433127,
222.426048,22.478055,
211.563689,40.506719,
172.879850,63.057948,
341.705205,0.755812,
255.400441,28.570309,
232.709276,14.183790,
219.707637,36.108161,
157.746788,18.891761,
145.534536,50.835130,
358.184426,14.839460,
48.039814,40.081376,
240.126998,35.704261,
214.577332,26.085934,
143.546435,0.088810,
249.300049,38.193128,
136.482401,6.101693,
4.237507,0.925594,
257.868447,33.131102,
245.582839,32.073653,
143.904119,11.402226,
30.829889,22.152547,
126.974775,54.334301,
29.022548,21.358871,
201.121718,36.052225,
168.477619,7.296605,
241.954175,14.848356,
146.851827,34.255012,
201.877369,33.132785,
135.175393,25.049448,
255.825061,47.589299,
144.438454,39.976856,
123.708231,29.804121,
152.248125,3.851229,
11.242276,2.232506,
8.297063,35.982713,
170.756814,7.780460,
155.437739,5.243937,
320.538193,-1.415869,
130.441717,45.078714,
198.897600,25.612197,
112.721589,32.169103,
217.622691,46.227667,
187.392391,32.370995,
166.404387,44.015650,
162.410477,22.802263,
110.336868,41.088012,
35.604233,-3.137058,
23.447349,3.964881,
241.019836,57.915186,
191.020086,9.196466,
15.142696,32.991199,
227.481842,27.159158,
186.120828,51.632217,
217.007866,36.770863,
213.491110,0.729420,
40.379384,3.270923,
29.090122,0.313957,
159.909733,36.405114,
191.129437,31.049364,
19.105505,18.951582,
209.648752,56.242044,
228.161006,48.268796,
116.854155,48.376692,
3.845341,-5.627721,
148.110765,36.101596,
40.510001,-4.519569,
342.827873,-1.538784,
195.674407,61.383491,
321.310278,9.572460,
198.466492,35.749447,
357.837072,0.093937,
341.264958,33.294831,
21.371177,13.646520,
143.468494,46.454725,
21.370653,29.877146,
28.601111,-0.431454,
341.957352,4.308264,
239.234650,45.086048,
21.139816,26.395257,
13.666384,21.538800,
205.105636,36.560919,
211.505109,31.487634,
141.033997,54.728880,
194.437599,64.385218,
193.001494,45.001470,
147.075757,58.289697,
232.226288,35.592759,
162.215800,5.799620,
237.482338,36.248145,
182.863303,27.056486,
227.532428,2.775369,
6.283198,20.107662,
183.093482,64.263742,
246.411944,32.288670,
178.791814,52.687104,
38.302429,3.461993,
225.669153,34.644200,
134.823801,36.124961,
165.624966,43.352096,
126.151681,49.998335,
11.692553,-2.830082,
202.999552,55.017142,
160.999854,21.982415,
244.384321,12.091307,
159.449773,30.068049,
210.885593,20.720701,
130.881429,37.697987,
162.200166,39.836907,
25.485326,-3.580737,
10.690774,25.603739,
223.252249,31.604760,
232.195288,39.407783,
26.051746,6.692133,
9.916172,31.359314,
8.227801,10.410454,
340.368903,23.747841,
171.702594,5.941153,
219.109599,10.035515,
222.704271,20.165554,
222.659295,-0.966853,
356.000600,32.296859,
202.994450,14.680557,
9.125047,0.251211,
164.865037,42.955409,
118.627524,38.703069,
166.881213,13.521164,
26.078448,-4.663159,
151.178765,24.373893,
351.945749,34.951233,
187.633323,41.396667,
184.177260,54.419597,
23.458253,-6.701299,
15.069478,4.940141,
163.248587,22.187851,
139.319974,46.243170,
240.730430,47.806062,
210.958389,59.229094,
128.655375,5.777166,
238.379282,41.266914,
163.323782,23.410051,
341.419191,32.749756,
166.783658,24.980002,
7.593939,6.634130,
160.637849,-1.165144,
212.467213,49.150541,
157.459488,36.358452,
136.877771,-0.565208,
17.014804,20.616394,
199.841057,41.134459,
202.206621,47.521376,
352.437092,-8.853411,
161.336171,24.769816,
185.838665,41.991059,
210.923678,61.659184,
231.472457,50.965598,
239.085475,34.460560,
142.788957,51.547056,
127.803483,7.164702,
34.605105,6.512729,
343.741075,4.781723,
358.583018,-9.862800,
249.699543,40.045977,
156.688533,-2.350216,
318.637170,6.621585,
208.728263,35.314875,
181.093027,38.143580,
140.121694,41.256297,
158.156934,9.991494,
2.419376,31.691117,
119.969962,29.573427,
221.815039,54.287091,
5.942049,-0.124784,
181.305923,9.133448,
139.838769,1.803999,
331.380199,23.394327,
328.484681,19.903844,
153.143907,33.970133,
244.946483,54.223771,
173.306929,6.069504,
229.231622,57.010704,
175.965011,45.433610,
258.962752,32.111746,
125.609616,13.029134,
137.506099,30.114899,
216.920280,46.901150,
203.507568,66.956618,
8.633266,-1.306529,
152.252021,62.606555,
167.553860,35.544093,
23.524508,6.895581,
222.587578,45.240909,
164.117736,50.331130,
7.307986,26.204964,
169.091631,43.034973,
173.376014,21.557374,
250.207395,40.871807,
4.800345,26.803016,
9.451721,-3.484415,
351.248999,34.338187,
200.147610,51.259189,
140.566698,20.586474,
172.272752,62.200047,
24.561767,1.145629,
43.438703,-8.064829,
251.508422,27.729991,
150.938568,19.552798,
154.471791,14.824263,
358.148753,-7.002648,
133.311881,64.689491,
39.733219,-4.601422,
25.883509,5.932213,
211.070220,50.338565,
125.992662,36.831581,
346.244208,1.549103,
204.880018,48.917850,
222.028425,52.508200,
167.667958,39.049039,
224.053956,9.347696,
255.657002,37.659155,
134.232294,11.967216,
218.816396,24.349371,
29.714151,28.108195,
12.211646,23.518971,
18.565845,19.837387,
19.928855,23.279030,
22.033788,5.005759,
150.769038,45.002068,
154.466321,56.205830,
126.031771,45.265610,
235.836694,20.087427,
176.560306,44.183930,
217.854322,49.467141,
18.628787,33.187453,
219.401667,61.919403,
157.911152,38.114363,
129.074820,48.056552,
6.864956,2.166183,
158.657890,39.802312,
197.043691,51.783865,
189.841226,55.516185,
134.289471,58.262953,
245.148657,51.376305,
31.730062,1.632420,
120.510376,39.125655,
234.805931,54.706590,
346.366797,4.820486,
156.447572,8.691262,
201.839966,33.479252,
141.609580,50.915996,
153.753082,47.412586,
198.772931,8.244781,
177.808238,33.564230,
233.812380,49.101047,
166.628560,54.003320,
253.068294,27.209145,
240.254531,44.543803,
45.559463,-7.339171,
192.230366,50.393253,
11.211429,11.071919,
336.823085,6.437636,
237.182613,45.471199,
193.236282,3.323496,
32.857200,1.761757,
18.985355,2.410422,
206.208320,3.372880,
13.718692,19.767666,
260.966394,30.111491,
338.184667,24.107395,
318.519273,-1.310869,
167.633482,18.162161,
158.538948,50.714569,
217.668574,4.533740,
216.733511,39.768012,
157.098249,14.946922,
168.909530,27.312340,
177.711326,35.530311,
217.531292,41.354263,
246.958573,23.359175,
22.589516,-4.684988,
21.962130,30.551417,
143.503005,46.162057,
137.095518,42.920629,
168.478117,63.674026,
5.422842,1.224404,
146.457480,13.164992,
203.991543,54.401199,
222.928475,61.129961,
145.018149,48.382348,
166.194254,32.864013,
21.929722,-4.947921,
209.836543,19.046598,
216.620017,2.218269,
254.862775,19.160859,
343.987818,4.022056,
205.737410,22.781876,
8.305759,21.143787,
204.692321,40.830792,
23.202751,32.339579,
160.358364,60.447263,
239.271045,46.223165,
244.224773,40.556464,
209.199811,18.102588,
193.684326,51.222206,
17.277244,-2.987640,
197.989125,20.031598,
146.885126,52.730325,
150.438462,41.265554,
128.693605,21.855077,
186.671471,55.166123,
236.939577,30.163386,
116.708139,33.021257,
159.165277,15.780998,
226.927179,46.500231,
151.851645,32.312958,
348.975737,25.511318,
33.554262,-4.491713,
330.624818,1.343547,
62.966115,-6.291104,
138.774336,21.219842,
211.098364,37.714505,
194.888493,52.159270,
132.823022,18.916697,
126.359679,40.659959,
182.567968,47.556582,
140.931073,62.351404,
315.427294,0.623481,
216.387575,40.083461,
39.954455,-5.329856,
32.502626,-0.399089,
176.556354,45.722963,
175.329062,55.180272,
5.692911,23.186798,
350.654385,13.068269,
249.177042,46.090895,
14.887440,21.703494,
170.410843,18.580877,
176.840245,52.216722,
186.281873,46.284412,
130.536398,58.299696,
236.432603,54.011885,
190.572480,12.994709,
179.627797,35.999269,
247.965045,21.419020,
19.636233,0.810253,
203.448155,-1.727554,
341.496263,4.763515,
215.946774,61.646761,
205.663282,37.432299,
132.373651,42.457331,
359.831263,22.506786,
216.147093,56.112201,
116.547064,34.269667,
156.413951,33.917584,
329.693144,26.339683,
156.198358,61.899275,
219.663655,57.370340,
146.821655,38.954890,
241.726241,5.870063,
11.907544,5.281075,
161.063538,20.108830,
209.119752,41.832589,
32.339720,30.132066,
207.795240,60.912528,
152.123897,16.252293,
336.414339,4.120460,
220.618715,47.101309,
178.963097,57.338016,
148.580734,17.370639,
203.714238,47.155295,
46.935628,-0.058652,
142.111933,30.139022,
169.054575,22.630807,
198.682524,23.807435,
353.028699,-1.717267,
211.918532,2.824255,
122.884149,19.249238,
122.520439,41.011317,
187.728052,15.145320,
148.061604,39.832418,
248.925573,48.844506,
144.025294,18.762223,
16.686636,24.353061,
209.369398,46.556172,
213.398030,8.403155,
220.679757,22.688972,
183.787208,34.077922,
177.624634,46.109442,
181.481669,22.672789,
145.992634,53.993122,
354.553188,18.446997,
357.178455,18.191170,
8.692477,5.510019,
160.527723,24.452789,
232.141479,31.221102,
144.414124,63.855892,
350.031833,23.360477,
353.666690,0.867165,
197.296036,3.491394,
167.731023,66.457550,
195.418669,1.598159,
162.730723,13.476501,
21.224513,1.384436,
185.690463,57.189949,
163.613239,25.600229,
44.203041,-8.668858,
222.146095,21.815003,
337.307642,4.804498,
332.304345,0.129886,
195.190729,51.417451,
175.687104,7.017550,
181.593662,57.481803,
353.302459,31.623580,
172.343653,33.513833,
238.827353,17.353275,
177.619858,50.854568,
200.003119,43.264940,
23.153194,16.754071,
212.998303,58.561049,
349.250681,29.321343,
186.905396,20.628655,
38.908552,4.704180,
336.937303,1.676528,
126.471153,25.552290,
186.799563,29.824732,
243.067788,42.604509,
196.624164,19.152880,
199.757893,34.415313,
195.586743,56.399141,
188.408371,43.782528,
156.136675,34.773322,
244.575707,51.942884,
175.881565,31.958656,
202.480468,57.046477,
258.689061,32.682093,
182.666403,5.287247,
319.464161,1.755886,
148.406178,27.838526,
161.789234,54.708054,
255.802947,44.720324,
228.465683,23.065687,
169.419627,37.227780,
356.882059,22.916883,
116.948003,30.033881,
141.208145,14.316275,
159.407176,41.999481,
320.967554,7.231133,
162.860678,24.493492,
2.735601,0.467804,
28.406611,-1.795423,
184.893379,46.865436,
156.983231,30.842154,
121.571602,34.655166,
212.139714,15.745972,
5.718025,30.448356,
118.625772,45.734782,
7.571314,0.899701,
249.860265,28.517479,
208.692850,61.372227,
149.948731,35.596362,
176.912765,24.930056,
352.495265,6.196320,
190.656151,19.126927,
341.894730,5.486346,
178.874293,20.025389,
166.754182,57.743417,
237.663865,39.061684,
212.828254,15.071659,
173.716217,6.427566,
11.142025,0.317641,
206.493793,45.277484,
168.254721,25.248049,
115.818912,43.100004,
13.153079,0.542842,
159.867269,39.395033,
154.155669,35.269120,
43.062561,-1.925006,
211.921873,46.171015,
156.223479,23.542785,
189.101638,7.430986,
16.978978,-9.962287,
6.584106,22.149774,
191.697715,6.090416,
149.318192,69.906825,
5.517871,26.516334,
144.726474,27.470776,
29.407032,-2.269940,
49.446424,-7.984188,
206.146370,19.651096,
233.878588,13.219626,
135.153022,46.512329,
168.011962,23.010594,
133.171892,2.339474,
20.208292,2.854111,
120.838585,50.571475,
172.199567,40.573728,
241.376554,33.442379,
19.656397,5.363590,
336.546824,25.557166,
144.969228,19.977324,
19.145655,-1.559397,
250.877316,38.217719,
29.116851,-8.702486,
240.611451,39.177927,
224.697876,55.421521,
157.412067,24.157332,
322.975347,-1.646234,
262.487229,36.588507,
229.794096,28.111484,
181.733508,9.880480,
150.609976,32.498910,
244.804295,52.110113,
245.601516,34.249393,
10.564741,-0.582071,
214.800393,6.141965,
133.442611,17.642824,
214.939169,42.136124,
112.624069,35.553148,
190.215598,39.390827,
241.603967,31.096615,
184.769350,2.538135,
153.607737,64.812813,
199.736897,37.522385,
118.300745,27.618223,
241.749390,29.204968,
215.414173,34.588484,
351.825795,29.472645,
31.428979,5.787839,
333.031960,-1.026307,
203.942401,46.873008,
167.703880,4.935561,
0.450731,-2.597084,
26.029578,0.041349,
121.754213,51.294082,
240.155605,2.836531,
32.952461,-5.732095,
344.890526,-3.436351,
256.161461,40.526541,
340.713631,27.109318,
142.614698,58.607890,
181.071320,59.154248,
138.487853,9.123867,
126.510306,22.718291,
171.280672,37.855470,
234.050407,52.698498,
26.845179,9.971836,
232.478630,35.639526,
155.459161,33.039836,
12.925958,10.004288,
222.600090,6.293765,
190.694568,63.401757,
113.236447,37.313448,
337.600030,24.781196,
151.679511,47.914668,
1.379432,0.164147,
332.226670,-1.108504,
133.547229,-0.318070,
358.213242,-0.270018,
179.292411,35.407236,
162.278400,54.480462,
7.636018,11.743404,
170.835720,47.734872,
124.650460,55.326640,
3.561424,-2.945984,
331.444920,-9.538876,
199.470934,47.937281,
180.013512,53.611379,
229.187743,15.743936,
31.988159,-8.255112,
198.828224,6.719899,
184.355105,45.037551,
233.724748,46.929001,
327.945423,20.564348,
121.000502,0.709085,
255.955378,40.683813,
128.365805,4.260530,
212.339474,55.850924,
17.240410,-4.198614,
182.731385,44.680682,
340.256026,-10.113998,
259.920908,30.821879,
255.075376,44.471085,
216.561662,0.699850,
333.514375,23.353130,
162.090234,8.374201,
200.094332,30.938426,
317.653301,10.591501,
245.330093,8.330776,
143.145724,29.039035,
29.734466,13.117409,
236.519632,45.221410,
5.115218,26.767689,
142.517830,60.658313,
176.209078,44.004619,
176.869672,13.946346,
163.173046,46.184625,
19.114877,8.695913,
140.845853,46.309839,
135.916796,20.141060,
6.777736,8.234079,
139.609695,48.434001,
188.956117,59.174170,
13.402266,25.443476,
4.731631,2.191115,
146.748312,29.547528,
128.658742,39.944983,
159.188641,10.828688,
217.640435,45.107367,
30.497045,28.359762,
181.889669,43.038209,
46.201006,-7.424858,
177.511845,38.242762,
158.001212,0.574586,
173.513324,62.940151,
170.919198,20.432280,
22.484221,-2.855817,
344.340511,32.993122,
3.307064,34.170381,
240.048958,30.953447,
151.864287,25.975303,
18.854910,-2.321715,
5.455220,14.784805,
179.147619,37.175728,
39.810032,-8.759966,
136.682079,33.989133,
341.807653,29.725523,
127.462804,29.245512,
185.082891,24.031983,
249.629977,46.772731,
117.069271,18.123851,
232.314704,9.465935,
183.602949,54.841173,
164.776651,49.694342,
220.537498,33.570002,
314.408585,0.168292,
3.363824,-3.673283,
242.248504,4.790454,
230.322084,7.998724,
215.205238,19.823842,
174.134365,-3.047338,
23.017604,28.140622,
338.984956,24.085812,
196.850331,55.037086,
212.745335,32.844586,
186.921369,18.259047,
142.404497,18.111998,
209.036541,20.762179,
194.098774,59.354048,
127.177216,39.315407,
139.804610,36.476091,
149.627529,39.398455,
176.488419,2.492769,
217.707084,60.531450,
19.922092,-9.050562,
183.743637,35.636455,
131.629371,50.861224,
128.377355,23.652557,
223.151483,11.773883,
123.817651,57.880110,
20.587971,29.242065,
117.319479,46.918510,
190.186182,33.063846,
192.441174,4.192520,
200.626319,59.511666,
223.637508,6.572581,
211.687225,45.947719,
204.012464,48.561609,
198.159161,49.786913,
135.034399,11.290047,
248.604641,40.697919,
179.118032,23.554580,
158.146371,9.896432,
16.869884,34.416495,
168.664260,38.128789,
36.753232,-4.339070,
328.451102,11.689564,
23.869591,12.504292,
186.277711,56.940236,
198.672697,47.931771,
190.984293,-0.006106,
252.629748,26.623256,
351.230550,0.294582,
195.546014,0.001265,
114.668319,38.066511,
146.887984,23.861313,
8.449606,-1.206830,
27.365697,-0.707651,
162.821894,25.145731,
136.414905,24.185221,
38.497539,2.860107,
32.720808,-3.094826,
251.253269,28.048066,
358.564112,20.901142,
225.383728,27.326064,
152.181240,39.929888,
37.274514,1.610924,
171.007471,-3.553453,
216.429984,58.623666,
353.567503,5.624271,
257.920181,37.147292,
213.028047,7.223789,
126.071247,45.888973,
222.753576,34.313836,
139.059621,33.100970,
32.957982,2.701396,
158.716430,52.397422,
214.802779,33.024621,
243.224691,45.228227,
335.831987,22.898208,
135.811027,19.909998,
227.831643,34.803646,
33.359895,-3.038705,
221.404367,9.689578,
183.631460,16.943681,
132.833464,27.128871,
193.473431,1.692829,
189.222267,21.260755,
328.408847,7.808899,
160.847206,3.587159,
19.836992,26.814054,
129.843575,4.646977,
120.567789,54.327653,
113.716374,20.563302,
25.075648,26.133042,
343.283825,4.018416,
237.646970,5.452898,
144.383556,41.525087,
113.657562,46.974653,
153.528168,11.583396,
196.008359,47.105851,
171.299542,39.309061,
153.724905,22.814561,
170.520364,9.689511,
234.723320,8.567860,
250.384817,50.180554,
6.322603,28.065084,
25.627323,16.591422,
133.257990,0.507082,
188.160198,68.283732,
195.721542,14.164175,
163.254999,3.609473,
189.230208,33.515086,
197.358112,31.868366,
128.443151,36.661178,
2.368681,1.616534,
261.156268,37.776492,
157.407699,56.101895,
30.134394,-10.036356,
22.174322,25.982248,
168.842111,35.913415,
178.780467,17.028197,
200.281015,51.593733,
214.097729,35.397720,
5.307340,-2.698800,
246.469900,12.887923,
225.939922,34.043149,
139.570358,36.121681,
257.132965,22.659350,
327.762676,23.561804,
149.426175,52.149512,
151.053674,0.215996,
158.611366,25.008364,
359.258526,34.203693,
335.556039,31.331678,
349.127751,28.044558,
178.811907,47.906696,
212.656100,49.725671,
200.351538,5.440799,
128.078842,43.760912,
151.394069,26.115317,
208.275083,2.189074,
224.610169,20.239209,
168.337653,53.665665,
356.442904,14.634425,
221.345060,48.408925,
127.969023,47.057164,
163.803169,46.784952,
219.602067,20.506700,
231.852868,53.014656,
332.823115,-7.889417,
332.533695,-0.996447,
8.322945,9.036237,
155.392625,34.847594,
240.634961,16.072549,
117.975889,21.693953,
169.495223,50.407163,
191.908843,23.393253,
252.216148,36.448613,
134.137462,59.963026,
15.524914,21.811215,
25.568030,12.486759,
347.026661,17.715092,
117.580525,32.720770,
232.623718,36.948807,
142.409746,28.028796,
130.449991,50.968973,
169.440312,7.195060,
150.101991,2.105460,
244.480515,37.393741,
237.738329,19.917830,
21.675724,34.081666,
9.761414,-5.150205,
11.183930,32.011343,
343.729809,13.129118,
133.566795,15.879376,
172.392861,39.366221,
183.532196,59.625392,
167.775462,21.252270,
350.399025,30.042471,
194.178564,18.456361,
205.895867,-3.265671,
149.626853,19.762569,
183.508040,53.915083,
190.258813,-3.425828,
222.836681,15.284046,
344.275708,-0.425798,
182.221010,53.057974,
191.148604,17.326350,
20.377001,-9.710236,
175.138155,47.448166,
5.117441,8.454682,
25.358082,22.593747,
183.802385,45.663464,
18.098252,21.441526,
195.363338,0.313624,
38.141565,-8.932992,
14.899989,25.292432,
179.190474,25.703810,
214.634896,18.404971,
148.325188,34.228474,
212.971182,20.444420,
193.466340,44.394739,
189.717703,29.773000,
178.193982,0.411121,
127.463123,55.576658,
174.450736,42.297177,
248.926060,51.639338,
310.040087,-6.900721,
25.749859,20.446725,
211.158083,-2.360405,
26.167004,-3.265881,
218.741836,12.483528,
205.410074,18.153405,
201.173275,-1.900520,
224.069867,26.828889,
228.345907,7.178704,
164.414228,62.893836,
247.297027,17.181486,
223.485720,-2.864401,
248.871164,14.401605,
5.834344,4.483689,
330.533932,25.411355,
209.093134,50.687954,
181.313445,7.977069,
187.213547,59.774653,
135.144053,25.332717,
19.991486,21.067989,
158.003060,47.711412,
247.291032,22.753880,
331.503418,23.823668,
26.994353,19.637981,
176.572376,57.688797,
168.604791,49.125369,
336.277593,-0.839574,
183.540504,17.274039,
254.667518,39.321920,
6.697436,2.007275,
231.193935,51.859879,
351.621389,20.839092,
181.634779,6.259449,
30.263031,25.043589,
232.508788,55.428591,
137.577602,59.245023,
231.233296,46.929283,
237.640021,10.676631,
23.736457,5.380229,
187.486018,41.045211,
208.551166,54.350050,
131.867098,22.665868,
126.854275,28.793444,
196.104086,35.557246,
215.425921,14.900453,
167.570749,45.621825,
12.175107,17.580712,
202.614678,36.877381,
15.379116,29.800952,
21.547162,9.009327,
247.778882,45.328729,
346.410316,1.570711,
179.486578,56.380432,
128.931554,32.804346,
213.690050,49.678638,
237.655319,-0.228935,
136.766342,41.130111,
231.289923,8.824529,
317.444737,10.933633,
182.586836,37.593320,
143.897487,61.322032,
208.339275,29.707981,
189.909459,51.927467,
200.224030,41.770364,
163.806410,20.995343,
16.866054,18.682480,
171.240138,29.868983,
153.278837,30.493247,
340.319832,6.525715,
232.748290,42.083554,
263.296162,53.915885,
131.411087,47.995696,
24.238478,9.804170,
334.930498,0.688459,
350.081985,4.595581,
318.209291,2.035433,
183.343578,22.064506,
121.416193,16.092579,
321.346089,6.425788,
243.397789,17.392452,
218.488476,50.766067,
128.458625,44.921056,
197.984707,49.936567,
143.234575,21.063569,
216.879154,-0.905998,
196.273997,58.742999,
25.739197,2.476556,
183.948057,5.665211,
250.516922,33.748801,
352.969575,4.306937,
358.701517,34.691856,
125.010667,36.249702,
231.385485,15.617284,
218.133242,39.845222,
175.494869,44.333005,
244.848240,23.450533,
130.858751,3.608018,
221.713405,21.530947,
254.456891,34.863639,
206.908231,50.864413,
170.677741,24.545829,
213.011985,52.340580,
188.763586,37.972440,
186.830291,35.144206,
175.925061,37.857907,
171.556897,24.478659,
163.160387,11.002016,
175.486747,24.144018,
345.182469,27.129014,
1.685125,32.353497,
354.652809,30.624045,
118.578353,25.732552,
359.884131,11.533008,
4.186317,2.562795,
331.966004,18.097230,
29.411091,30.356634,
174.114591,65.944549,
152.370234,28.394047,
156.714879,23.600987,
249.120696,25.199401,
353.855669,6.131806,
23.584987,4.105253,
149.444159,13.385795,
237.094622,50.113900,
11.356981,34.805092,
36.293097,0.442005,
217.091682,11.937428,
220.213924,53.407246,
195.369542,14.064004,
125.946507,13.291050,
185.590608,12.472137,
239.143148,18.022694,
217.611017,-2.866000,
334.587337,26.813323,
200.397900,51.139351,
128.919984,35.001709,
175.694385,50.617437,
5.244368,8.090922,
127.487821,7.441183,
18.690374,1.356066,
183.403038,51.181115,
334.586914,31.701349,
173.383468,48.851035,
166.335783,0.284995,
182.815547,52.474177,
201.282582,5.684818,
32.427938,26.575608,
238.304764,43.915697,
317.799141,-1.704484,
349.943720,31.845800,
128.409851,42.028875,
2.753876,29.435243,
340.994848,19.891076,
200.735750,56.389418,
328.822784,26.539663,
199.067116,45.136838,
176.982330,14.230934,
357.025374,28.188572,
10.347303,1.495523,
237.346675,18.627633,
35.054358,-1.890534,
238.771801,37.058169,
240.227025,33.977365,
349.955800,13.579328,
2.600913,15.558706,
239.831304,5.488145,
139.894849,46.861854,
210.587382,50.292366,
210.880617,39.633323,
246.716486,40.593852,
213.489032,50.922701,
335.371222,14.090614,
174.953211,64.935097,
129.040830,13.293813,
12.883026,8.775835,
239.992146,58.224266,
351.726248,9.136554,
236.595378,37.424764,
203.905626,46.775733,
143.840531,28.496895,
212.161925,39.388851,
123.365072,56.273858,
357.684482,25.516268,
15.452451,17.589416,
199.375454,53.824633,
4.658019,4.851876,
146.150481,42.179504,
240.963905,10.284260,
155.094294,17.246851,
209.766907,8.678492,
206.438921,31.852605,
195.707816,14.377670,
219.460591,35.190598,
243.217437,31.256862,
225.265379,36.944920,
337.914290,31.044728,
202.579586,42.212369,
188.337321,51.359554,
14.111613,17.740133,
225.772341,24.407680,
43.724668,-2.549830,
195.985266,31.574671,
130.700013,22.297711,
254.189569,41.934341,
160.617582,36.847554,
166.027130,15.204813,
232.362441,37.093824,
142.422656,50.246133,
248.068669,21.374846,
195.411976,2.527074,
21.560598,26.643679,
262.288982,55.785737,
194.488525,47.571613,
151.926453,42.276930,
5.181617,14.213745,
248.928665,51.662668,
231.293088,58.167129,
232.427319,41.076339,
333.537996,30.155956,
29.634675,6.824683,
30.698781,-8.801400,
210.830442,35.137029,
179.824477,44.204529,
118.398438,17.027186,
338.349010,29.968680,
155.290505,13.347197,
18.271828,9.334028,
231.876611,25.595393,
205.552471,37.873767,
156.726671,28.715154,
179.403869,50.788251,
238.377782,28.273002,
214.722190,39.369397,
40.536716,-2.398700,
156.819025,35.100715,
158.385955,43.115342,
13.998550,8.058645,
154.845113,31.306404,
358.841438,30.696754,
25.962693,19.928605,
260.808932,65.796161,
39.170632,-6.385819,
207.289500,53.418889,
154.076623,1.671261,
122.109005,16.494563,
129.069477,6.615562,
170.664795,44.238090,
167.917677,29.306672,
176.819057,12.820630,
127.696674,22.266001,
123.724752,31.511884,
167.999337,42.441706,
137.353383,34.426912,
132.402958,31.727530,
159.495890,24.999548,
185.267816,47.537651,
23.670095,0.598734,
202.375426,32.628720,
340.552320,3.918009,
222.123933,25.003410,
153.193906,45.488082,
233.777717,46.695929,
3.237484,14.359826,
254.323184,39.032526,
148.120285,37.088120,
164.311029,13.265524,
341.404684,20.971980,
337.896245,3.819856,
33.637877,-1.154528,
351.990156,2.709128,
131.653185,43.017406,
139.960761,32.919760,
182.280452,13.941823,
351.187338,17.121361,
350.856742,0.957664,
152.331847,22.240236,
342.683215,12.885573,
242.796102,7.808630,
222.128125,8.719532,
152.672267,30.681104,
338.413863,28.102820,
244.158560,57.576094,
173.590207,49.014264,
168.694119,20.034930,
128.190907,21.812456,
202.942192,57.036994,
140.355007,57.050466,
358.421056,5.505324,
146.411123,32.565386,
159.850567,25.608233,
6.530128,7.896993,
138.390540,13.428155,
183.042014,54.999953,
162.184117,34.424886,
162.218760,46.936259,
192.953909,50.044317,
15.877628,29.325332,
140.375119,6.689495,
220.477947,24.739026,
335.021486,28.443716,
8.829994,33.478468,
333.812688,-7.415419,
209.812489,20.549637,
238.853790,51.769413,
247.558531,13.204452,
114.483410,26.316334,
328.176555,-1.088357,
142.870868,0.140348,
25.949056,23.655650,
43.116543,-4.534985,
153.721682,56.661550,
215.093849,43.740740,
31.680187,6.400499,
185.395479,60.623230,
175.877386,16.280451,
219.966749,52.426499,
134.449133,14.808976,
225.716247,50.906221,
195.657351,18.975254,
11.648841,16.025130,
175.190899,15.107219,
197.365848,11.039847,
144.876584,1.533602,
140.396024,49.552894,
161.830010,58.354886,
134.950431,27.339477,
120.860086,34.998272,
169.624920,28.376301,
334.115188,13.423555,
233.170311,43.540354,
221.245876,30.111643,
125.676930,60.149046,
128.486431,32.038965,
148.025901,34.788946,
253.755467,26.088183,
324.927116,1.374223,
215.228310,7.519627,
242.709841,18.747375,
246.183294,43.994531,
169.581554,24.503409,
40.739855,-1.489301,
20.996720,14.410997,
9.334569,-11.006655,
189.460156,41.568448,
254.316265,35.933923,
209.248713,24.540536,
29.622260,-2.295589,
358.158703,1.097877,
211.402364,52.326472,
194.956157,14.096409,
213.588032,14.788454,
18.281399,26.520324,
240.996894,10.051195,
33.666676,5.597604,
340.012524,15.115757,
147.876024,31.803614,
180.026029,31.441910,
25.641089,-0.770536,
219.991018,4.047929,
176.442769,57.293924,
193.958622,29.072893,
215.758194,10.250055,
226.435749,30.881103,
344.526966,5.665948,
186.961860,2.717632,
353.667738,1.686842,
185.551874,21.627670,
238.560527,41.593093,
167.768252,27.045908,
254.874170,42.768233,
351.978613,29.835968,
138.564732,11.639155,
203.720888,20.924147,
176.248546,40.598177,
193.949978,39.317254,
160.488641,66.207724,
240.684540,54.754957,
345.630682,27.416457,
174.666788,12.338116,
221.503565,22.551612,
25.110650,15.303738,
235.380925,10.541802,
10.140336,34.117786,
125.474269,50.522355,
172.558804,61.945307,
333.594575,5.200698,
131.145727,0.921608,
171.923261,26.796355,
236.315073,3.275905,
224.588491,55.898799,
183.643538,44.172233,
153.701282,4.989002,
216.619015,41.795450,
195.459220,3.612494,
159.610915,64.457577,
350.457769,20.719493,
223.791621,4.512828,
230.562018,43.133074,
164.723542,33.393666,
125.563157,30.870533,
335.319519,3.792264,
157.359449,51.442982,
124.716393,4.596862,
225.807365,32.342423,
132.082312,32.663034,
333.507362,30.457160,
358.725052,21.205277,
5.546125,26.027610,
166.816200,5.551870,
247.103116,40.806214,
215.715045,35.724556,
153.828829,30.497188,
267.126008,25.951501,
213.895536,31.295152,
256.274503,30.607389,
11.817739,-2.811139,
44.911053,-7.933809,
164.291141,33.918524,
192.801808,3.680352,
219.750363,27.811626,
137.999537,26.286522,
338.378216,20.697155,
206.433420,47.869230,
129.344145,28.758817,
260.883300,28.907891,
233.983670,15.585341,
227.949624,18.141084,
332.724684,18.340140,
214.039302,50.470997,
342.615652,30.472794,
157.123651,0.750777,
353.500344,32.995295,
228.195422,56.521443,
349.256050,-1.929530,
222.230224,2.080228,
24.824720,21.387451,
17.448223,28.060000,
1.209817,22.608360,
229.597547,57.909188,
143.479603,-0.686075,
223.237487,23.447626,
0.824848,2.788361,
193.957260,19.643927,
335.728462,13.079000,
134.847634,0.092157,
3.277248,13.613347,
129.978817,10.175936,
177.327051,45.082360,
181.378919,26.599121,
144.910711,-0.431368,
330.473212,-8.578818,
167.632571,36.781142,
123.050143,36.898201,
232.676214,51.732720,
152.686563,53.794113,
27.407112,5.529691,
9.573599,-4.842986,
20.377777,29.065899,
150.802132,23.893321,
45.691617,-7.413634,
325.275047,10.404269,
244.031919,44.701768,
201.427061,-1.944810,
243.730637,14.105438,
30.911679,21.049920,
348.788949,0.173970,
240.237391,18.108602,
203.379927,12.451697,
203.563031,37.291829,
147.415656,17.880373,
130.616114,18.783949,
9.978018,9.822255,
353.958400,-8.571178,
8.579881,1.310042,
219.357244,45.503790,
187.070561,28.330503,
164.652090,49.132043,
196.022283,-1.651192,
172.162627,38.006499,
12.466611,0.062265,
357.132361,6.416580,
150.444787,38.505170,
131.465024,62.138226,
113.537057,24.423957,
127.276588,53.635034,
131.971087,20.995351,
242.727431,43.935342,
223.314781,37.186049,
247.866032,15.079183,
187.201981,27.259377,
30.731705,-2.686656,
166.008354,20.998108,
145.517241,62.131722,
185.120585,50.668600,
200.112913,12.506044,
332.817844,25.881185,
251.060105,50.164240,
351.706931,18.785122,
116.995934,43.301492,
254.353430,20.766553,
244.058832,33.053486,
198.317166,66.523088,
187.334739,13.306321,
239.214121,32.168935,
153.740472,38.219758,
347.734127,33.888973,
181.219660,53.468760,
53.071205,0.367733,
27.089041,17.597573,
25.351059,1.051795,
117.422752,17.825390,
164.500762,60.347347,
190.969254,6.739685,
124.373114,35.784312,
354.140881,-10.978200,
336.699254,30.538933,
137.824827,40.956874,
205.791551,51.696287,
196.391831,61.298352,
26.053388,3.318137,
17.484058,23.333577,
121.403700,44.288684,
197.648747,17.636334,
152.316970,15.798081,
164.912662,20.956080,
147.532749,18.478040,
164.999384,62.824883,
175.116261,17.029068,
232.657199,24.457109,
174.633823,8.457175,
345.106702,17.889964,
116.224308,45.687396,
151.626059,14.388514,
194.992981,7.223632,
22.451449,0.966313,
25.974745,11.632337,
159.574065,43.362172,
226.117067,36.263059,
50.998210,-1.199102,
195.527013,48.365530,
254.806341,26.230036,
186.213728,61.629778,
181.479015,56.495421,
144.446177,56.698504,
198.014377,45.935667,
38.714236,2.774617,
212.907062,0.239229,
187.467600,49.859658,
229.780542,52.101665,
152.524369,21.067829,
160.260143,2.545234,
198.780323,-1.290268,
174.340506,62.618690,
353.226953,15.218197,
206.586642,9.272645,
170.635290,18.499148,
235.200459,43.879208,
344.071068,31.603687,
135.512928,22.458943,
132.145897,19.184668,
166.898704,23.560645,
214.199709,49.578391,
149.790137,22.292235,
136.065718,38.257111,
190.347087,33.698115,
357.068399,-10.628405,
44.887928,-8.028819,
340.332965,13.213977,
115.486644,34.901534,
330.776060,5.651729,
236.038547,12.096206,
194.185046,24.580322,
183.894598,66.097934,
12.485329,4.840644,
340.336511,25.073208,
204.113807,33.013166,
7.224965,-3.471233,
227.662743,47.298377,
193.901762,40.363605,
179.385410,24.397674,
224.962514,37.844055,
239.629424,13.242009,
158.244900,31.923799,
150.537749,46.489745,
179.986027,41.772362,
225.556105,11.641668,
207.653720,62.154276,
229.295941,6.267682,
200.847861,44.845282,
203.726209,19.622738,
217.142475,52.306867,
122.969084,32.683528,
157.169732,12.611974,
131.535767,52.870046,
350.610923,10.583501,
165.520435,8.440703,
159.597756,38.586188,
181.155524,3.379629,
342.183578,0.701319,
118.795546,50.961120,
18.510432,28.313324,
252.630523,49.255898,
225.957391,45.126590,
181.790241,38.860372,
184.924040,32.896998,
186.216376,8.740490,
117.906253,46.585862,
342.012344,32.005709,
162.106925,46.943766,
120.804325,30.265974,
170.901838,48.613546,
23.517311,34.391415,
181.031576,34.321200,
348.450514,1.704468,
332.707325,0.330819,
24.017168,24.012791,
155.852733,27.381410,
167.625836,52.993920,
203.765314,22.514669,
337.841615,26.541842,
133.349562,28.816657,
180.275266,34.801304,
191.709590,59.716321,
170.838503,1.687790,
149.006353,35.716374,
231.546542,2.291209,
211.939322,28.507813,
149.272783,50.219273,
17.363502,18.757842,
244.380175,28.127240,
355.780750,0.648556,
159.750935,34.452032,
252.509678,35.926042,
244.433532,34.760523,
243.778849,8.462273,
177.928433,39.259525,
217.523377,10.478872,
28.938092,14.252617,
251.893733,38.167818,
1.352112,9.252422,
121.563547,23.690759,
235.031664,33.781202,
164.734131,6.634304,
335.919443,3.497018,
129.530446,49.051182,
194.994687,61.022949,
196.277962,0.319046,
204.205715,42.726652,
118.763774,51.691571,
224.306846,8.169458,
18.994314,9.579917,
228.323162,57.515706,
354.962889,-1.886350,
111.723701,39.785246,
125.991351,32.176240,
165.867462,24.586573,
233.194224,39.775247,
206.726662,59.484298,
329.967026,22.219665,
150.989007,68.186784,
229.074386,8.774958,
210.962657,4.519572,
123.067415,27.856804,
19.463535,10.858272,
253.495476,35.888432,
218.998200,-2.349009,
37.368374,-5.190296,
233.975332,58.987877,
159.381175,31.647533,
160.444900,52.557838,
211.503968,7.421801,
336.594901,11.071600,
130.869907,49.139900,
336.195524,-1.045993,
353.320743,11.591008,
174.614861,27.730478,
196.441749,23.387692,
159.429697,66.112036,
256.537580,25.578969,
24.272013,27.366213,
136.074751,0.696736,
189.631073,44.549491,
249.707366,33.188181,
221.956535,49.688097,
349.509403,19.031068,
246.222870,24.943838,
168.289617,1.730606,
18.925930,-0.758051,
190.038830,37.553964,
355.760443,33.162647,
168.413365,49.499550,
146.691797,41.273062,
344.988894,25.470199,
206.461008,7.427090,
113.422705,41.531008,
226.250961,52.414840,
141.501099,14.579010,
7.646783,6.557268,
167.209135,27.390315,
178.340349,10.186950,
1.175656,1.694787,
229.528772,28.254192,
24.512960,26.635539,
132.627220,54.984452,
179.580406,40.299351,
152.237139,26.588107,
149.639337,47.648591,
253.759363,32.863633,
2.840576,23.931530,
176.312375,45.525985,
336.661178,15.671913,
233.272935,21.025089,
194.981731,12.698278,
30.778327,7.384657,
243.963862,59.629260,
144.378079,34.502943,
119.259390,44.411970,
151.220156,59.745892,
133.404141,22.304736,
26.597265,-0.319334,
4.828364,34.166721,
160.728449,60.574029,
117.382924,15.515520,
227.528148,3.819117,
226.869241,17.598602,
310.575026,-5.455844,
23.567599,-9.903000,
165.086088,29.755534,
238.891634,45.002229,
184.849794,42.507254,
227.581511,38.782886,
1.814267,0.260663,
228.048827,40.380391,
183.262664,47.669188,
137.898636,8.809424,
30.091755,-2.710384,
149.474554,22.599682,
154.291267,24.831887,
1.997213,-4.163875,
124.626928,6.027240,
146.643146,-1.868440,
146.657642,-1.403216,
123.827364,29.198307,
0.240324,-8.938062,
223.696253,58.016209,
138.941973,39.594699,
235.124822,35.056725,
201.640257,-1.908984,
122.215363,23.145168,
245.477701,16.333940,
133.944518,3.572376,
1.215536,18.820303,
323.600668,0.547778,
157.052243,23.725574,
132.718536,27.733000,
158.040144,36.789811,
120.382067,51.957854,
213.614255,19.682838,
133.144788,56.374634,
175.132874,10.789530,
206.733914,8.531911,
132.993151,5.885893,
202.861488,38.658045,
139.040725,9.867625,
176.362992,50.147706,
214.524122,2.850262,
233.986832,53.935965,
179.176724,11.675658,
173.494968,52.731324,
170.710777,34.630997,
34.700763,3.725051,
176.074093,10.729431,
258.822909,43.686418,
218.706480,50.597125,
324.069746,12.194841,
346.188093,20.650121,
12.741412,19.683728,
203.144129,6.676221,
135.738922,23.178174,
246.595193,43.087326,
222.637614,45.410365,
148.134220,2.957887,
165.035421,0.841064,
184.857636,4.170260,
155.399362,-1.118541,
219.638497,10.335736,
219.579460,17.009250,
131.121845,22.177898,
237.676556,30.459000,
205.391086,58.928014,
177.993115,5.878993,
125.206904,56.116408,
215.531871,5.072191,
29.375957,2.587624,
236.510983,36.375607,
133.146687,63.611258,
188.373394,9.421697,
122.342951,21.748207,
147.532963,23.969086,
197.334966,53.952048,
34.887920,-4.488098,
162.352981,14.441074,
113.501075,28.085273,
205.161235,55.227086,
156.520565,58.094648,
258.294396,43.815394,
348.681452,2.532792,
148.234184,22.447525,
148.185372,25.403497,
164.197335,19.615349,
177.643117,2.661603,
129.679788,46.525409,
203.845972,32.909504,
359.948969,7.222480,
220.960272,36.226745,
261.096064,24.724423,
143.891192,23.955699,
6.404021,-5.283677,
201.668162,40.592356,
327.070210,-1.547524,
344.109550,4.228739,
17.120036,29.628731,
228.264730,-1.405638,
230.510605,11.496552,
116.605295,30.339095,
328.668465,22.926520,
212.199283,29.916006,
24.719330,-2.614162,
25.019997,-8.141166,
224.319589,45.000639,
223.944518,38.192948,
38.397404,-1.129088,
145.906767,40.241792,
176.225957,14.914805,
208.837387,38.849526,
17.119713,24.080806,
201.623160,11.786109,
15.478866,8.338329,
232.698775,3.522454,
14.826101,31.895242,
177.975423,36.702017,
228.550540,19.662923,
3.774196,6.028687,
350.158300,0.527711,
200.622207,3.650439,
211.274430,41.535529,
42.963342,-7.618819,
168.016981,59.794592,
17.576314,24.823366,
245.340787,20.881652,
168.077230,63.191633,
223.450514,-2.929067,
122.989782,40.951416,
180.917683,25.931040,
14.788375,31.760189,
144.279582,24.562503,
132.439632,39.243869,
165.822086,27.403302,
340.936763,22.492965,
44.237978,-1.244883,
159.258595,5.886941,
188.147494,60.432341,
228.819789,18.779420,
196.185466,13.732558,
167.644557,48.010308,
223.740461,44.880783,
214.440814,51.499939,
328.655057,11.598640,
17.971266,-3.052678,
165.555552,9.195853,
175.405366,45.973072,
358.248614,10.908283,
161.851796,19.666682,
137.312366,38.808680,
142.452268,27.901045,
348.302432,-2.600121,
226.332042,55.188703,
345.403783,3.751687,
218.234584,23.730146,
187.046651,5.084207,
237.219184,58.408077,
19.834275,20.053083,
203.185883,36.233670,
187.257632,64.463878,
208.603754,24.501754,
337.575700,7.007837,
152.219216,58.847892,
224.302103,17.453235,
256.770308,64.717569,
217.527246,18.101521,
231.852413,47.527800,
6.164258,7.645401,
4.701210,20.722057,
18.288036,-3.768602,
218.965989,43.692340,
182.682233,49.179965,
216.480815,48.820587,
41.845812,-9.077021,
138.020420,59.666031,
241.170768,50.258437,
221.282212,38.024854,
204.440449,51.538084,
309.622380,-0.002327,
222.839968,7.596278,
225.878033,27.814761,
225.829164,19.423608,
178.729556,1.700083,
124.181726,53.075086,
132.108569,41.570672,
148.608799,39.163770,
2.208909,11.214576,
318.286105,0.061669,
163.181762,12.138199,
210.724301,52.736437,
136.289335,43.228782,
173.442523,50.488762,
25.175726,16.255388,
344.701278,28.024617,
243.337398,39.401548,
346.888804,31.486306,
21.034316,-3.410269,
330.046413,4.343312,
232.936658,39.928413,
173.934414,20.888365,
116.107930,20.566329,
164.246844,43.821990,
184.850358,54.103446,
224.148859,0.197424,
44.046469,-1.236478,
159.722027,28.597871,
138.114286,40.656425,
247.844177,28.907254,
218.728027,28.940167,
238.270538,35.807950,
201.932586,45.427955,
137.457172,15.255926,
228.247247,55.423075,
179.311215,18.860833,
126.145936,27.772656,
157.908168,4.741263,
145.548232,56.727267,
223.285676,35.795604,
216.637021,52.808948,
7.233446,2.721365,
159.601985,-1.094157,
5.601127,-3.144711,
196.746178,47.469095,
229.786183,16.596088,
210.137819,15.900731,
349.661026,17.796499,
9.052664,8.930872,
212.253265,41.702034,
181.223844,19.982818,
123.621623,24.034977,
206.821668,38.821083,
139.372999,60.528860,
249.443435,30.844758,
350.478473,-10.478952,
193.141876,23.187226,
22.557359,6.975840,
193.308232,60.884837,
181.084162,24.721809,
213.056004,18.218274,
213.261362,0.889915,
239.290488,16.896281,
23.120071,12.506250,
143.852903,11.338005,
172.592428,25.319435,
207.069765,18.444979,
248.468091,40.354352,
227.844377,57.800167,
141.904133,30.334203,
185.995760,33.452296,
177.271540,41.396777,
244.416610,30.357971,
174.955332,58.235624,
254.042553,44.806231,
174.015949,58.985596,
239.508993,15.577638,
158.303786,60.228382,
345.195267,14.329390,
157.456253,37.127539,
149.472118,24.175848,
141.322846,3.312404,
10.363150,1.974477,
206.538220,34.478193,
10.854445,8.574532,
232.048753,44.433295,
232.434748,30.453372,
158.341676,62.296431,
183.397778,17.916950,
164.164303,57.955960,
236.903006,37.473869,
242.365374,5.860654,
213.274426,17.185837,
185.224122,29.445217,
238.150085,40.036307,
346.718959,19.774664,
342.116514,18.442860,
170.560292,49.930157,
205.567539,35.380193,
170.369482,25.014266,
142.951251,34.277749,
144.364244,2.633218,
322.851206,10.000871,
153.918765,22.605416,
139.016898,25.598755,
22.960188,28.973744,
157.662035,23.163211,
358.537145,7.118450,
34.190147,4.399662,
310.325593,-6.981163,
144.278462,6.517029,
1.327914,33.643377,
118.180029,51.409530,
211.202880,16.372924,
229.553726,6.457512,
233.884614,30.353612,
203.006935,-0.631677,
145.343426,17.075032,
0.058842,-3.160148,
31.329401,1.374254,
178.485914,30.628853,
325.605011,6.954431,
150.813039,6.786065,
331.035014,11.601092,
183.543543,38.918887,
20.644654,25.133395,
187.636262,53.233983,
146.547331,22.011229,
8.062137,8.790221,
22.673638,0.666762,
9.597783,11.886786,
150.958997,24.755603,
200.620676,27.585608,
186.283108,66.179474,
24.890385,17.138860,
160.909291,27.528706,
157.026919,33.742299,
208.975390,65.655636,
8.612295,26.843662,
143.885235,55.532322,
254.218142,41.760947,
334.807663,3.683150,
136.296727,39.387208,
154.325483,28.266200,
355.781371,19.806960,
182.784342,2.453031,
352.416304,24.908052,
145.753350,47.669854,
254.961117,31.915651,
155.491329,26.639997,
137.107871,51.747048,
356.939356,28.996619,
122.949519,42.882497,
144.325689,36.939856,
141.469788,48.803067,
116.587772,33.844661,
204.696020,11.436201,
170.597013,21.161177,
250.907647,53.672605,
12.255803,4.119087,
153.109805,3.835978,
174.050012,54.929255,
326.279469,0.597500,
351.598847,3.812125,
164.207767,55.202149,
352.504567,7.422352,
175.832596,32.665983,
255.706783,40.037987,
246.283767,41.467903,
258.625310,61.962922,
114.348638,27.648461,
117.150464,24.006698,
345.185506,1.931165,
145.199697,52.602066,
171.978487,4.350353,
124.256588,36.666854,
134.283568,10.553100,
10.742154,-2.667376,
230.283357,14.743919,
128.485751,19.284317,
26.733870,23.713284,
125.457126,7.644865,
221.689765,53.313565,
174.345326,3.881152,
172.595328,38.713757,
17.028980,22.130581,
191.416981,51.354411,
114.457140,27.259560,
261.371414,56.136659,
131.232085,3.560352,
241.607103,33.037319,
183.103972,51.923517,
242.348780,17.662267,
32.844158,-2.191600,
221.306528,7.946111,
219.928500,58.466445,
249.159090,21.215441,
204.681548,42.941644,
169.058395,1.909687,
338.815588,-0.000075,
172.025579,30.140633,
175.542496,35.077151,
193.428408,37.589954,
126.255017,17.723323,
240.373958,21.950088,
143.054349,62.527037,
147.925430,48.245527,
8.569213,0.378083,
157.348605,14.098428,
135.553886,45.634543,
138.272640,45.468684,
217.578306,19.702796,
195.639939,55.716324,
154.013063,5.217328,
163.932869,29.821591,
129.467002,23.783268,
4.887595,-9.977910,
25.116219,0.870164,
230.211158,11.565764,
139.360344,9.717613,
16.009606,32.679925,
152.475045,1.237746,
188.054768,48.412613,
123.343072,18.835492,
231.866183,30.012653,
225.342609,13.088134,
125.733377,6.091327,
158.980025,2.460836,
155.911215,32.404257,
353.926725,35.722078,
175.438997,6.019660,
187.828258,55.612394,
246.011681,49.269260,
247.673597,53.251311,
356.797130,24.084416,
147.562338,43.151778,
208.648704,18.088190,
10.394779,7.177556,
136.605016,59.526205,
16.710849,6.031086,
189.114310,41.758629,
174.403877,57.420190,
27.801746,26.209624,
190.051151,29.956835,
170.113105,16.370827,
186.799674,10.547469,
133.542214,26.732321,
14.056740,2.126228,
196.794382,52.463789,
327.787230,27.930302,
359.702282,8.741235,
354.306970,4.617534,
323.408931,1.441333,
260.958896,54.389019,
237.583410,55.853452,
134.554606,42.903980,
208.311903,64.497859,
251.719900,24.157583,
246.549462,37.426710,
124.776972,49.786215,
231.707996,-0.424817,
208.206806,55.035958,
134.013191,25.483001,
210.936776,62.099651,
242.014494,8.110553,
339.531026,15.956342,
128.573337,50.131597,
216.116406,15.695058,
210.553598,58.589505,
213.685347,55.452180,
199.386487,36.516568,
236.994919,36.451499,
354.150140,25.736724,
335.997263,21.274073,
21.730852,19.845338,
226.660630,57.583086,
141.209596,23.297184,
120.846578,36.062547,
10.226620,24.773161,
245.210251,43.862651,
13.070024,15.524542,
178.660368,50.723214,
208.112209,49.990034,
194.457103,12.564733,
332.309090,20.761665,
203.221956,2.012686,
146.878458,24.592249,
122.644879,29.728401,
134.891979,19.797242,
188.993244,60.927494,
154.003177,45.358369,
160.656457,32.437759,
126.813255,56.493887,
206.093637,28.945260,
354.683315,4.210082,
121.483852,12.154407,
204.869833,25.784690,
26.787791,17.170991,
257.827975,61.459073,
141.672557,1.585189,
148.204966,56.081955,
125.258560,4.303102,
205.071053,45.035271,
234.806544,33.559409,
189.892308,53.739882,
13.778508,28.390292,
27.641408,0.416650,
164.762235,50.087081,
256.552381,46.370437,
202.522206,45.111690,
239.761154,7.079267,
28.289029,0.501940,
169.836763,39.135173,
224.792877,1.657409,
355.625141,30.424892,
134.371632,3.667677,
241.524586,7.202074,
10.330929,20.748184,
42.055075,-3.348883,
244.678970,31.282861,
217.097476,15.158873,
27.990476,14.885653,
358.164666,24.354344,
353.114109,19.148227,
115.398726,40.470827,
151.710999,46.858338,
182.458166,-0.881964,
45.568333,5.836430,
137.197619,32.196964,
215.555085,48.011531,
2.947709,6.773869,
141.774510,29.688865,
181.583937,16.777361,
14.307430,24.729113,
351.519126,25.031942,
149.137337,11.336053,
54.629619,-6.255499,
7.406783,-11.044377,
170.710970,22.019502,
138.621704,24.503272,
20.232070,19.836336,
348.741759,4.670919,
357.325175,22.312800,
332.013122,18.969582,
223.487128,29.804606,
229.558662,21.536317,
246.190263,32.122880,
153.174069,46.258504,
176.543805,16.829482,
45.203909,0.911324,
238.858406,23.549847,
1.571161,13.901937,
187.754689,8.205653,
117.385466,37.286828,
212.330823,2.937836,
164.602066,37.417170,
145.724309,20.355218,
8.103996,2.676676,
358.092269,34.891317,
25.958453,1.274974,
115.803643,24.646495,
162.928528,52.824261,
193.386700,57.000616,
188.039840,44.112359,
353.268703,20.539688,
335.031286,29.368515,
154.970829,24.996770,
140.014125,-0.149934,
123.812688,33.592738,
166.393690,26.023733,
241.230821,38.200454,
125.443231,32.896922,
240.424804,35.036693,
166.552121,39.354987,
211.071508,15.274940,
120.537247,36.071593,
1.332987,12.095794,
4.091603,8.734341,
216.541615,37.765099,
161.320854,39.081517,
129.582706,7.654177,
180.434455,14.526795,
19.218354,4.443686,
164.176268,38.608467,
210.176308,59.650992,
183.845545,32.635015,
121.945719,5.407809,
348.650589,-1.887166,
10.850766,27.367843,
12.537232,15.993517,
346.380302,5.677429,
338.711787,28.944659,
226.792494,27.533687,
158.540855,64.799218,
31.533935,-8.989768,
125.056304,14.478676,
229.004583,28.338259,
135.472341,33.850785,
141.804036,52.197642,
2.742088,16.999034,
251.880469,51.275933,
18.756078,18.448823,
171.650139,24.664335,
3.728878,-4.343299,
245.837544,54.054365,
3.086626,9.450444,
161.163807,19.875725,
152.656140,52.622906,
176.598781,41.324964,
137.498474,8.099163,
247.346832,49.818581,
236.726327,44.165100,
20.167360,1.720511,
168.773564,56.863647,
123.260206,31.259755,
242.926931,38.217471,
172.866705,48.725919,
339.858037,0.061208,
241.916538,5.162649,
162.197592,47.758992,
176.478776,21.418723,
11.183006,35.678031,
172.549703,50.722091,
242.386927,37.281394,
240.693905,30.287843,
242.311919,38.124494,
259.891383,39.246967,
143.530993,58.017719,
342.466765,-0.854375,
243.584661,16.107172,
187.015224,22.144247,
235.291036,41.947448,
188.877174,47.517064,
342.451975,26.029678,
152.428545,44.488247,
152.032212,15.188749,
153.925051,2.040153,
188.485246,16.181305,
159.619929,59.178257,
155.922519,31.704417,
132.493894,38.175853,
242.269336,40.929861,
121.023334,16.160461,
229.315361,49.747472,
209.596151,57.596847,
159.081634,35.501064,
1.979156,-1.035195,
330.389778,3.740257,
251.440245,39.827038,
196.338927,29.816818,
141.499188,58.663522,
135.472571,6.987657,
30.336477,3.523131,
242.652315,34.104162,
27.998255,20.427885,
234.856999,42.291154,
238.341616,37.138156,
127.369984,40.269003,
217.705836,65.180731,
212.484654,-2.767770,
186.017903,36.977167,
119.760822,35.405770,
137.133462,62.278605,
232.472850,-0.156299,
233.627782,0.286826,
187.634426,54.940843,
10.166323,2.376155,
134.519337,49.137677,
152.404702,29.268489,
249.362005,40.742486,
159.455474,13.858238,
10.119875,-0.636052,
341.482921,25.511874,
3.370965,32.820922,
207.490334,59.023027,
235.358529,56.328645,
163.470290,-0.981304,
6.856677,10.469433,
225.271811,1.464896,
210.050700,-0.586018,
212.315028,31.116476,
9.276230,-5.019826,
246.841828,38.693455,
151.904803,30.499458,
338.872157,3.049418,
342.614459,30.438340,
229.001632,57.404375,
239.803244,57.082925,
123.727287,26.779752,
349.882524,24.347083,
349.282208,19.703630,
254.310225,29.509228,
171.656979,24.840360,
138.714454,59.279394,
158.425538,10.096203,
151.626785,25.280979,
13.247108,35.733296,
145.122095,23.052862,
141.607737,7.072127,
347.387738,24.008165,
23.296772,7.928324,
128.901657,19.995143,
188.337394,27.441401,
357.784706,38.219741,
139.998938,52.714162,
203.432792,49.040688,
180.571973,51.244133,
191.158508,64.516060,
147.412370,38.510098,
215.207193,0.546926,
191.223218,50.577395,
114.753778,48.866394,
196.243685,64.801210,
177.573746,53.050907,
141.454640,57.890215,
20.238210,24.701703,
342.468038,28.498408,
137.968684,8.804075,
42.398154,-0.226911,
173.591946,11.214979,
19.988726,10.144979,
341.461816,14.409116,
152.737432,35.409363,
121.056609,49.415041,
236.009064,35.490557,
208.046289,13.142929,
249.011379,33.346383,
130.707688,21.408498,
136.687618,32.180397,
121.745895,34.334053,
257.694858,45.492053,
213.584052,18.525738,
115.775886,25.801700,
338.902391,6.630395,
7.566577,0.920599,
169.471858,66.648083,
227.715831,61.172444,
125.177800,47.383757,
189.018812,10.580357,
18.272638,27.239309,
25.598175,10.229151,
176.142881,15.884665,
166.726914,1.436769,
161.944571,12.761542,
170.564001,30.276600,
133.046132,50.308211,
196.239362,31.815560,
153.981060,56.089164,
61.544984,-6.101005,
199.840479,13.919161,
131.159016,33.311684,
127.900512,4.717336,
206.195351,41.594775,
213.330092,12.711496,
201.867027,30.495263,
134.035170,33.823795,
133.090105,52.323247,
239.548772,52.453779,
142.962416,45.011447,
37.706974,3.881518,
31.178737,2.607332,
24.183312,-7.550829,
14.600594,18.451169,
54.150477,-0.231015,
43.238432,-7.371517,
215.383387,37.875099,
127.874271,33.794312,
186.275713,18.701603,
206.059981,5.270979,
50.379495,-0.509576,
144.105683,57.935770,
137.486610,33.399321,
116.704366,48.648089,
205.794947,10.450307,
9.294937,18.175196,
166.824052,8.077295,
194.112494,0.048650,
114.803790,25.558371,
183.416582,44.173807,
118.025891,40.692983,
152.092036,27.797441,
150.869098,22.105363,
329.104210,11.638951,
219.393281,46.799183,
153.280384,41.988291,
205.095951,40.218869,
39.197809,1.691297,
165.482471,-2.118061,
192.340128,14.419793,
158.567033,23.077366,
202.540880,46.147340,
189.387479,40.246975,
158.336051,27.673415,
182.546575,29.384974,
264.795116,57.862136,
122.045032,9.134337,
223.668300,45.835715,
24.173249,23.449189,
185.693608,11.891515,
170.225449,21.677240,
114.519227,34.226744,
236.338334,53.370233,
36.125719,-0.692001,
228.214599,22.542021,
51.283668,1.203777,
43.575588,-8.831194,
232.530903,37.592281,
357.991042,35.474235,
191.623532,33.710176,
240.944214,17.534442,
28.626837,-2.206314,
204.267307,47.404376,
349.001383,26.379254,
200.702706,30.225407,
214.300719,31.417527,
238.442087,45.546973,
199.636573,35.458397,
224.747312,4.270511,
132.481242,26.558367,
125.655049,33.623576,
326.566771,23.704147,
189.075970,4.376705,
153.299045,49.216195,
136.156263,11.574368,
121.612468,46.982545,
200.042823,45.368971,
359.721567,18.219894,
31.485102,21.126679,
43.023151,-7.963768,
223.723045,3.415798,
8.301029,31.274848,
19.446091,22.964092,
241.732094,40.458529,
137.209642,32.084976,
218.853040,39.468081,
150.186893,-3.062334,
114.562433,39.619010,
165.202774,44.119803,
23.432406,-1.797265,
172.326081,11.150309,
156.097254,33.017009,
239.389188,32.161492,
127.698650,41.793460,
32.483395,29.658132,
194.309394,41.320159,
21.092324,20.475943,
112.870709,33.680763,
209.084481,21.878290,
126.523006,14.887013,
172.139359,54.556825,
235.220604,34.093761,
195.337589,19.072607,
252.727317,38.203305,
156.975143,18.372693,
320.547383,8.087456,
157.798034,49.324038,
193.579225,5.628891,
174.853944,14.207203,
146.205764,20.724515,
240.219882,38.005626,
128.664387,60.429175,
138.139784,15.187228,
239.349551,42.140598,
179.784302,40.401390,
325.150581,6.480000,
0.822672,34.236803,
178.317717,45.112766,
195.566402,41.776792,
241.835385,7.922773,
12.684725,17.786376,
195.288132,13.096443,
236.127202,28.465795,
227.287382,38.902534,
140.463467,17.982100,
173.329838,9.572216,
329.607855,-0.301321,
124.944016,31.706039,
140.826705,0.659869,
219.376945,7.857772,
169.260384,11.795499,
183.062378,30.926529,
251.539548,51.819332,
178.692609,29.042119,
134.182279,26.561531,
186.325681,25.402283,
13.596347,33.893022,
6.785153,19.689208,
199.430205,33.774948,
5.387298,8.191556,
24.655387,0.471821,
159.292877,39.830869,
126.647982,22.182293,
193.204536,60.894573,
195.930302,7.163202,
125.070380,36.163086,
213.179845,3.437382,
230.529229,42.569804,
137.545293,28.339253,
158.434461,52.653371,
196.157443,58.631714,
246.400714,40.728115,
358.760212,-4.214744,
147.682011,30.377611,
173.216822,18.468886,
234.104889,-1.002359,
125.108961,25.733984,
206.333700,58.036001,
213.661101,23.812794,
145.218857,42.341893,
149.691588,38.213141,
257.757656,23.413229,
176.941966,43.499535,
147.360785,21.861819,
141.488848,9.984623,
187.128940,30.744211,
337.183330,20.529639,
221.351218,3.632124,
202.799550,38.094632,
330.923680,23.891490,
194.477999,40.374167,
40.399502,4.601770,
255.657196,39.693104,
123.100164,20.620366,
157.776825,44.414444,
223.348344,13.545078,
352.573699,21.487916,
226.278347,33.339269,
114.602993,18.921307,
198.445904,20.083154,
135.075529,3.207930,
14.593606,-2.348579,
184.831608,51.271040,
211.935252,11.626336,
332.631457,-0.254325,
142.899657,17.329512,
184.189240,37.651385,
353.732004,21.059401,
123.026776,25.222033,
321.719679,11.804133,
202.487795,32.041993,
42.621698,-1.608490,
142.482657,49.589244,
176.896632,57.261152,
112.893097,46.686338,
155.595259,29.279998,
250.124655,26.961621,
133.167197,5.204287,
147.271448,16.767589,
159.871464,38.601620,
131.050530,44.683294,
144.713920,17.077176,
13.377235,33.827882,
139.374276,41.298836,
163.000397,22.022632,
153.343019,48.980044,
147.001523,36.881715,
216.982505,46.707135,
342.357635,21.655131,
157.289976,47.939182,
163.933728,21.111844,
342.368708,27.385368,
184.447940,48.307286,
338.926682,27.298200,
172.992688,22.948164,
129.582261,22.819833,
136.304869,42.414470,
24.148661,31.320254,
358.452924,26.032982,
152.653855,22.904398,
238.105656,5.982369,
179.623902,11.226331,
163.104902,58.517865,
14.861617,8.974021,
199.447946,50.642517,
120.585890,14.019815,
177.208358,3.574229,
231.287521,1.440114,
158.576862,28.140971,
231.359585,37.806102,
343.281076,-10.450218,
152.835586,0.670787,
241.779627,51.400104,
195.545358,64.365148,
222.357279,35.948147,
238.089781,30.527184,
353.947796,-9.078220,
227.914816,60.416006,
22.218943,-3.461046,
192.869544,25.504488,
183.612857,32.031834,
28.242268,6.821966,
220.322182,39.046645,
193.502725,55.557052,
259.838126,41.652384,
333.845089,23.447898,
193.887224,39.813189,
250.955106,48.448096,
175.199677,59.430463,
172.777081,-3.102351,
132.869611,16.330969,
341.615404,4.244762,
195.203940,20.954552,
329.345900,0.505113,
193.823137,51.359357,
29.325749,23.407516,
185.659547,51.115013,
215.434721,53.555937,
218.003008,57.090577,
214.358828,5.427195,
244.575972,45.756496,
204.561488,28.770237,
128.075355,25.051402,
343.428819,2.648066,
205.845298,42.034835,
146.679384,18.201089,
230.664506,16.741142,
254.429377,22.196960,
136.236151,24.210385,
126.557730,49.838709,
177.501736,25.568907,
339.517089,32.819179,
4.933795,-3.998932,
249.830614,21.228586,
177.403610,53.254678,
40.835055,-8.042676,
165.003875,45.797157,
237.305979,41.470022,
123.062769,7.568796,
217.618989,41.334001,
168.174225,8.377242,
28.266503,29.722155,
242.011073,33.595098,
198.257389,45.267865,
160.869959,-0.746104,
135.965521,28.825656,
224.198740,44.572132,
240.568458,43.629029,
167.563752,53.058697,
344.485529,21.958016,
41.156399,4.504338,
198.854577,38.859535,
130.282205,30.066965,
119.295309,40.831633,
24.619157,6.548697,
21.005512,6.974894,
149.085801,31.231781,
150.224604,55.269133,
120.812256,36.521273,
192.761134,38.752032,
120.312117,50.433573,
31.213937,3.065363,
217.419768,3.357188,
319.227185,9.679274,
189.552040,25.212449,
254.130034,35.549738,
220.721522,44.241049,
218.118815,39.143443,
5.400928,9.992757,
2.169233,17.164037,
186.566718,54.143943,
201.179185,8.141485,
171.618792,-3.499003,
162.169657,16.407279,
172.275814,42.744121,
250.618842,39.728757,
31.348360,-9.990376,
353.400234,21.965763,
309.839170,1.034919,
173.518735,46.498258,
195.384936,35.455368,
324.699347,-6.779983,
240.760941,40.807559,
160.387493,27.478485,
168.228340,32.517155,
115.618173,43.032578,
218.053588,11.664772,
173.020913,53.124306,
164.044815,9.867575,
250.750858,13.548484,
136.759418,24.890749,
199.439539,18.267524,
227.758140,32.480788,
216.373511,36.045760,
21.350008,16.563805,
186.157174,40.665440,
188.349158,6.269008,
126.868965,35.377097,
225.172990,51.674771,
239.677002,26.050188,
139.061437,45.212540,
163.258330,44.168110,
221.874553,3.089821,
127.880885,22.617845,
153.683728,34.557978,
125.073442,33.935011,
341.949487,27.380615,
19.394950,9.174949,
230.831588,17.069957,
354.045227,-1.229265,
351.667166,6.936782,
25.626364,24.480047,
184.912128,58.696188,
197.524755,61.148633,
144.029752,62.989096,
19.075919,26.941754,
40.496383,3.419291,
18.937802,-8.792470,
127.413321,6.769482,
171.093828,33.944035,
328.379735,-7.967255,
353.699742,30.239556,
211.392742,46.605393,
111.536779,26.180441,
186.082362,48.184532,
124.242789,53.607957,
15.220020,-3.523500,
151.352120,11.452071,
136.438429,35.732929,
0.366780,34.157767,
207.876183,32.953842,
2.420050,5.512953,
210.633202,56.768900,
129.752630,59.051290,
148.245523,60.390693,
30.517010,26.695879,
166.672056,54.176367,
123.822802,22.434181,
189.282574,9.261751,
138.527848,45.751208,
138.251995,-1.503567,
195.233718,20.766441,
146.681569,57.309911,
133.913551,38.646143,
178.523385,22.903889,
187.418885,62.095690,
115.246440,43.402270,
178.430041,3.794623,
13.730880,7.796177,
146.078205,40.902076,
187.748092,47.080430,
26.286305,10.788248,
172.761896,51.540345,
12.259152,3.273880,
130.145367,31.335403,
210.180754,10.519922,
205.384151,50.092356,
168.173106,6.890126,
119.095848,29.239338,
221.440323,58.300936,
241.791006,8.675508,
129.137713,7.050708,
116.187928,41.223050,
24.376080,-4.456860,
232.848151,37.579035,
16.441895,-4.077857,
9.029821,-2.788618,
185.330836,52.221140,
138.077453,59.640310,
198.850282,56.510595,
157.585997,28.465781,
252.845866,48.742195,
185.059050,12.338819,
14.190187,10.222572,
0.513180,18.946437,
19.339775,14.979072,
155.827665,19.809859,
352.835050,13.660868,
207.707745,43.700898,
154.983496,5.832077,
185.725437,57.607739,
154.182177,45.847555,
224.635307,5.140424,
117.741270,47.450820,
196.045448,11.328475,
354.256210,27.026390,
192.609590,38.650894,
122.574734,38.498111,
53.212656,-5.529272,
1.820792,-0.682361,
9.572027,26.705877,
242.990449,47.778214,
19.796971,24.981017,
163.006246,63.532849,
164.655859,37.068084,
33.152838,2.459594,
328.632766,0.965253,
212.929781,65.367992,
12.249717,14.044525,
223.066810,8.002434,
184.827238,43.758926,
11.765920,8.564373,
134.672410,28.342840,
357.863912,27.162611,
211.160173,5.505312,
245.622317,26.809695,
160.742890,23.302577,
175.599706,29.353739,
331.160821,8.385525,
221.560583,44.061947,
30.254029,29.739415,
209.389834,46.126407,
159.317599,34.723849,
11.876236,2.645670,
219.538215,60.303971,
38.137594,4.782124,
1.851096,35.187293,
339.068988,22.592797,
186.185001,11.144557,
116.984280,35.283654,
354.887270,34.115261,
151.276123,48.980203,
228.067667,17.308351,
186.350226,42.400440,
181.018276,2.421553,
195.318060,3.240485,
121.143103,35.151291,
157.039132,59.402855,
149.313694,42.767214,
256.159734,36.388181,
149.384321,7.497636,
14.807064,-3.903067,
211.229875,55.478566,
345.048915,-10.362348,
187.673395,46.123489,
238.492636,38.528127,
171.189192,-2.726190,
191.058475,21.105368,
41.158524,4.987510,
13.560368,-5.654056,
139.887586,57.630464,
152.327698,39.987048,
25.025481,2.386026,
347.009944,5.938304,
218.528215,53.327524,
126.714978,20.788157,
122.986625,35.701395,
120.954117,41.312951,
177.883259,5.865363,
14.060911,-1.307869,
190.660443,57.457981,
235.194416,26.225940,
249.079893,46.898962,
245.011940,24.692007,
27.854265,7.440921,
35.523524,-3.902049,
227.352028,56.138961,
236.772049,14.487857,
228.404493,20.192667,
246.453788,40.012185,
115.450492,28.642548,
166.632879,44.327621,
116.116836,43.661068,
197.812115,-2.512661,
132.100324,25.234675,
246.159916,30.422711,
225.098032,19.252695,
254.302502,45.398473,
129.524465,14.864524,
178.449546,21.901838,
342.835753,-0.040155,
198.898667,51.618629,
204.278037,20.710798,
206.626634,34.122507,
170.834852,53.942033,
358.312493,-0.843023,
116.473906,30.820881,
357.709301,4.918781,
168.475846,51.064594,
148.517741,39.347232,
231.919219,44.804120,
164.958521,35.747199,
337.989946,-0.534917,
146.847801,25.533216,
173.180745,54.643838,
61.546260,-6.124507,
136.931025,12.553544,
133.596265,44.420108,
124.258931,9.973420,
124.343874,40.454681,
339.921535,9.841716,
55.698841,1.159151,
263.503555,33.044818,
22.300616,16.340723,
141.967074,25.754792,
166.719500,41.750886,
9.915682,17.535551,
226.211024,17.785678,
219.926348,15.029822,
148.995761,31.161945,
359.325080,25.989715,
348.031730,14.037046,
15.399209,9.325145,
352.146082,30.364416,
221.016978,53.693778,
243.468250,16.727712,
139.562583,52.915383,
5.231344,26.187247,
184.714601,51.552826,
225.453549,1.734759,
18.934882,24.670330,
212.491765,22.035018,
147.701614,39.447359,
342.918199,6.515588,
231.864651,18.444726,
145.643951,7.744616,
220.226733,36.161585,
208.400454,51.601615,
30.855597,23.103503,
10.245165,2.637531,
179.884118,45.589817,
190.816845,17.105878,
201.177240,10.086183,
356.904613,-2.662467,
240.997597,44.132704,
138.045776,30.070587,
117.209791,42.759944,
204.412377,38.426368,
123.471116,22.470772,
168.035011,6.100264,
133.229866,16.935503,
172.304762,45.497601,
214.564473,37.732359,
151.433935,62.167802,
18.278314,17.676627,
11.420407,25.396673,
115.555716,39.846049,
223.365453,6.987106,
253.112154,32.445181,
156.903417,13.105405,
116.654361,50.113940,
22.059328,-1.315395,
347.135453,-10.566006,
148.286128,4.318057,
153.504690,4.158363,
182.665653,32.526768,
31.504563,-9.070337,
131.600965,58.281786,
144.883382,4.702975,
183.706864,11.055304,
212.899632,17.278138,
142.182032,49.029776,
38.543360,4.053348,
220.391187,37.999855,
147.454622,35.406891,
252.702216,16.689683,
120.112548,34.999625,
16.487056,7.109587,
234.133093,22.489471,
128.995912,33.006424,
356.563948,21.496522,
129.704789,41.778342,
19.988382,-1.113360,
170.061200,20.334780,
194.430964,56.737549,
40.618297,-5.464712,
344.024296,20.633950,
225.026310,15.153716,
28.036361,-0.158899,
151.893510,33.820604,
239.732294,16.940152,
352.915667,1.074185,
21.897845,27.938561,
171.095033,41.665105,
155.701410,47.929839,
347.361006,0.457160,
132.877795,4.705934,
143.144086,1.088374,
211.752030,38.902425,
238.230712,52.115002,
171.385599,49.703762,
158.213699,54.242200,
192.601930,30.919668,
249.131587,46.284549,
127.071008,28.946163,
132.943201,51.415322,
201.937797,60.022896,
115.921202,33.455890,
2.924981,-1.877359,
30.161790,30.850895,
154.977240,8.420853,
212.014957,41.953189,
154.483280,31.581762,
135.608909,55.302038,
232.776408,45.964069,
338.929359,26.424529,
16.621990,18.650450,
125.445678,8.955480,
335.563653,21.003087,
131.531945,40.635069,
207.845807,27.891007,
205.136346,19.794795,
138.244822,60.534212,
220.858002,36.458706,
170.960685,5.005656,
322.956839,-7.121412,
180.700226,8.025295,
253.196282,46.618984,
126.140963,20.790244,
113.618304,41.476598,
338.146733,2.798836,
202.207727,35.646521,
206.245101,48.582637,
156.473052,40.042031,
354.518645,30.660063,
4.726582,-0.103637,
194.522975,52.615745,
182.827782,14.636240,
249.479995,29.578286,
156.538986,35.614861,
187.616757,1.123256,
230.254714,-0.316715,
119.853232,26.909433,
216.150808,18.683109,
112.342442,36.687715,
26.468891,0.864341,
21.272765,-9.831312,
245.754673,45.516747,
25.401664,-0.172144,
236.609735,58.364073,
328.163751,-3.498417,
137.853415,29.740363,
13.904986,-5.431587,
131.544850,45.364776,
357.798118,4.479220,
187.126754,64.759565,
351.708204,19.842974,
122.465694,56.797417,
226.752499,52.712736,
6.797814,23.288618,
208.888693,49.519160,
187.830245,58.775917,
208.022748,-0.377658,
228.276235,61.116148,
31.502641,4.298080,
351.461401,-0.366788,
242.647286,17.526218,
185.379852,33.451208,
8.119812,-1.448601,
200.097422,54.651485,
145.577202,34.898394,
210.163516,18.272222,
183.379096,64.141503,
191.957502,32.137436,
207.789097,32.013618,
166.796884,53.767104,
356.394125,10.638737,
196.358349,7.716240,
119.233522,12.254481,
196.898910,50.274078,
221.282680,2.443511,
158.212441,46.775966,
171.065538,31.688178,
167.609137,64.302531,
135.326022,48.955137,
10.802825,26.234030,
212.890557,-1.337494,
121.982754,50.844480,
246.890132,44.245212,
11.497386,23.257631,
352.847470,-10.870496,
191.320342,18.264764,
209.416426,34.089441,
3.000688,-8.867472,
348.800816,18.486919,
187.472686,34.329676,
218.445049,12.102483,
153.907935,39.031683,
169.173690,21.293116,
240.100485,5.356906,
122.814569,21.862035,
257.082462,61.702019,
357.988734,29.683734,
28.039454,12.915921,
209.903893,5.918026,
357.459489,18.116751,
132.301464,11.427339,
234.603436,25.527433,
25.159540,-1.719822,
2.172290,24.241879,
180.270100,16.437309,
209.748785,37.544604,
251.362039,44.674563,
139.146214,54.396253,
166.293722,6.503928,
126.498026,45.433465,
149.047464,19.808970,
152.272234,46.736934,
128.305349,61.658365,
160.812298,27.275387,
18.126115,-9.463916,
234.305172,35.358928,
358.551076,10.102105,
204.847268,52.313208,
323.688616,2.612945,
353.696096,10.234638,
29.745175,-3.343575,
221.122876,51.734220,
337.686178,12.271774,
155.295909,49.225094,
181.268400,32.336018,
10.228793,25.151028,
141.612817,51.297074,
218.105982,-2.273391,
163.796955,60.351230,
183.534803,43.643429,
132.659031,45.823263,
172.806755,61.536382,
185.428122,11.403416,
223.101605,46.232759,
124.302026,21.625618,
139.609220,17.315629,
208.294266,35.827418,
161.166749,21.445410,
129.529509,6.941747,
116.454582,46.060147,
205.977602,7.551107,
143.063105,43.460678,
146.665311,57.018555,
238.959775,19.156721,
14.866058,-10.004213,
229.078158,52.414009,
126.062230,20.265284,
32.479548,2.592460,
230.699607,3.865472,
200.600251,48.341009,
169.711808,56.975858,
116.938663,31.126617,
359.433942,19.075997,
344.617394,0.388874,
322.542820,-0.915500,
142.806925,18.516978,
6.923960,14.881311,
43.759241,4.442249,
229.149497,44.735639,
195.500553,35.661880,
118.862546,33.244259,
186.673666,37.535488,
147.982670,16.300995,
254.052531,34.530436,
241.185118,27.830150,
336.719517,11.178705,
151.113398,32.390277,
236.302535,6.071110,
221.998551,45.680151,
157.441871,48.796602,
247.344919,52.459459,
1.932463,19.001321,
11.877042,13.007974,
29.495491,-1.697629,
143.545717,18.111658,
186.834867,46.555025,
249.616524,34.782651,
163.499077,49.426231,
358.919641,7.185761,
154.200838,53.934260,
155.339690,34.291439,
236.966934,36.280998,
1.746884,-7.473222,
243.159429,53.381950,
207.357135,39.696662,
19.583142,12.898303,
130.339967,36.145873,
240.072234,42.469992,
155.940402,35.746555,
212.265204,54.296364,
251.493158,18.932321,
187.421660,2.825687,
202.308965,55.627852,
210.097575,49.268551,
203.419779,58.006620,
131.754458,19.486454,
1.496784,13.991517,
5.015568,23.696415,
322.245222,-7.005514,
205.391052,38.725190,
245.574990,50.907867,
247.224920,14.471256,
232.810616,44.729778,
196.454780,53.526790,
116.665235,30.779408,
11.939555,31.022292,
193.267791,18.761934,
192.712698,6.152769,
248.209736,39.357046,
28.217137,23.903582,
33.687891,-7.836729,
229.793214,36.161248,
29.637527,17.921798,
17.199279,10.666024,
211.029088,47.196868,
217.037150,35.362533,
210.026991,25.463612,
183.419849,10.000009,
2.770651,20.619396,
22.913100,11.538245,
161.313340,32.468810,
238.056957,50.511769,
340.859716,21.792007,
218.437023,18.097701,
214.266866,6.794952,
224.351542,9.930757,
23.138687,3.920249,
353.216960,16.961717,
348.533435,-1.232082,
186.979739,40.299066,
135.542338,44.773739,
227.705223,35.102630,
22.950487,12.033565,
112.277784,40.891701,
251.466070,40.876485,
187.565827,16.658915,
127.030792,38.889054,
135.487122,40.509738,
204.982484,37.210413,
133.048149,39.012326,
54.340567,-7.150492,
10.751098,4.955194,
235.076872,32.209887,
1.082595,-2.710851,
192.149457,46.216892,
220.500365,40.687001,
172.695264,29.729562,
128.129670,29.347900,
24.066751,3.523818,
153.356238,2.755953,
178.018361,10.944696,
122.086415,6.076081,
190.516547,47.751498,
199.082133,48.120344,
32.349891,29.904955,
211.549157,59.156015,
210.197737,12.084626,
156.473242,40.212259,
132.253033,47.643132,
4.414484,-0.134731,
209.310873,5.392121,
140.562607,13.944014,
133.119502,21.945465,
9.267585,19.845254,
217.532646,10.900995,
234.229602,26.342800,
114.538537,30.045440,
186.842172,7.931940,
326.055868,-0.992113,
332.206982,10.654846,
168.118159,24.053221,
255.882822,31.993722,
121.749083,54.944162,
229.999467,6.806338,
8.777783,-0.423659,
174.419235,63.049147,
211.139825,53.406352,
198.023712,57.487981,
252.486331,46.442550,
180.540593,63.611441,
43.889895,-2.758782,
193.705464,0.420476,
134.558053,39.558814,
218.454990,62.169018,
331.356520,10.355188,
348.388920,29.235071,
196.455103,63.263654,
189.235363,47.486487,
167.691627,25.763671,
341.776493,23.834921,
4.229045,21.892233,
13.862716,15.902701,
127.355390,27.907862,
196.354792,18.383575,
132.295319,16.341418,
253.645666,39.378547,
337.733464,12.005377,
188.095548,-2.383129,
207.156025,42.815682,
25.305772,14.713224,
148.025855,25.212948,
137.823982,-0.564010,
144.697575,42.538928,
60.672601,-6.693889,
222.882978,34.042246,
25.116415,-2.902618,
165.722001,33.190596,
180.926017,10.475477,
127.927849,48.731959,
179.192988,26.338194,
173.952835,51.599645,
191.156693,45.039110,
149.369715,12.628665,
136.619075,15.686047,
178.374021,7.574509,
227.296648,57.441685,
148.567201,19.715401,
221.380056,-1.773267,
51.462882,-0.381180,
255.121140,47.933852,
234.327282,41.410981,
131.163118,46.465619,
153.687844,42.268441,
178.894483,40.060686,
22.870864,29.142762,
36.167117,-1.757363,
220.707554,5.541340,
186.076015,6.166935,
191.573490,62.309404,
128.600487,42.847709,
155.357177,28.570515,
231.896287,6.285761,
128.532316,53.867055,
120.197900,15.287756,
202.685204,28.259655,
172.174512,42.520840,
40.995479,-4.924903,
175.686948,8.435239,
39.939941,-3.575991,
206.514318,19.432733,
161.283692,57.877856,
234.324435,43.464683,
143.878531,30.746349,
354.767920,23.308592,
16.821498,19.073132,
126.945065,11.213955,
141.820504,53.715266,
114.055417,46.365665,
321.320355,0.541369,
356.847037,18.664849,
224.140063,40.613757,
166.706999,46.919941,
215.442338,7.652310,
175.274261,13.923542,
241.609871,43.911790,
229.226939,56.630093,
339.474179,-9.286064,
205.045226,21.145713,
153.886263,49.145851,
182.180585,57.619166,
231.585701,16.843593,
160.206001,27.713755,
171.060161,26.673860,
130.001466,36.732466,
147.156504,16.661140,
200.071549,51.871387,
245.512795,53.247810,
144.361282,9.417789,
232.713300,43.266414,
252.595526,24.459617,
144.923098,26.273056,
160.543837,37.537334,
353.221861,1.704797,
193.356969,17.430918,
188.722031,17.214740,
149.224120,51.411282,
0.795466,10.637496,
202.567108,52.850520,
180.346436,10.273265,
166.824414,17.542085,
196.156968,35.485350,
347.964182,29.773072,
43.566262,-3.988419,
170.786049,63.882084,
182.942176,57.838761,
196.061262,59.273241,
188.510510,62.464400,
249.105589,31.327807,
251.253662,48.920530,
325.299547,-6.658421,
172.385491,11.441671,
228.514976,39.422653,
201.453763,11.752122,
217.565269,23.781728,
131.225446,36.262951,
12.124255,11.190616,
120.811718,9.314323,
133.243114,11.942144,
127.100919,45.380825,
183.616517,10.499471,
186.458238,23.356151,
200.162608,38.336096,
161.211731,28.538979,
144.746285,30.232934,
44.690956,-6.917544,
146.757054,25.345492,
229.873286,2.624430,
120.833686,25.434007,
179.813160,35.259634,
188.692546,34.419291,
131.611762,10.212747,
163.152312,50.190583,
157.366279,10.449619,
6.218446,22.230188,
207.076077,-0.411647,
164.557158,30.678341,
346.558474,5.096493,
176.963185,1.268828,
179.286415,47.255151,
18.877132,10.502393,
124.922217,6.676941,
132.558929,36.993137,
134.702853,1.290658,
249.257540,36.222367,
127.789802,41.237761,
25.199069,1.408726,
153.720072,33.222308,
186.946086,0.141058,
343.595617,26.450335,
240.902967,10.013341,
147.617562,53.533647,
30.105487,29.521588,
205.044060,61.159070,
359.398350,26.709524,
132.749744,20.427636,
184.625855,65.516538,
156.867838,12.160403,
354.712835,18.268368,
118.390945,30.257230,
225.588528,47.010744,
179.514036,31.309856,
202.316372,41.765073,
215.859727,36.879191,
224.813416,5.080957,
7.048626,20.053178,
204.134442,36.865219,
38.459749,-8.433117,
117.797446,49.855882,
218.714328,34.857228,
176.690514,46.834301,
358.846490,3.201055,
325.090504,7.666848,
202.194926,36.984415,
124.019611,40.637164,
193.054113,12.107575,
116.857897,30.599947,
207.058657,42.695172,
217.879758,42.948066,
24.551030,10.010267,
209.949619,27.141217,
22.928556,8.370731,
193.676091,25.213932,
176.476999,5.896216,
171.910814,32.595703,
33.797699,0.999354,
207.918805,36.548267,
136.912133,24.864847,
139.323655,58.966723,
182.774567,43.630727,
206.758397,50.547169,
21.675108,2.651613,
13.057615,4.038310,
174.918571,30.196672,
219.358789,34.827230,
13.408403,16.145210,
223.798995,1.004148,
316.712995,9.160009,
158.603707,46.208521,
43.798469,-3.180130,
24.500371,17.134071,
122.990507,42.333832,
17.963453,28.059503,
176.073670,25.112383,
223.549648,0.061539,
246.852847,48.178931,
219.783747,48.610831,
240.912738,8.518194,
152.292149,29.903954,
24.668546,29.061945,
337.239206,4.115783,
163.216466,31.111297,
240.800826,35.911397,
333.292021,-8.690012,
25.295752,-2.014989,
16.946193,26.164739,
201.452635,11.769997,
145.129625,37.356739,
20.026539,10.008308,
158.054059,15.458209,
261.721382,36.881525,
233.707813,45.393299,
128.680314,43.231299,
32.257155,5.016809,
252.329355,46.727966,
206.991215,37.940471,
137.619335,25.360042,
243.784634,21.773579,
190.846076,62.499015,
1.457397,33.180034,
148.400986,30.852200,
223.355887,39.624274,
344.452749,23.005155,
233.378149,9.906595,
171.896059,-2.947704,
5.684569,-1.764151,
223.757983,14.793003,
212.151069,3.601852,
228.780961,6.952325,
216.998495,27.262382,
210.048866,55.763756,
36.331201,-3.912215,
117.739165,39.477345,
123.564200,3.015007,
113.863671,38.008327,
23.909274,4.573856,
217.308279,21.846926,
238.048359,16.823693,
176.844400,-3.412684,
0.762584,-1.336019,
155.001148,1.273286,
205.019564,62.171000,
253.915228,43.792239,
210.769685,49.658015,
226.019901,32.066434,
184.122282,-3.147082,
335.210823,0.996844,
138.391436,35.276952,
36.875583,0.792691,
154.598447,-0.091048,
210.329112,43.429843,
147.207625,31.777535,
221.820423,44.626778,
353.760922,0.624233,
255.522901,39.759142,
241.999391,30.035345,
147.382991,54.805725,
252.386899,42.137815,
197.827233,46.583964,
27.069513,23.132087,
183.004888,10.938113,
139.868828,52.060993,
218.690144,53.788537,
208.411145,42.573834,
242.023839,31.847127,
5.710348,22.944515,
42.793548,-3.128884,
177.555470,26.039951,
240.918876,2.594861,
169.373755,34.689895,
182.848069,31.823653,
348.307202,30.608866,
228.852356,16.153440,
243.039576,43.816736,
196.804881,44.187349,
30.938818,6.506066,
145.274122,11.871478,
137.739455,35.589468,
340.833153,27.028782,
21.964153,29.505552,
356.933917,0.059379,
209.739750,52.058565,
181.255774,45.056851,
132.249318,3.083086,
218.435544,29.713338,
121.488130,21.192953,
239.976865,33.693651,
140.795201,33.837172,
208.867775,14.997333,
174.441787,17.842741,
352.350690,-1.543612,
128.522538,31.226358,
25.441751,0.952602,
244.568430,56.285792,
333.872551,25.934834,
180.091264,59.772886,
162.067726,12.126321,
17.677506,22.039918,
351.963176,27.819829,
322.084371,-3.253104,
243.740265,24.059812,
117.087362,34.131288,
194.079313,0.890611,
181.203098,56.598642,
357.338358,27.336778,
181.068987,36.349901,
199.358131,49.514985,
247.527363,40.843020,
195.965269,29.852244,
209.874347,46.939563,
248.123750,14.755105,
211.645334,50.247078,
233.192516,41.289902,
32.374331,-0.934066,
174.037311,49.767172,
174.930507,38.939246,
151.265925,9.290036,
180.649376,55.757361,
203.124049,47.633513,
182.236101,61.279464,
165.045511,48.478067,
16.387557,21.571748,
229.889214,-0.429846,
185.366514,55.805658,
158.464179,26.682594,
27.168115,30.249605,
4.952574,3.431686,
204.609776,6.642689,
228.954252,24.926579,
194.400274,24.344410,
199.574566,52.556899,
355.051504,24.943430,
149.734564,46.119157,
19.613441,32.671458,
3.919812,22.393649,
319.792141,1.210595,
116.585732,49.243533,
127.178063,45.742581,
6.855251,-2.527709,
168.529927,48.533518,
24.234641,-0.773294,
344.430307,6.176356,
226.198908,44.179347,
156.456144,48.487520,
2.424836,26.978101,
249.774417,16.884682,
143.170803,27.341476,
207.472217,11.021068,
207.874950,57.313841,
27.372956,17.055075,
31.063066,-1.451533,
12.267393,24.274919,
184.579248,42.275658,
210.131773,38.236672,
166.111053,40.772570,
193.842278,36.501772,
181.921851,23.364298,
133.200596,31.780039,
239.775689,54.873306,
223.794638,36.884650,
41.007698,2.444581,
201.746588,10.739071,
337.230848,28.029343,
8.537661,4.988970,
213.740607,65.123048,
193.068411,10.745652,
122.682660,43.419952,
135.377046,61.358911,
212.416537,40.762880,
134.379994,23.759431,
249.242011,31.833848,
144.856023,27.029016,
184.575503,39.124597,
9.787036,16.282785,
164.603226,9.798016,
122.895708,45.268320,
120.909377,17.903756,
251.051812,64.138452,
324.703929,-2.497382,
354.780736,32.595429,
317.788846,8.284547,
162.124899,55.138631,
203.799603,2.885973,
202.634927,50.085592,
244.273724,44.589581,
193.622466,15.350572,
158.686589,38.612226,
136.837085,5.642573,
190.376008,63.620418,
220.716784,50.122795,
162.096433,30.985079,
135.381090,7.777739,
136.660395,23.340374,
120.310279,30.199990,
200.606188,41.372297,
185.279479,7.743626,
31.611958,24.028202,
140.984985,8.054895,
167.754551,62.350251,
214.822341,31.156452,
201.621155,36.393019,
259.894467,26.645283,
170.345998,36.041312,
200.996494,12.655640,
38.194628,1.114407,
182.453310,54.745537,
135.435852,19.277707,
167.777254,36.661693,
185.859445,36.592546,
210.741803,61.482004,
320.616839,-1.086818,
128.051561,53.057595,
176.875019,7.628379,
184.439031,-0.865052,
142.272512,28.399346,
179.371120,42.343002,
141.426369,34.685731,
126.383725,25.849004,
135.503259,18.479175,
234.948967,55.485489,
229.704480,24.368116,
119.535863,50.384672,
354.323200,28.798348,
4.597367,19.622168,
207.428212,34.616713,
12.645672,22.155731,
210.144619,0.792621,
148.522645,59.821492,
158.869540,12.950133,
162.388200,41.108570,
167.476741,21.325324,
13.770682,-9.347134,
142.690198,4.553612,
201.994087,35.845390,
344.180348,29.313700,
242.618109,27.411788,
42.250256,-8.234522,
250.944463,38.636915,
156.686009,48.237805,
10.052893,29.470791,
124.584651,20.012808,
126.568620,54.776666,
179.942736,13.184203,
233.639128,18.915891,
143.029803,7.380924,
138.763439,29.315593,
133.572257,29.387353,
205.278988,52.297770,
176.988893,23.820834,
179.290797,12.875818,
151.560093,34.149075,
187.625227,60.466910,
221.474551,48.982987,
208.122695,49.037910,
146.408356,42.831124,
311.717318,0.916730,
344.549247,21.167481,
249.733275,38.437726,
144.363823,2.770023,
223.134067,48.830842,
158.033693,50.516854,
185.104352,34.246053,
9.314631,15.807566,
180.096142,55.527667,
228.177028,40.061991,
137.041061,57.895191,
191.496972,40.414327,
1.602051,19.060633,
177.251120,9.905215,
150.972305,55.667155,
171.874573,34.314807,
35.643713,2.001365,
229.742782,5.466958,
0.752752,21.218158,
136.614845,31.780311,
358.256471,23.277074,
247.851011,25.515197,
11.835770,17.799523,
214.497370,51.623600,
156.237466,27.750205,
152.418154,61.316821,
15.382423,27.882239,
204.515147,37.537279,
155.417794,55.974787,
223.257047,50.377257,
148.317274,61.785016,
253.669249,43.077441,
334.546522,19.441197,
26.771769,10.251930,
215.629572,9.331728,
217.394030,51.135366,
20.896821,3.842882,
11.929895,22.715375,
332.259943,17.602363,
208.121882,23.304442,
170.314779,42.110111,
239.148398,20.365973,
222.506152,35.461063,
158.406871,5.368533,
235.762080,33.164882,
195.645305,57.138121,
173.912992,2.618728,
149.425547,37.635413,
213.662939,34.882500,
220.338578,23.452360,
162.199487,40.385789,
19.413377,-3.614325,
229.464595,34.297180,
177.839548,23.664388,
134.914571,9.667097,
144.939178,3.748588,
239.259702,2.384789,
142.085342,42.245949,
15.693514,18.944483,
169.633761,28.337510,
171.376256,11.254342,
352.977329,20.916349,
145.275334,21.531575,
204.224892,53.085439,
209.256979,4.297335,
186.684649,33.117861,
190.285163,0.382455,
219.358920,50.765524,
8.912976,24.604037,
140.602965,1.829414,
203.493721,4.711981,
192.793910,43.646055,
224.686351,32.998060,
130.583195,46.136867,
133.529855,46.010127,
195.170329,46.623636,
130.727552,6.651985,
334.082176,3.669564,
224.972687,20.829973,
195.404104,39.721429,
213.436806,6.209070,
207.983998,15.601139,
221.394499,6.296151,
356.718850,6.703987,
10.604062,0.417695,
189.483413,55.031264,
11.737849,19.420963,
24.667400,-2.482502,
242.284160,13.226132,
166.080603,59.250085,
205.397185,12.963974,
160.077165,57.413382,
136.447442,28.533555,
12.984546,-7.388399,
245.978874,39.467914,
11.823220,-6.816506,
353.117552,0.009109,
210.509662,29.103840,
254.286587,33.744319,
133.365146,47.665174,
168.683462,37.135147,
190.524744,36.653183,
15.781974,33.834541,
196.086346,-2.050824,
243.606308,6.023563,
153.616588,5.223145,
357.795324,-4.189951,
356.598841,0.716950,
151.991299,30.041745,
147.902951,6.655928,
26.250925,10.933547,
209.052747,9.134777,
19.956597,29.453331,
222.769494,4.891087,
197.690736,56.782367,
23.221686,-2.872511,
207.857646,41.628255,
185.406037,44.130037,
254.831720,35.799554,
194.296089,2.198637,
9.900739,22.551993,
350.036405,5.148578,
128.535231,19.571090,
182.112501,49.893734,
145.259147,23.439650,
175.737102,49.943965,
238.648469,57.028880,
25.434680,14.428778,
176.726098,42.523425,
181.529900,56.392126,
155.962693,62.568796,
119.068169,43.601108,
185.744919,4.569938,
53.288316,-7.288130,
196.255726,48.363086,
148.912030,31.350198,
16.192858,7.635609,
171.460811,8.331101,
8.496172,-7.316965,
187.478629,14.843997,
137.253504,32.278451,
16.324360,4.315401,
199.168781,64.780989,
122.584795,44.295746,
194.133652,30.136425,
192.869533,27.582320,
157.267301,10.650445,
204.040425,3.402745,
201.271307,65.601997,
136.813451,13.258620,
141.948621,14.895451,
249.128353,32.402029,
122.508726,52.823798,
34.580189,-1.681597,
211.251628,47.720939,
174.769346,48.844580,
2.716018,-10.268989,
247.747740,21.814248,
118.755737,12.397572,
199.445877,64.625340,
211.135700,24.894323,
207.105544,35.356535,
231.139108,42.942755,
197.283048,2.909062,
164.957011,32.168049,
358.642769,10.610900,
187.109421,51.896750,
220.144016,58.681309,
27.481147,29.326965,
149.858116,14.315424,
43.087370,-5.502885,
224.175772,28.249284,
177.034860,25.705258,
166.622288,53.326433,
243.457966,58.702151,
1.770150,-1.833189,
214.536600,23.239187,
122.548743,39.328250,
116.370553,29.806798,
182.195193,13.022953,
127.577009,56.048627,
142.594251,57.772890,
32.110043,0.636251,
242.052362,43.315421,
327.627256,24.317838,
142.309846,7.698589,
170.149699,61.540393,
149.623898,33.160685,
251.193313,21.177640,
227.337296,36.175802,
343.945246,20.860678,
350.104502,-10.707423,
191.055233,16.417439,
251.326039,50.361610,
156.850063,-1.216891,
141.314767,41.726041,
156.750126,39.134700,
151.402637,29.772735,
4.600471,21.654403,
187.200293,1.078624,
207.596796,7.948164,
200.934142,7.378112,
220.541567,53.052491,
257.659318,34.372638,
216.886621,59.263296,
317.223143,-0.987755,
157.809167,5.288424,
129.545188,43.098828,
347.548595,29.126566,
154.567965,33.471290,
236.842163,48.193050,
187.405404,50.199065,
32.077661,-0.092893,
181.477683,32.743174,
15.885156,9.710467,
155.962205,4.752544,
213.403942,20.573959,
200.663696,47.657929,
198.858588,3.012359,
325.808255,0.787502,
17.653970,4.913491,
155.530507,0.800132,
332.284363,-0.933028,
180.323036,52.992565,
158.861802,48.462145,
147.848517,56.315493,
159.889183,44.536085,
357.999501,9.742858,
204.821743,59.620081,
214.244473,10.523374,
164.617017,38.461301,
223.448537,51.582980,
120.172810,28.602952,
159.618103,23.457714,
203.717842,11.865752,
173.971242,25.259879,
219.647811,43.962433,
24.929610,6.215018,
201.914596,64.733765,
213.841695,53.842640,
156.924177,48.187666,
18.273057,-4.153382,
219.720552,50.664166,
139.644470,17.735106,
259.435060,34.169205,
203.049690,54.501260,
155.003759,58.848594,
124.699323,22.089907,
224.527069,31.150193,
159.709231,23.984199,
130.712413,20.597310,
359.241152,-0.192251,
182.453725,4.343682,
130.899632,54.574657,
347.295266,18.666533,
201.036216,42.388140,
210.242119,21.678603,
44.254674,1.637311,
193.602812,40.932165,
172.835488,56.193056,
24.349215,-8.359411,
157.446952,40.046247,
185.137272,57.400485,
215.456685,18.499086,
234.249676,18.385904,
332.239422,1.502622,
253.135463,28.611718,
213.449160,58.496516,
196.067991,47.816372,
153.136245,22.667980,
332.019087,2.370376,
10.630095,24.885810,
172.940142,57.904746,
204.082166,56.870867,
164.604810,60.438875,
348.580510,6.067069,
19.180579,10.988381,
143.873486,26.813426,
225.480268,36.768211,
244.371323,19.248219,
229.175907,22.172066,
127.579604,21.587290,
145.385151,11.486976,
235.276682,25.129331,
241.379684,48.439915,
168.245121,42.643280,
151.756526,5.387617,
159.417918,44.995094,
199.437182,-0.214055,
122.453839,38.046280,
168.422131,48.665018,
183.915398,33.919475,
10.453327,34.864096,
146.437354,32.795506,
180.756791,54.795629,
208.170946,8.378582,
187.786082,40.897623,
163.727131,1.835691,
350.405636,28.507244,
335.056851,-0.198296,
225.948152,37.597777,
253.617244,47.475168,
200.272739,52.064157,
8.577766,14.850776,
326.697856,-0.405466,
166.608835,17.222675,
138.371440,26.181206,
174.477670,38.819724,
336.339874,-0.517016,
15.342503,20.015706,
224.931383,62.672395,
179.076566,17.560275,
118.118986,37.848236,
176.280093,66.735195,
16.194933,9.088529,
29.002381,9.810615,
148.208224,30.679676,
219.385828,40.556759,
132.857955,45.537039,
227.710314,1.798317,
353.780113,7.651927,
171.511956,30.261998,
245.042007,7.305423,
141.969291,9.327295,
334.812753,1.636756,
359.353523,-2.192080,
116.277759,45.838776,
19.301151,21.529514,
175.318214,42.351335,
258.270248,61.380370,
253.421182,39.063273,
45.015617,-7.282246,
161.022378,57.006719,
122.253506,23.322881,
119.017365,33.335148,
177.155949,17.323809,
229.637239,1.414632,
152.289545,51.290341,
16.472815,2.675875,
178.695666,32.974211,
197.769965,-2.474265,
140.854023,32.457309,
177.505569,8.558967,
114.436324,34.906842,
234.591635,37.299254,
203.713771,50.792775,
193.492149,59.971495,
347.306850,1.525401,
150.675345,27.093044,
240.594704,8.760672,
212.156454,4.836363,
130.672758,21.762330,
5.878492,25.188508,
125.189955,8.057290,
163.774565,48.414800,
43.988955,-0.580198,
144.657782,43.201043,
332.444071,1.393346,
5.585449,6.363034,
233.934631,37.161988,
349.234763,33.593505,
348.071497,21.238648,
190.992730,47.000615,
30.131595,4.057197,
202.526279,41.080095,
18.098791,5.571307,
189.364502,48.979064,
172.195208,39.996637,
204.457010,37.710222,
346.723966,-3.052454,
6.750908,6.892396,
199.695676,11.509212,
158.524177,48.816780,
123.623666,17.516993,
150.748444,25.895358,
116.943307,22.571468,
140.369567,57.802355,
117.454347,23.982011,
358.889253,-0.470064,
351.906135,30.936619,
136.389693,28.067994,
118.956511,32.284477,
185.792231,25.187265,
185.494859,30.115893,
189.256557,40.045686,
33.984161,-8.240067,
340.109227,0.661148,
121.230474,8.476175,
1.064878,0.941827,
243.321102,42.665293,
243.584319,37.718902,
231.964532,50.674588,
350.254863,0.322979,
311.752351,-0.751954,
232.281072,56.268523,
357.323288,5.312483,
150.719229,9.059440,
124.160470,39.588566,
213.355583,20.900192,
188.424189,64.721510,
241.252307,35.663777,
147.923885,61.234341,
180.001442,35.280361,
341.434314,3.411305,
148.437163,45.459439,
252.930295,43.602931,
358.066138,-3.003487,
172.336523,22.451237,
356.317283,21.861464,
252.179864,28.651906,
149.353630,31.009415,
5.654905,29.330188,
340.255727,-2.121818,
155.409099,28.901315,
148.118566,6.469587,
219.142242,54.371603,
129.914372,11.707339,
117.642486,45.544698,
325.971512,26.840418,
251.744767,27.620064,
247.250807,42.576223,
168.688897,35.643687,
172.139461,28.490481,
190.720088,2.791946,
133.955395,29.694639,
128.774909,47.956790,
142.452798,16.004906,
28.788129,30.669568,
119.847785,20.178578,
199.014419,21.007495,
146.747314,56.697005,
29.994836,26.792929,
227.685655,57.434754,
153.559614,34.059604,
118.652647,53.128146,
118.445561,13.485614,
28.358298,2.337657,
11.281067,9.682902,
238.170072,39.277991,
25.580203,-3.678132,
207.753274,1.359158,
221.836500,27.566800,
243.368794,29.627187,
32.313836,-2.191882,
259.456759,25.652436,
1.288082,32.560991,
353.627008,-1.446265,
19.233599,34.350131,
181.751819,53.717042,
199.491601,4.823032,
166.419107,23.862052,
127.789145,14.580252,
204.740576,17.905651,
27.317281,29.102841,
329.586062,1.710344,
177.939910,56.370004,
232.532129,57.107194,
146.475416,0.037351,
138.440530,8.920536,
226.920539,44.892109,
348.658646,27.009320,
156.816614,35.321915,
112.796804,41.446789,
189.974722,48.681336,
25.522277,28.360871,
256.700263,32.239686,
12.942466,16.065105,
10.540522,12.707439,
166.893271,47.646789,
204.972271,20.384855,
342.848947,31.908834,
354.783074,18.815458,
320.679325,0.341145,
209.608067,-1.421052,
226.838170,49.813478,
228.139534,14.821511,
226.218383,47.692323,
187.687153,11.595586,
180.415994,13.162696,
194.359493,34.902974,
12.572217,28.266765,
251.142102,19.551996,
2.810246,-2.056136,
236.492920,36.230041,
135.338238,12.842548,
17.306471,34.558636,
132.960441,13.255548,
205.764979,52.274096,
25.925515,30.255699,
12.597401,26.149757,
141.759594,4.552285,
216.148179,59.480009,
238.145691,43.827036,
114.540636,21.966466,
358.112028,5.332804,
233.790323,3.026273,
195.052226,32.172692,
134.748612,17.823663,
215.008807,25.825975,
212.147358,12.979434,
353.220077,34.079449,
211.129855,59.389676,
226.931461,39.343797,
128.735350,34.877832,
216.290906,25.890121,
21.523638,41.017824,
213.940228,55.722136,
31.455325,4.333937,
211.377939,23.291546,
213.307510,3.885072,
240.686467,32.676847,
19.499761,19.997026,
173.259763,55.853089,
343.541023,13.386932,
228.139338,19.723084,
225.690626,19.231314,
137.519982,46.105425,
227.179340,53.637355,
226.425337,18.210304,
250.641558,39.981458,
247.688333,34.990145,
220.170557,47.812846,
201.642938,41.986112,
125.737698,7.017882,
15.656843,21.989185,
220.632589,1.731508,
340.623861,32.771138,
194.513773,43.541355,
123.578682,31.725253,
198.960084,46.593701,
26.631067,25.799857,
335.153757,21.686143,
149.626095,32.695490,
346.817351,0.523446,
195.357956,23.933966,
30.287201,23.199070,
132.760562,36.408897,
224.120723,20.124193,
222.953039,31.685785,
28.558225,25.342738,
140.841096,33.655808,
8.027990,23.904238,
182.080404,3.933172,
151.682905,39.872974,
27.625866,5.564762,
133.906441,29.740213,
24.286015,-2.383409,
207.706747,63.241030,
240.234503,57.353571,
129.414425,22.536553,
224.365594,61.201964,
357.010421,25.200616,
143.805515,0.548530,
221.843467,9.399448,
24.140136,0.138842,
3.690499,-1.847610,
131.244128,30.249181,
140.300214,51.333835,
144.047489,21.360650,
147.117320,43.987056,
132.332934,37.360163,
146.997885,34.290070,
154.651848,57.877058,
49.505110,41.977921,
155.660683,30.365643,
250.686336,33.269108,
181.642241,45.877281,
214.349692,42.401710,
230.289363,27.786786,
215.924767,20.667089,
18.326530,34.181849,
132.855248,28.502766,
320.515929,0.188689,
186.469483,49.405484,
171.530324,14.622979,
142.921748,32.003568,
256.126413,42.537036,
225.702017,13.608823,
197.608607,27.749497,
31.681921,-2.248770,
147.338516,45.821330,
123.594133,26.902913,
163.244842,46.561301,
24.770958,4.993232,
183.032611,38.935934,
241.581761,20.938595,
196.934953,36.155904,
165.187918,63.682345,
209.937781,6.177612,
239.978181,9.240636,
24.445935,0.146951,
165.985282,10.779036,
125.575042,26.307904,
337.372414,31.371648,
11.676127,6.287696,
347.634425,-1.020892,
19.735515,10.047163,
349.131720,25.194491,
319.510059,9.977818,
167.161524,-0.926041,
230.810833,43.240024,
19.109226,6.070790,
323.542971,-1.888122,
349.233562,31.927186,
332.332041,6.590487,
239.569496,18.871873,
135.025076,4.481492,
251.167653,52.889836,
154.151836,18.140686,
187.443515,3.093937,
255.504282,37.819560,
239.538395,11.611544,
182.024603,52.207718,
203.652637,28.028203,
223.526281,49.219899,
144.582872,28.314624,
189.637625,5.971869,
0.311461,26.691000,
214.242182,31.153456,
350.395477,-1.550390,
118.181049,31.195642,
117.812291,41.513168,
9.452782,-2.344056,
244.870086,47.957874,
7.606486,20.814791,
328.467822,21.298840,
351.116960,25.014922,
112.272438,34.927438,
167.945604,30.278438,
214.652395,14.624860,
155.671658,38.913728,
192.839862,61.328219,
171.346039,51.566852,
160.330084,23.595232,
154.059072,31.482414,
129.702841,41.293140,
265.036894,55.947191,
246.193504,20.996357,
151.547222,50.587273,
200.492281,32.090863,
193.856952,3.088473,
184.162079,32.724415,
28.536091,6.655078,
173.728882,27.010287,
228.762538,12.412604,
177.125229,47.200592,
240.316801,57.326110,
141.227999,40.658650,
220.595992,34.407477,
172.285515,7.457847,
123.758772,47.252171,
136.626547,26.768308,
159.404258,7.588179,
141.426040,61.423851,
186.973450,10.346713,
152.762653,26.526433,
165.993568,28.021718,
158.255959,5.480386,
187.306224,24.648016,
142.861480,53.391595,
244.610015,39.345742,
142.364309,35.319801,
359.142051,11.011601,
345.847817,-10.043166,
27.220602,15.723602,
225.841062,53.756639,
147.744851,43.002209,
192.481125,27.394211,
190.922988,33.225860,
123.857715,55.762250,
165.370579,6.617025,
195.014503,12.257829,
151.328385,30.076817,
24.363240,6.091943,
139.039223,29.273253,
182.487274,24.119466,
343.804343,21.975658,
256.148843,37.163438,
50.030086,-0.830700,
317.295949,7.026862,
23.615002,17.200102,
210.973117,18.997379,
172.708154,60.585824,
209.074924,15.804280,
311.214736,0.832491,
172.107362,62.475485,
193.822080,62.404306,
221.016716,52.454137,
170.556731,13.735810,
133.194738,5.429851,
151.323106,33.200793,
201.165651,7.226171,
201.842624,58.439492,
119.154585,37.347492,
170.657754,62.340062,
16.942929,-3.557067,
147.792608,37.447197,
218.851451,34.506919,
251.300184,18.421211,
232.850414,22.054585,
191.682157,22.597190,
193.394828,51.119123,
169.078709,9.322855,
158.822270,30.343974,
142.824184,3.522101,
179.935062,6.174572,
202.018600,36.619348,
33.809522,-5.555966,
121.343716,50.511747,
215.258370,42.406783,
350.980059,-10.664391,
25.542730,7.551771,
201.763590,34.222702,
11.698927,3.936275,
224.050173,38.073694,
163.789185,27.642031,
172.551838,54.735008,
5.549569,23.341831,
139.676969,2.716238,
134.011208,47.992696,
216.576089,5.577567,
243.369825,11.657845,
33.289009,3.381746,
231.048339,0.791022,
204.361760,-2.448866,
118.303632,49.483648,
184.329048,32.748773,
158.792877,26.447109,
205.528187,-0.474436,
359.013941,-8.928649,
149.979577,26.461919,
355.810953,4.414882,
143.601629,52.088142,
230.180629,45.355911,
127.981186,31.655443,
182.519591,35.577733,
322.167434,10.062663,
150.169038,56.283768,
137.538642,6.372547,
227.876279,58.014724,
11.840047,-8.410699,
217.354256,54.170246,
340.111698,-8.178390,
239.042854,51.246468,
328.887853,7.190069,
143.467365,28.558762,
138.139533,26.315837,
256.592967,46.483113,
142.924918,27.801395,
219.293680,38.389184,
135.868082,22.936858,
184.899833,46.200241,
126.817757,39.961811,
161.758024,36.590024,
11.303277,28.351345,
204.744846,39.978312,
359.803374,-3.569221,
153.920141,48.190298,
178.175968,62.135971,
129.037488,35.098885,
151.840775,61.261510,
335.798928,29.721538,
25.238570,29.761411,
151.511731,47.946824,
334.315026,2.710128,
337.992648,-9.733283,
221.192216,25.646274,
158.063455,26.332186,
24.748918,20.648265,
16.342269,34.575483,
221.027879,33.229413,
254.640216,42.915964,
5.317032,-7.494385,
231.874401,4.412516,
181.268486,33.735368,
344.886589,27.869566,
7.447110,1.136803,
220.023411,6.057469,
326.590025,4.289221,
119.352655,34.861027,
256.730207,42.442868,
189.914822,43.693227,
176.264525,53.942754,
167.162785,43.902084,
116.464435,16.469915,
359.113196,15.994216,
153.416850,37.450085,
177.328914,26.650814,
126.640136,50.203960,
137.773306,24.944539,
194.397929,12.390136,
207.548754,25.034932,
346.650206,2.537785,
339.922228,21.842117,
349.915826,15.896904,
137.409158,41.050965,
173.466301,-2.294693,
189.701390,39.959365,
327.472783,-1.624515,
229.861648,10.324920,
165.831693,50.478488,
181.477224,51.011945,
210.863598,56.826527,
193.066924,0.528084,
206.631179,56.888518,
174.010205,43.196938,
252.580603,36.368097,
242.265555,28.373511,
151.852450,35.151708,
243.085612,47.841423,
143.740530,43.811553,
125.572863,23.539166,
9.185640,21.657616,
233.664874,33.862447,
242.263838,28.237378,
338.006110,4.356952,
357.459390,5.298509,
249.823018,22.865255,
182.753597,50.765928,
340.050445,33.147191,
115.999250,36.229861,
198.553732,40.903922,
42.749753,2.472106,
172.834547,10.033307,
236.579809,31.734738,
126.019555,48.317678,
147.367876,31.450014,
14.568275,-10.671897,
142.081182,51.419869,
135.853143,42.820161,
230.744839,38.852764,
1.436308,-4.820916,
9.983477,24.506617,
188.078438,34.709176,
188.514525,33.738906,
324.092960,-6.731134,
348.623113,34.449183,
248.142235,17.838637,
334.832058,21.728602,
234.630978,33.320649,
357.534305,-10.293021,
35.824962,-2.072377,
242.603710,23.785633,
186.199130,37.913841,
202.533687,38.770503,
169.898941,6.338541,
239.750976,52.214985,
207.763218,44.240131,
154.919781,1.436448,
216.185650,53.857959,
126.368873,22.339848,
186.250239,19.653330,
176.145662,30.140978,
174.594098,38.359953,
140.644060,20.672420,
248.696959,26.545184,
127.969872,46.955127,
226.305676,36.615761,
171.229977,24.892005,
211.997493,36.540028,
202.672644,38.701740,
185.332885,48.194388,
255.477588,26.723562,
179.861477,39.585182,
188.905577,47.782485,
165.714623,41.765990,
38.440926,-2.423179,
149.934266,42.319555,
221.300840,30.147066,
182.854172,7.167700,
146.411823,52.618496,
10.077035,21.699159,
245.483766,52.269071,
357.670591,18.157301,
144.085402,25.084157,
156.750063,55.074382,
137.571140,6.044069,
170.873093,14.520231,
344.225110,-10.596661,
126.374949,42.536111,
160.342020,3.044141,
193.532972,7.450945,
233.980328,24.574613,
354.351261,21.979712,
171.415220,34.926485,
214.439044,64.770103,
203.292228,41.245445,
176.220390,39.612581,
229.360529,9.235468,
10.563605,29.917463,
242.200888,11.587909,
171.781047,47.382684,
211.934188,14.105787,
151.598265,0.694752,
137.020379,23.056192,
203.546697,31.304321,
151.136291,33.431649,
35.022166,4.189433,
169.353608,42.488309,
35.000994,3.911369,
212.516920,8.299103,
257.215036,40.796858,
5.402706,11.092232,
9.159616,34.533178,
5.307209,-6.818276,
128.890459,48.115132,
201.360708,52.392396,
148.029130,43.592662,
165.299234,25.696533,
125.340066,58.507047,
113.941696,38.806847,
179.243980,21.006495,
180.142752,57.666642,
245.125594,39.575548,
133.553421,26.633528,
223.080397,49.083736,
226.567035,38.578884,
28.120993,10.066601,
223.211549,43.765423,
152.721964,39.455994,
222.830545,20.798763,
141.366548,18.742558,
134.200824,53.449699,
139.114806,37.192139,
132.012266,40.187541,
179.635868,2.760328,
6.179959,28.393889,
335.482691,3.790565,
222.602402,53.495310,
347.797044,15.117359,
358.704370,-1.251392,
37.604667,-5.771187,
211.463227,37.125634,
123.410299,21.897184,
231.386867,2.180752,
133.469916,7.546024,
148.687430,0.554068,
172.440014,12.014010,
137.988571,26.322546,
246.830516,38.691085,
221.295856,50.197633,
147.719292,31.117656,
312.777990,-4.917320,
2.666543,30.709552,
218.863272,47.520459,
220.791527,2.171669,
124.883143,32.834762,
144.917138,0.325181,
207.653177,37.763657,
354.433031,31.572635,
193.590218,20.793315,
137.647723,57.778701,
18.817079,30.209698,
191.024248,14.445244,
27.253222,-1.228012,
197.369985,35.188985,
16.963098,6.467450,
255.047046,26.039949,
167.898855,51.632439,
231.337020,47.804848,
171.358857,28.267411,
194.799610,37.625998,
171.159031,37.377882,
188.944552,33.698412,
200.345719,16.504188,
207.221945,44.714422,
134.187284,58.551840,
4.230776,25.430779,
357.105717,0.344473,
52.666755,0.117956,
224.862645,32.899443,
151.570758,49.065493,
358.753549,7.669315,
131.894221,56.621918,
12.500969,5.615156,
27.746350,18.807420,
16.913056,0.059997,
168.188205,62.903694,
6.570567,5.017836,
223.950705,58.334723,
137.311671,5.171777,
257.043754,45.408841,
11.806345,26.719372,
115.064604,34.977404,
350.904362,-10.466866,
331.075129,29.134094,
36.267635,3.811366,
233.842594,36.983256,
241.917293,38.974647,
157.089470,27.997516,
144.665370,24.919043,
339.666503,0.752502,
352.912397,-0.408120,
202.002773,23.573863,
350.737596,20.292808,
128.307864,50.585473,
220.264738,60.479850,
349.162860,32.114637,
7.255142,-5.824814,
135.451964,21.346255,
158.438599,45.644246,
128.228945,26.417431,
192.123793,28.816150,
241.584620,7.100039,
148.167361,51.880533,
122.721956,14.058631,
350.831307,8.795461,
188.281822,29.785934,
251.538718,42.018612,
13.684345,22.126860,
217.758422,62.633553,
245.897618,35.333536,
173.001441,-0.066560,
202.767212,54.898999,
197.517821,6.574179,
116.352210,37.489138,
161.457145,-1.116935,
351.383415,19.385112,
53.464717,0.394911,
19.642760,-8.355126,
121.109321,50.626861,
346.655840,18.274543,
233.475048,43.837658,
115.356245,16.982710,
167.808632,8.149995,
155.766535,30.073204,
40.562386,-0.525514,
351.200862,6.854133,
332.189478,2.047870,
228.541780,27.539194,
4.550352,6.296975,
231.468363,11.285214,
141.846054,34.465570,
167.936107,55.985683,
322.323495,3.147791,
116.533918,16.224686,
195.200443,28.389081,
199.456315,54.188242,
10.808892,-5.291179,
335.490195,4.211539,
220.054502,16.647033,
31.289224,2.137194,
177.080132,33.908681,
32.282910,23.403176,
194.374619,48.123519,
352.731397,29.370789,
335.317396,-1.007204,
178.322054,30.778461,
16.624184,19.308493,
169.692187,12.694127,
7.071165,23.610707,
199.123691,42.586981,
206.172935,24.063630,
127.667805,8.242284,
310.534034,-5.872978,
211.464015,20.508472,
20.663584,12.785963,
48.685618,-0.950324,
29.964306,7.206892,
134.129858,39.413984,
4.606462,23.648356,
175.144505,10.210861,
27.199420,-1.936013,
221.452929,33.790284,
134.394170,43.313753,
17.474343,1.294912,
52.881739,-7.371200,
152.103375,40.949139,
154.175466,54.342211,
16.994826,-10.321320,
212.199389,54.323894,
193.558439,62.823667,
216.081269,10.058360,
191.775900,39.798382,
219.392411,47.527330,
193.686299,42.884810,
188.564613,31.452257,
203.594751,13.308621,
227.113523,56.211018,
355.909325,0.052209,
141.932040,58.082284,
4.513070,26.782557,
174.182523,28.829057,
29.025004,17.851422,
196.108596,66.473738,
32.680427,28.158766,
168.248970,34.309435,
201.119434,57.278030,
207.969166,30.041769,
338.846992,-0.251247,
174.267796,17.274030,
222.296096,17.678753,
328.300217,22.384566,
221.978636,26.551088,
327.546509,10.052496,
9.169923,11.105850,
129.033740,19.047430,
159.833406,56.520056,
250.664481,45.480638,
31.292215,27.914072,
115.424662,31.302998,
133.126555,21.917522,
22.400792,21.288205,
200.571194,3.395622,
16.420332,6.653489,
351.999858,29.078082,
197.634992,56.821396,
39.824883,1.568919,
255.220618,30.146775,
188.189204,35.650640,
162.449072,16.371278,
194.588256,63.388464,
116.075796,42.849263,
201.808270,45.559925,
19.049261,2.416275,
214.211615,28.792188,
241.481853,28.840429,
201.718000,41.901562,
31.056841,0.536345,
339.511398,8.977830,
208.544527,56.120271,
165.486435,30.667109,
44.107557,2.722052,
259.969784,28.645679,
175.277887,-2.396242,
328.484474,24.398865,
218.776929,0.150467,
5.134842,-10.570715,
333.967890,26.359402,
226.197599,57.471480,
166.117570,45.590765,
14.432442,-0.199721,
196.795157,64.724808,
173.321030,28.244447,
156.492144,44.518396,
316.646923,8.560703,
223.526739,38.470779,
217.668275,23.533590,
214.164223,46.891274,
248.706663,46.007527,
207.267442,57.232117,
225.878944,19.532637,
145.590776,48.616309,
4.453500,30.317326,
158.940634,33.516141,
176.232440,-0.361873,
227.784848,42.622673,
196.752750,57.389532,
139.458468,1.767843,
205.991326,11.222327,
133.208571,26.341876,
354.373657,6.246960,
225.683044,28.294441,
335.876675,20.127427,
153.032344,3.270790,
5.867462,5.200339,
206.752837,46.025083,
331.814486,7.408583,
129.206877,28.842719,
23.993552,6.237284,
9.659182,-10.266250,
160.164740,6.255994,
240.759475,15.532630,
142.298306,51.963097,
21.885099,-9.004292,
317.005347,-0.293725,
140.316749,59.845363,
126.606432,28.602141,
212.471410,42.993915,
162.563552,56.376605,
323.088924,9.731440,
134.254540,25.902278,
177.057544,25.580041,
137.389889,34.367995,
175.981132,-2.643941,
124.795081,38.839807,
122.818823,11.466119,
56.887387,-0.999158,
40.969895,-3.131062,
23.786462,1.247236,
124.566660,42.379285,
165.640254,37.453078,
228.755352,34.219381,
163.365918,52.386512,
21.598879,6.598426,
239.080138,39.968336,
171.350070,10.023596,
14.952031,14.356514,
36.998204,3.886878,
349.172068,33.355843,
185.846369,33.182804,
28.858278,18.413776,
255.424778,26.005579,
167.348794,52.013788,
150.560739,26.364335,
151.641288,43.156522,
251.234198,19.724729,
154.794173,14.971578,
203.707196,31.473350,
231.272343,53.106355,
223.181769,1.908538,
185.864083,51.845457,
137.377193,9.172371,
213.286269,26.850109,
241.737795,22.308334,
227.534462,25.150585,
37.870853,-5.394647,
329.802985,24.555911,
189.764112,44.877208,
14.240866,-0.210011,
225.181572,-0.037821,
115.004941,19.778923,
261.704168,62.152851,
26.311128,-9.986428,
115.459483,66.634824,
172.651753,15.214764,
185.016495,56.974150,
328.059846,29.063564,
7.054473,19.342544,
4.786938,28.298274,
140.944733,10.275921,
349.574168,34.184548,
121.199861,10.256597,
246.336916,18.223849,
158.545185,19.019811,
330.281787,28.651633,
321.906188,2.475578,
323.321358,0.849926,
28.647451,18.773166,
146.682858,25.431469,
230.414915,9.708844,
219.200179,3.039743,
123.970518,10.118244,
355.584794,32.674014,
161.096247,0.682143,
242.012334,32.103456,
148.133624,43.821073,
181.818437,32.095750,
117.513502,33.482132,
164.760011,44.319029,
176.041933,32.251940,
180.375756,17.321051,
254.313511,46.804161,
193.939630,40.148272,
134.163488,23.845108,
181.807067,4.403649,
329.241516,25.016081,
12.612527,-3.704641,
139.247272,33.419777,
142.957887,55.087593,
193.559124,52.415367,
175.016722,43.434900,
352.977758,-0.371564,
157.634540,65.958326,
15.313770,17.509200,
131.488403,9.022091,
132.473769,2.285968,
344.631413,25.407509,
171.763848,63.745224,
200.308219,61.038025,
17.741046,31.608514,
356.287194,22.874461,
332.135769,30.884800,
18.737028,-2.574437,
24.812388,10.400949,
140.036536,64.415802,
15.781801,-5.980153,
309.367910,0.386855,
129.066695,24.794482,
186.263277,15.877348,
6.835430,24.257653,
236.223663,57.876591,
202.995406,23.782157,
199.155992,33.686989,
20.842448,20.992768,
5.349184,-2.869711,
214.354379,56.780892,
185.785887,25.253628,
222.502428,0.211232,
207.098910,16.717567,
219.761057,0.938702,
236.147768,36.789076,
339.253120,0.222905,
44.409059,-4.771121,
17.499537,35.275203,
14.729228,30.569260,
166.278507,25.055853,
248.334041,38.036284,
14.190390,0.698389,
130.533926,47.527607,
137.544409,37.811275,
5.369161,15.039944,
238.825468,31.290433,
4.167438,21.138987,
34.434234,-5.953543,
153.550055,36.356948,
329.056571,28.995699,
189.724213,9.279098,
205.435729,18.757347,
145.099303,20.400755,
129.255292,58.747617,
252.193970,44.414370,
249.760919,15.633720,
334.485420,0.595727,
24.187712,4.691475,
171.509142,30.692456,
8.593966,19.001604,
219.631496,9.705110,
124.239801,6.078256,
212.041159,63.512841,
182.210128,36.079964,
172.183109,53.157836,
335.294798,-0.199969,
204.143396,51.882089,
187.455540,10.645963,
153.864631,19.332375,
180.262494,49.142168,
250.743649,21.256904,
154.491192,54.521976,
199.945057,26.374566,
23.943802,21.505397,
189.935860,8.687661,
201.862882,30.527726,
247.487741,14.555746,
239.758130,13.208269,
126.046966,12.436598,
12.794942,-2.159951,
164.737865,11.024613,
154.984026,35.722490,
159.611482,47.647017,
141.792508,18.764619,
132.561103,38.105145,
196.329307,31.325877,
334.629867,23.998847,
353.543577,-2.288705,
31.152251,-4.475522,
174.874107,47.223985,
333.536822,3.162288,
219.050676,33.054887,
329.397824,18.585929,
210.340636,40.184574,
23.129564,31.391574,
168.356829,52.353018,
13.074631,-7.337382,
121.203287,5.855509,
123.255208,48.273576,
230.984059,5.981444,
335.541432,23.716760,
346.910704,23.805314,
169.531164,0.459706,
40.442887,3.042626,
248.940031,38.750705,
165.392270,43.413806,
15.449624,5.565796,
259.133489,37.361728,
135.736448,34.351930,
235.645619,46.874131,
124.347351,44.763196,
21.846169,-8.198033,
326.513091,3.670121,
138.586329,5.533697,
9.962623,22.265476,
171.463335,41.019590,
320.624184,4.526837,
137.433558,36.568530,
128.549503,20.425914,
327.854360,-8.537607,
156.709960,1.088436,
194.441298,50.494626,
181.221962,38.764867,
321.676108,2.779750,
253.374634,31.132472,
337.397090,29.120446,
325.346267,3.712681,
205.663502,38.377337,
216.518332,45.189226,
134.450898,12.222872,
157.279692,14.304967,
15.341968,0.992862,
189.027267,8.511369,
181.123224,41.196363,
153.107986,32.334894,
208.054801,5.806584,
9.582524,-4.192847,
230.240879,46.278120,
28.917083,1.505340,
342.917729,24.434775,
186.874496,-0.569648,
182.233156,53.534318,
153.367218,25.359176,
180.230214,8.617577,
173.007183,4.888253,
193.607197,52.894538,
157.644131,29.899724,
18.544082,-4.708432,
150.026197,64.233797,
331.352411,29.671741,
150.213606,35.250636,
186.101776,30.024024,
189.804549,38.882000,
170.450784,2.683326,
167.184277,8.756485,
357.355255,17.757915,
130.776632,29.656179,
214.429286,18.981915,
241.811260,30.574231,
121.265142,31.703187,
257.142784,45.102878,
163.841189,23.891964,
187.754482,1.312494,
208.660935,13.537844,
314.686177,-5.404894,
31.405370,23.504579,
321.666508,-6.932087,
209.341887,22.815160,
170.786136,20.370124,
192.182105,39.069785,
185.413846,28.197619,
130.703255,52.123877,
156.118365,61.660207,
195.467557,66.104889,
148.665019,8.962195,
174.878934,34.667943,
130.054192,34.341990,
237.551864,35.140386,
208.634566,54.475146,
166.494075,19.770607,
128.053698,10.938490,
222.943026,2.453865,
213.756762,59.550491,
158.664015,44.658567,
171.494677,10.887810,
118.671954,11.318788,
229.623950,56.671348,
256.522504,20.251686,
125.268791,55.053938,
327.270922,-7.601476,
136.922528,50.137264,
185.163726,41.589584,
243.727803,44.754135,
183.082794,46.610987,
195.210603,3.126811,
345.409171,20.726691,
122.506656,20.520230,
145.955618,16.121816,
343.207078,0.682425,
136.438807,41.030516,
190.238642,11.019569,
198.452302,60.047942,
337.803701,27.228985,
164.615094,54.489418,
40.820366,3.862381,
243.446823,20.808844,
26.884073,16.529258,
154.418315,-1.481058,
52.031266,-0.596035,
222.064337,20.234072,
232.521528,55.610422,
22.024811,7.359890,
114.433003,21.559012,
176.359210,63.425299,
165.536348,1.686721,
329.278712,19.457767,
31.559080,2.941871,
248.883742,37.334796,
137.827151,33.937655,
21.307629,11.983589,
182.419889,33.746952,
116.364170,38.320523,
205.941862,47.035254,
200.448854,33.203574,
140.587343,24.875244,
145.961413,42.884868,
8.504028,6.252107,
331.420421,24.431670,
126.515290,40.476173,
126.653913,6.341545,
205.654000,43.442252,
131.165124,28.653755,
128.422409,20.668733,
171.408812,28.643614,
135.856941,30.090305,
191.209428,21.784075,
139.100677,29.913607,
342.285298,21.962245,
163.978618,-2.121775,
24.208259,18.838543,
216.563180,36.783669,
347.750763,1.203310,
2.192704,-4.543661,
175.621786,26.670120,
165.739812,19.835046,
356.227530,33.700958,
29.748338,12.481936,
244.288579,33.912140,
187.034700,4.293427,
11.123051,31.097925,
155.429834,29.150990,
257.254298,62.207501,
148.991291,52.509364,
221.618751,32.714640,
125.920146,36.283771,
9.779370,21.340161,
356.979322,-0.059231,
4.200657,28.026767,
196.184666,49.941878,
4.436538,19.584675,
13.918423,9.574117,
4.013935,-1.253971,
353.956265,34.729307,
342.044872,-10.406893,
229.425856,12.990806,
23.011963,31.450926,
195.319724,38.121278,
220.967018,57.345518,
248.321105,53.060814,
162.082241,30.394654,
186.298444,28.001055,
136.745298,49.303961,
350.799758,29.432674,
139.558315,-2.338518,
190.780857,24.775410,
126.863463,37.107292,
169.209375,42.789579,
201.930268,60.619242,
358.477558,-0.355680,
155.406762,28.671109,
145.309905,62.348578,
134.369556,42.613206,
240.257685,36.938799,
37.476770,-0.939610,
224.945796,13.388364,
249.429592,51.846430,
130.973785,14.745944,
329.596813,30.401292,
150.225069,15.957990,
43.965534,0.973504,
212.014767,50.481745,
199.350254,46.541267,
216.893645,42.265550,
306.215496,12.267305,
165.732670,53.933429,
118.313207,28.784650,
145.867285,9.813672,
123.988846,33.522987,
315.521760,-6.237269,
199.566297,-2.988736,
2.569435,20.002072,
242.378826,51.527332,
131.418979,15.022906,
350.606916,-0.465580,
1.524460,12.083065,
204.064828,50.690427,
138.282638,44.337312,
202.896418,59.085298,
240.723894,32.983131,
252.899085,32.441295,
115.547070,36.036662,
176.483854,51.488283,
212.780398,1.229251,
132.525240,-0.174014,
121.273558,39.577041,
149.318429,31.132571,
214.395802,5.639251,
162.866312,60.553999,
28.262375,26.216119,
130.204644,33.720816,
234.230833,8.185165,
2.769309,30.844608,
137.376787,39.870961,
254.417220,42.927566,
184.932459,48.658009,
245.585165,30.213936,
10.318515,20.053642,
175.441254,5.718853,
133.071545,43.819805,
256.513678,34.903101,
25.656376,16.151204,
230.892996,36.682619,
206.646743,38.269776,
221.530495,10.020567,
138.029159,40.549977,
161.574985,6.164663,
154.481934,58.987050,
15.928526,21.295692,
246.646939,51.140826,
328.580717,28.040501,
230.700017,38.834090,
203.636608,53.236727,
189.980677,-3.425596,
320.034306,-0.154835,
217.188661,58.969771,
335.708262,17.504468,
237.914825,43.701160,
203.904670,54.010870,
192.771161,38.128980,
152.060235,47.234789,
226.083519,27.379803,
230.866052,6.836058,
130.942260,20.917180,
158.108328,8.228797,
164.302709,27.623171,
170.505999,23.178620,
229.053644,2.320361,
250.218975,25.486574,
12.194669,18.640048,
5.589558,2.073901,
222.112067,53.372933,
247.862756,55.301855,
212.247577,1.758593,
6.903741,2.442353,
42.038415,1.537414,
137.089041,58.358801,
188.634145,16.671073,
203.717694,5.830706,
221.004613,43.101563,
337.098077,27.536444,
19.387971,15.210006,
119.723407,11.328928,
197.717868,40.950982,
119.338063,9.600156,
173.171206,59.165985,
168.186732,57.701512,
156.921141,31.593753,
185.330334,34.510453,
325.514623,-1.689410,
233.416524,57.276639,
145.740907,-0.784798,
42.249382,1.324584,
170.027877,15.108106,
226.836849,34.808228,
233.054160,6.903794,
244.816715,41.770130,
226.070676,42.114024,
122.968895,18.028652,
258.340878,40.338146,
319.003810,3.849175,
187.399868,42.976397,
189.401300,32.693220,
353.086395,26.548094,
197.080105,14.943439,
190.524273,59.006767,
193.432369,15.140536,
7.915513,10.124940,
199.101148,49.756367,
189.547715,8.294433,
190.968078,25.601924,
217.955728,48.055581,
19.115863,-0.217854,
157.500270,33.075103,
201.850206,1.189963,
135.387614,39.877910,
117.511990,34.011915,
30.472326,6.071491,
214.973091,-1.732768,
230.502286,51.420171,
32.930836,-8.789974,
232.368239,23.237745,
179.688791,27.932274,
240.783260,37.763614,
167.617036,2.192792,
36.121313,-4.968845,
31.190391,0.667435,
169.883487,16.590232,
205.117389,55.980805,
24.430035,24.512962,
224.903607,54.719059,
37.452193,1.956636,
349.238353,-1.040937,
158.578038,27.101036,
2.451723,32.031134,
128.929939,43.263411,
213.924023,8.529478,
174.891100,25.968363,
248.720539,56.192402,
223.484048,43.064180,
168.596488,48.398630,
118.522969,31.729891,
122.182799,32.833718,
18.626569,-2.634267,
121.253473,18.008178,
253.459156,37.714012,
194.822122,3.156257,
248.242070,50.962042,
195.906375,55.216229,
170.094915,28.739146,
196.824269,7.687167,
195.461343,44.222148,
257.704951,35.722834,
36.021252,-0.986523,
192.740710,-1.171156,
113.929983,20.215765,
128.837963,36.780939,
144.105063,20.011006,
251.293472,45.666691,
6.457934,32.702646,
4.524604,-3.942073,
162.085988,38.600841,
257.275925,36.336008,
204.677336,55.593314,
28.630647,-0.207573,
217.966458,42.049989,
159.399390,24.862311,
182.454232,11.720100,
24.612518,3.211474,
24.821787,1.691105,
29.046526,9.581369,
337.143021,13.601490,
239.567201,59.602394,
196.169569,38.601464,
210.655157,49.549989,
124.366483,38.176737,
352.452716,17.997762,
123.051978,22.006753,
155.601583,17.900909,
234.300071,36.942373,
204.264812,20.650968,
190.738974,44.553293,
134.825057,51.770903,
228.681660,36.418444,
193.311636,52.928370,
235.993441,47.592549,
183.862374,19.777668,
246.468447,56.458294,
26.251245,2.269061,
342.836324,7.673661,
171.598877,48.322001,
29.568192,-7.433813,
127.401289,8.027956,
250.515660,53.752292,
139.674084,40.640336,
196.692934,52.381951,
129.108556,38.429819,
228.632328,41.814950,
3.516283,30.123077,
116.721015,44.064275,
233.529911,15.633421,
234.018324,11.909063,
139.916804,44.433589,
193.482650,46.624695,
209.446661,12.219559,
200.219237,-3.482649,
143.399225,48.232136,
12.327196,1.219162,
191.265431,53.078183,
173.181682,51.827427,
147.785105,16.032429,
151.514023,37.006978,
44.049755,-3.087187,
11.477399,16.156731,
159.931010,25.660964,
347.612843,22.100104,
187.820223,48.674255,
174.183342,41.315195,
27.426127,2.193881,
253.039133,46.801339,
185.265713,33.008444,
32.200224,30.545115,
195.555844,54.686429,
347.700207,-1.692319,
169.992179,48.238578,
139.920624,27.801349,
216.583792,36.184721,
326.745444,10.170943,
6.809230,0.201046,
203.315412,49.129357,
204.995673,37.075946,
336.262972,32.004928,
136.122726,34.095807,
135.891416,32.272244,
123.579075,8.596067,
177.512766,66.745993,
192.744069,43.968703,
7.317908,-4.684598,
250.411450,41.375655,
350.651919,2.279581,
223.490012,37.729809,
159.061087,15.648629,
133.993290,59.254145,
167.284836,18.450660,
156.464613,31.674665,
123.821415,8.025715,
220.343612,56.057898,
128.390270,23.828764,
151.760293,51.566698,
44.315885,1.427838,
217.258658,-1.386201,
221.166030,57.522136,
206.030855,44.963891,
341.920287,6.270681,
238.177901,6.947163,
31.148107,24.165346,
227.682905,42.288527,
166.025063,52.036743,
231.924394,28.696811,
230.900649,10.320210,
213.186838,57.214588,
162.127208,52.199509,
192.561162,-2.637123,
337.664165,3.363231,
149.713000,39.129204,
217.785369,39.838319,
37.649395,3.466841,
185.163973,17.305756,
163.937316,59.478011,
171.219873,39.211771,
151.390150,43.022210,
25.760434,29.183088,
180.669501,26.527401,
0.002595,31.328982,
193.420808,51.649545,
240.551509,30.966247,
0.210810,1.166433,
26.148407,19.859541,
196.317114,39.217196,
331.290170,22.077702,
327.572188,27.917240,
322.943448,5.745620,
28.816370,24.430246,
148.457671,9.578774,
175.271898,20.645950,
222.160112,60.122044,
122.918437,17.692372,
190.361824,33.791051,
336.452204,22.538079,
156.946793,20.960217,
202.887985,16.651480,
171.093545,21.356594,
177.745238,11.712957,
127.517073,33.150495,
194.889520,-1.475944,
173.127517,49.034166,
349.273394,26.305962,
356.635083,-1.270073,
2.714254,3.325704,
208.261931,53.087298,
163.284993,32.236971,
240.353538,23.435428,
204.399813,48.815060,
326.338089,0.474263,
168.349930,67.906147,
126.286105,36.767806,
142.659640,39.267382,
249.409537,30.085358,
151.093888,18.435469,
38.894045,-1.698148,
133.478236,47.482539,
164.030884,61.226614,
13.131817,24.562430,
28.610384,3.400463,
198.457043,20.985472,
135.723198,59.592988,
180.580189,11.572497,
115.457873,39.107804,
252.724119,25.132056,
188.687828,50.438030,
233.464871,48.853118,
178.932376,61.844218,
5.885150,-11.138894,
200.321193,34.794451,
217.129367,16.110717,
6.336076,25.184160,
124.094540,20.431601,
202.938479,14.829502,
16.457145,9.937178,
34.495685,-1.246741,
243.042862,57.932516,
133.675658,29.227805,
28.079844,13.870359,
159.956548,57.194944,
176.286797,44.282731,
172.267069,34.036153,
1.438851,6.662600,
13.234708,-8.020500,
186.947439,58.895801,
150.798810,4.034684,
211.014709,44.346970,
22.721399,-1.188435,
72.298908,-6.605491,
153.986236,7.599098,
179.007146,-2.959734,
205.783611,6.186032,
155.169250,9.381731,
6.821778,25.025270,
252.874201,40.446400,
222.672645,19.816894,
216.086552,5.253500,
25.880094,24.260880,
170.036661,10.643714,
213.148141,10.686162,
174.756390,23.325289,
184.561717,37.483567,
220.687431,39.404361,
7.202668,6.099860,
218.879546,61.248563,
329.487170,6.256805,
357.413961,35.091858,
31.887241,5.125288,
218.159505,12.266543,
185.983828,3.517909,
194.093095,13.218236,
182.213369,44.404505,
247.617308,40.388437,
229.786936,41.546167,
2.748147,23.542457,
194.878946,53.600111,
121.154884,33.294936,
349.387430,12.452094,
358.263444,6.049106,
175.026246,63.455023,
140.868870,55.672649,
129.608956,17.585360,
232.379638,49.448763,
222.915855,47.757683,
224.127226,41.216714,
191.143272,62.643411,
192.914326,7.952501,
151.485968,44.830056,
331.477410,0.372258,
20.247307,16.782475,
140.848537,58.048905,
198.949982,42.801300,
175.547620,-3.237004,
136.521279,8.523299,
215.794766,34.231430,
163.764259,44.146564,
149.796989,45.317875,
213.721854,2.138269,
193.781414,21.846142,
211.978004,22.305886,
207.020200,38.394036,
250.574099,32.152210,
205.123684,36.364399,
357.505365,23.712332,
173.494174,6.607145,
345.589488,-10.563779,
161.460765,48.830171,
239.344030,15.671089,
170.613527,32.156251,
17.821488,16.605891,
202.317940,23.021134,
197.055189,-0.710263,
355.215986,2.009674,
226.055140,6.169531,
189.951899,22.307181,
175.831717,28.531218,
222.001978,2.654509,
228.690916,15.405818,
152.835194,23.097003,
173.820884,45.687286,
156.464662,25.366591,
156.834221,30.288676,
165.926001,39.904964,
356.991526,3.819653,
245.329187,54.141598,
266.049978,25.890125,
359.440090,18.992304,
42.035992,-8.789052,
153.945805,42.206979,
115.727283,39.376718,
14.465629,19.827685,
333.519630,5.435701,
344.082589,17.412555,
236.410436,-0.172165,
196.120985,31.218952,
253.219478,26.833887,
186.864335,14.031445,
226.874080,0.950438,
1.643455,34.223941,
137.286764,17.563442,
327.507461,2.162447,
151.371086,42.213490,
114.415526,29.219823,
202.232906,25.822742,
182.604769,17.258208,
191.162004,29.087494,
348.306556,6.292097,
221.450042,23.392808,
167.109648,51.093451,
215.659465,36.852564,
162.904224,2.058508,
203.479004,52.284419,
34.091339,1.748940,
221.846361,13.638685,
9.163696,2.733886,
213.111464,45.573186,
123.607956,18.337034,
142.785995,8.293084,
133.396651,44.343565,
213.796384,50.185976,
160.510483,40.681025,
135.234837,57.815790,
135.452322,31.505413,
150.721525,4.315356,
178.498589,10.404005,
216.613257,10.064512,
224.397319,14.297135,
172.965568,51.399960,
213.344959,60.784943,
20.612527,27.223091,
186.137369,6.625327,
113.766756,47.509366,
252.388519,49.567693,
239.553604,61.612452,
218.792912,49.805417,
176.256551,42.613600,
356.009457,30.335456,
225.838603,59.067073,
253.343892,33.547465,
253.058349,44.591872,
207.138391,61.621378,
31.444378,27.838332,
181.408422,23.638614,
204.718257,12.142894,
29.669195,23.559100,
220.127574,50.758105,
228.831878,1.374674,
169.940728,36.562509,
203.632276,-3.262828,
332.103092,22.417257,
215.950130,56.404720,
130.435376,43.683118,
248.101422,50.119296,
350.312678,30.647538,
232.550579,53.560802,
228.392987,46.216028,
122.560960,20.672624,
157.733158,43.343815,
134.692963,25.849288,
166.318335,32.051860,
194.119476,39.596664,
212.374919,40.756818,
111.360584,40.176261,
351.685355,19.765583,
239.725318,17.874320,
193.072179,38.620201,
343.625943,-10.509802,
215.409239,32.059029,
124.212745,16.150699,
150.066624,49.120040,
215.537171,21.767328,
334.698003,20.703375,
190.412212,60.642140,
168.062384,51.133861,
351.810904,10.509433,
196.084985,35.180244,
246.874188,11.786510,
153.083736,55.592507,
117.437855,33.397882,
337.075492,18.229784,
138.515964,30.540415,
133.894926,49.734834,
242.967612,58.698344,
242.571868,21.657680,
329.129430,29.048970,
19.793713,-1.484176,
252.218384,30.607624,
156.759775,35.958717,
157.662148,2.574804,
10.642021,15.539126,
182.158466,47.188602,
160.545438,-1.085578,
351.060634,31.083739,
187.316598,-1.437449,
191.189159,1.486469,
182.371498,30.730430,
178.130060,22.616076,
160.414773,48.609648,
186.909586,39.098491,
169.005434,10.797409,
164.228972,42.116825,
179.792226,3.356726,
176.066811,3.897935,
29.872911,2.860195,
150.861062,39.133590,
315.825068,-0.778531,
226.788623,19.021743,
24.039724,10.972594,
170.610315,3.244506,
314.267939,-0.090888,
249.838391,27.656081,
234.160996,20.800994,
338.419893,4.078256,
118.758821,22.063014,
153.761853,13.961218,
135.520655,37.300444,
131.470176,41.591673,
134.624467,25.473943,
185.910251,14.203728,
190.498797,14.007661,
178.093961,5.682842,
219.589155,9.773099,
171.391040,35.765832,
214.114327,58.328302,
26.133260,27.273028,
117.138529,23.391823,
26.069246,-3.899885,
215.142263,7.080798,
137.654862,21.468372,
332.410469,4.430276,
159.379936,63.469409,
151.911240,57.857528,
3.601696,26.088791,
0.166790,-9.454754,
185.901103,7.919022,
37.204739,-8.584126,
233.868212,49.266058,
159.567663,34.327869,
209.202277,10.482932,
188.201461,31.639514,
159.275554,60.672993,
231.157807,45.509771,
21.304334,25.959361,
163.845366,12.562753,
141.981911,59.037579,
7.072466,4.879301,
163.796050,17.322059,
119.343288,24.127130,
336.752671,8.916006,
27.542307,0.485409,
208.542760,33.689727,
209.707948,59.452448,
19.602035,15.520670,
3.588241,4.238657,
132.647635,37.039169,
16.416001,20.589243,
189.038417,15.905742,
215.793104,40.014874,
1.851376,-5.325199,
155.995387,30.316873,
227.936765,18.753081,
166.887670,13.132681,
221.248133,22.704831,
198.402611,37.241997,
212.258378,0.877530,
264.474887,55.601363,
208.579332,20.158694,
187.341629,58.600095,
325.590619,26.960406,
211.927827,48.621062,
125.339433,14.544821,
198.885067,60.220627,
13.202754,32.192242,
130.614826,7.829532,
136.632815,22.656276,
184.880155,45.065340,
236.654686,12.475716,
9.549078,14.542458,
213.569432,10.139828,
37.062891,-4.328579,
6.887147,2.080897,
13.838872,6.564184,
133.190175,23.268469,
249.218446,15.582246,
23.918692,-8.867203,
260.740048,24.618669,
354.850939,7.626491,
240.012728,43.232266,
12.109851,29.585808,
216.665783,16.105256,
10.056765,5.046248,
202.213112,38.632131,
133.671524,46.499600,
230.697601,6.007233,
9.593901,-7.572844,
144.608506,25.722521,
26.569523,25.508645,
203.581373,12.455143,
138.403427,49.894822,
159.022770,33.157880,
115.896625,43.331994,
196.308260,16.560032,
126.252629,18.599170,
332.820618,29.320295,
144.358034,40.170750,
147.086689,14.526582,
209.763235,9.612796,
250.625684,45.587192,
187.721541,49.125043,
4.086424,23.741871,
164.376045,31.205206,
198.869119,31.295590,
36.390794,-5.133924,
201.418252,43.579729,
131.672724,2.215421,
157.604850,49.140476,
145.829761,13.522434,
147.476935,1.311650,
253.839633,19.648680,
153.265424,53.929561,
138.601405,42.555020,
335.282829,-0.815961,
148.289240,41.145229,
117.733224,30.505073,
129.144126,51.509406,
215.242321,37.852460,
30.128951,11.365489,
321.918061,5.864033,
186.212317,32.449091,
238.760612,20.056975,
231.189269,51.181797,
243.832314,58.661450,
2.126272,26.919347,
168.119083,1.321091,
14.479752,32.394478,
129.267655,23.724674,
340.352895,27.727389,
228.233443,-1.572337,
18.449987,33.142081,
193.015976,-0.049361,
132.958320,49.489107,
251.482811,44.039602,
147.512805,12.001131,
158.920654,61.843975,
4.373645,34.216365,
203.621000,33.320001,
214.943101,52.546237,
157.006233,28.009609,
322.431966,3.866196,
8.995127,31.767910,
331.138728,23.076780,
190.177678,27.094101,
36.352535,1.541600,
50.488730,-7.102414,
17.685563,1.830756,
349.181361,-1.087312,
197.740222,13.633250,
24.119115,0.679746,
180.116879,41.648722,
212.397138,-1.992957,
170.891362,41.533008,
134.545753,22.028065,
20.319860,25.021652,
198.698315,9.681525,
162.432983,41.854498,
154.416501,34.220623,
226.721059,3.753525,
38.907361,4.936073,
234.505964,6.959803,
208.776089,61.869404,
134.413016,9.025336,
214.982010,27.308740,
243.543208,56.894563,
17.759788,23.561919,
201.430560,-0.366529,
187.442965,2.478296,
27.703472,0.690605,
241.111175,21.356800,
148.385475,60.288441,
140.596543,44.774728,
227.096526,45.489437,
199.794342,37.724547,
29.261889,22.061970,
184.608928,56.441536,
117.051909,31.719487,
22.710345,10.140162,
24.373350,-2.205936,
235.353397,11.600033,
126.359987,47.258261,
29.607169,7.930172,
134.175598,22.449218,
242.488339,37.619950,
243.948710,15.576538,
22.709146,3.890697,
164.587409,20.349618,
124.834973,46.535146,
338.856804,18.366119,
351.816373,35.453203,
138.192346,51.176904,
9.313738,5.839664,
175.982130,8.725087,
337.852269,20.446114,
189.053777,48.951408,
167.142265,28.018080,
134.276136,33.629122,
32.277037,-7.224718,
134.610744,22.683346,
149.704906,28.792482,
13.100425,-3.152978,
176.288270,49.452303,
223.905293,47.043359,
359.344976,-10.858302,
197.287266,54.603350,
227.880578,50.371951,
173.494866,61.488484,
329.777096,-2.796837,
172.098505,36.436752,
155.356290,24.322040,
36.217502,-4.088771,
348.011930,-0.927142,
140.443807,37.902420,
58.745355,-5.463756,
165.919961,53.554323,
201.420528,23.572126,
257.645595,42.088963,
206.639609,58.419220,
140.449389,13.284145,
138.682905,49.854095,
27.123559,-0.517177,
116.344181,49.958481,
218.934867,40.057351,
208.559505,33.789012,
188.622806,7.952517,
139.278866,4.289962,
167.807087,41.395545,
344.896006,13.743060,
138.507202,58.362548,
125.579308,51.442405,
330.414769,30.552366,
238.722835,35.380500,
122.635165,34.185877,
149.384358,25.468247,
337.326050,-0.667668,
149.006193,4.726590,
157.212165,8.996642,
12.059557,-10.183412,
120.242335,45.175098,
335.427236,26.358022,
173.770933,39.966458,
16.282530,29.455011,
238.159158,26.813184,
131.317972,6.052659,
250.421645,40.917240,
317.328064,-7.360591,
220.070926,28.935763,
338.553999,-1.219346,
22.174716,21.185954,
163.792332,47.640830,
210.692721,44.836996,
331.396793,0.132326,
359.820255,-5.755362,
234.931189,45.785667,
31.070447,1.871091,
203.259190,58.671270,
23.276730,1.003528,
112.738020,25.844750,
30.498761,-1.833093,
221.016502,56.964277,
356.812125,21.956296,
242.135173,25.699211,
139.495932,-1.337689,
351.541424,28.693148,
195.385447,5.609764,
174.672714,-2.547605,
204.519359,60.763285,
145.621605,48.904288,
154.853074,48.663293,
20.810711,8.156999,
186.207917,6.488101,
11.355299,7.041702,
148.457910,23.128002,
137.446938,30.401007,
26.698071,22.742348,
175.734733,16.615153,
201.857306,30.691397,
249.881211,51.213141,
163.608253,23.254941,
178.113740,33.902118,
182.434823,33.765198,
31.360475,-3.359577,
165.828886,51.241587,
129.135154,28.028589,
6.141116,21.406099,
133.863299,43.266085,
115.779376,21.248720,
219.849456,37.919576,
186.954179,5.533870,
243.378637,27.249965,
125.746910,32.612256,
162.849251,43.946609,
332.297606,-8.971514,
137.790819,20.242346,
29.553485,-4.668250,
226.260358,1.950044,
128.688251,27.984542,
320.600280,7.622049,
254.645359,39.297559,
327.970713,25.085038,
232.294259,35.123064,
172.812311,36.043971,
155.819721,54.774040,
213.457062,20.687443,
216.373934,32.190090,
168.564928,16.867889,
231.936935,58.837184,
175.890598,27.670043,
25.712823,26.303230,
189.540648,41.541562,
154.525018,43.343686,
160.876941,-2.503497,
0.112583,3.120976,
131.236811,10.342633,
357.041462,2.506736,
3.137253,11.781248,
36.277859,-3.256149,
331.799107,31.157777,
246.559754,28.468229,
135.164166,14.954229,
322.885740,4.002123,
128.299306,6.434151,
343.022155,24.880565,
227.216662,49.764915,
243.307129,34.718180,
117.838322,47.270883,
198.401695,1.411392,
259.903457,30.126026,
171.225880,26.733517,
133.995869,0.962612,
190.744110,49.938783,
180.316981,29.417119,
118.066604,42.404314,
230.614806,37.535697,
248.641201,55.555584,
150.581930,53.903078,
151.049381,53.351712,
1.610613,-4.988735,
176.981506,-1.096842,
177.078989,30.106520,
134.027493,26.382681,
350.031255,29.338152,
180.791988,5.569835,
263.649934,56.968381,
132.038571,27.915153,
18.866777,-10.531758,
245.398554,39.914484,
58.028900,-6.737682,
346.233590,0.120115,
255.709936,43.163026,
220.559209,21.040605,
2.572862,25.714683,
10.948659,6.491366,
1.234395,17.088635,
153.757405,33.781090,
165.963141,49.576625,
30.733806,12.824448,
188.081758,11.164390,
40.667155,-8.181600,
170.481631,13.794285,
235.672495,34.369138,
246.265060,33.843480,
116.549195,17.275553,
178.461970,56.737165,
350.752136,2.642852,
178.493270,23.511465,
15.816545,18.588672,
170.050490,67.187778,
1.189193,18.450618,
207.072611,35.185053,
223.929228,44.390380,
14.096983,3.673828,
165.679646,0.789081,
53.053468,-5.641832,
146.113595,20.449475,
141.000353,2.735696,
240.951144,37.633406,
114.312840,24.806811,
33.376708,-4.826656,
161.825780,32.923023,
194.018854,22.900744,
3.095945,25.094369,
208.946400,38.204963,
132.760129,41.830972,
215.757529,50.353556,
261.253586,31.445185,
17.236806,-2.700435,
148.721023,31.930185,
221.935884,-2.735448,
123.228431,33.830613,
177.549105,51.988495,
133.424867,41.015881,
4.363958,25.708101,
347.082461,34.068988,
189.936185,65.396228,
114.430781,28.797246,
27.350843,17.081100,
206.454301,33.262285,
182.433359,4.841838,
10.932765,29.782416,
319.051870,4.805456,
330.785406,18.428100,
132.046689,10.568741,
33.848013,-2.338812,
14.491017,7.001639,
311.129698,-5.711027,
231.974196,6.171918,
338.389224,27.155278,
14.919758,28.389564,
172.967618,12.715654,
155.255405,11.931318,
134.866913,24.776546,
148.945422,31.701270,
214.387775,59.364259,
164.133388,43.015537,
40.408843,0.938898,
13.506509,27.406722,
33.937050,-4.227244,
221.975454,18.968082,
138.254236,42.395760,
205.951519,10.429108,
221.301871,50.348186,
229.116982,28.910980,
190.147845,64.631776,
261.285319,27.594234,
256.262943,34.845634,
147.933228,36.836685,
177.998610,1.344621,
162.948392,45.674913,
130.000940,34.490267,
142.720830,54.727405,
237.493453,46.243761,
178.940987,28.215467,
208.011994,9.159166,
210.184587,18.790346,
151.122550,47.252594,
194.285185,27.225168,
212.194304,47.861379,
196.825884,46.867292,
205.445805,5.880291,
232.167883,44.431107,
349.575514,5.265060,
160.613015,0.781027,
315.621780,-6.504379,
338.816035,19.369772,
167.602356,36.407095,
169.516627,4.369619,
114.806905,46.316266,
342.667389,24.881748,
172.253709,64.093676,
144.572185,41.353097,
192.216144,33.584994,
154.567296,16.970370,
344.457420,33.039618,
165.291064,25.461112,
234.908120,60.881687,
114.230934,27.669368,
36.071524,-9.430353,
192.174616,36.725237,
43.344935,-5.390858,
148.383509,8.186810,
22.692718,15.067851,
29.886990,-4.735716,
357.567252,33.976249,
23.928136,5.787541,
115.471857,28.484464,
196.004720,11.946009,
338.592490,27.366171,
257.768440,43.466411,
163.653424,7.217772,
144.428603,-0.684271,
137.639841,43.456288,
25.338372,-9.596876,
352.610826,29.663410,
14.188184,34.347426,
247.024203,47.737689,
15.945859,21.103849,
358.437517,4.377834,
212.518026,5.110069,
212.814776,39.954548,
6.125398,21.921293,
249.521081,43.220150,
2.495364,7.166982,
153.532937,31.398625,
359.373240,-3.376136,
171.553251,53.862663,
31.773840,-2.571206,
343.880451,-1.914781,
226.985253,42.163926,
237.270219,41.880488,
13.599552,10.815080,
124.674598,53.842596,
174.381415,26.234222,
18.563601,4.234643,
335.580333,23.971018,
20.954611,26.612076,
12.624980,35.436802,
322.533477,-1.932552,
208.605169,-0.232768,
336.245412,24.310347,
20.210322,5.786169,
237.946450,0.103769,
0.947787,13.211983,
35.435279,-2.987951,
233.504586,55.930952,
14.259438,26.979114,
162.904905,46.650351,
142.523352,54.446459,
15.423090,2.654886,
17.724964,2.661566,
231.675473,35.640222,
34.042940,-0.988766,
320.904215,9.668300,
238.643451,54.871975,
317.449130,1.093565,
124.279504,24.766221,
351.277575,15.658141,
243.986983,17.130954,
124.016146,47.583839,
22.231153,10.338556,
238.192249,35.737973,
141.116455,33.032007,
237.212775,44.578736,
19.335642,-1.060533,
329.339989,17.733584,
246.426876,53.683097,
238.559199,51.951234,
176.550391,0.351420,
7.539160,-9.039762,
28.133303,4.136757,
142.540491,-2.553506,
233.448563,39.640571,
222.288824,2.387298,
162.065950,8.252776,
32.312132,26.167497,
23.503871,1.669582,
150.676383,4.700431,
331.326459,25.423187,
205.635974,28.922073,
337.695007,24.933021,
243.404884,17.144321,
144.152572,18.951742,
214.814541,16.688813,
146.290164,63.050559,
218.445683,21.651588,
174.637876,46.121308,
240.004094,27.924834,
260.134494,55.225054,
142.978752,48.946072,
252.412416,34.944465,
43.463585,-4.060798,
189.787667,22.155223,
23.426497,25.004059,
257.510222,39.211540,
207.550816,14.125254,
209.421839,13.065246,
224.135457,40.185479,
196.859405,40.608312,
248.926548,48.025809,
153.190404,27.756716,
236.424185,46.377731,
126.237217,21.927626,
142.996077,25.434882,
212.337076,10.159812,
168.184801,56.544500,
212.782659,0.601992,
232.932926,20.632134,
259.892167,26.173561,
173.235775,17.351063,
118.761181,26.770110,
20.823093,-8.843801,
332.082476,28.785187,
4.591918,6.797285,
129.707077,6.226855,
20.714867,9.241065,
236.608540,58.353142,
188.935686,31.496762,
204.186142,3.677200,
185.348307,50.590535,
231.931166,38.832968,
147.826421,10.558464,
199.428088,13.088163,
318.556391,0.279349,
215.528622,44.709023,
132.093616,55.052498,
239.437034,53.569983,
160.585764,45.437358,
120.719269,40.899188,
157.691999,32.476020,
335.782188,23.660363,
251.545946,32.299241,
130.577467,36.438870,
198.544862,49.987173,
355.980189,30.528000,
208.982152,55.414646,
155.735985,37.338415,
150.116290,50.631513,
23.283626,12.489678,
127.213462,28.851919,
137.099386,37.121335,
200.609785,35.242244,
147.684135,28.727673,
5.227932,5.642803,
20.018697,0.344894,
21.734813,15.611896,
194.152329,10.229698,
214.253807,41.204204,
236.293123,34.104731,
154.845176,35.826056,
159.184063,6.340175,
219.694815,29.968847,
229.253824,34.105360,
335.471708,2.023847,
6.696035,4.662196,
145.361182,14.648528,
220.274916,7.073232,
126.256980,57.135486,
119.986050,34.234685,
119.488022,19.172649,
20.290968,15.585401,
213.350809,45.342438,
248.683323,1.177547,
242.895874,29.245041,
248.941001,25.990922,
204.396574,37.191603,
354.043335,17.749434,
357.624032,10.033309,
162.140391,60.146004,
169.737769,21.908948,
146.586944,33.796367,
8.790619,3.964163,
163.856829,28.317488,
203.210924,13.988915,
150.121406,37.734670,
217.391972,57.016660,
186.956264,31.556659,
3.635480,28.129142,
25.526114,27.575583,
204.361866,21.707583,
14.536609,-3.191370,
12.338782,8.217609,
199.132588,44.737725,
21.496709,0.307977,
352.616591,-1.335206,
135.315413,35.683208,
240.863337,37.268166,
244.602162,16.895251,
147.201408,32.917728,
209.679741,52.012061,
172.420116,25.634457,
212.277954,-1.289035,
141.220321,66.841436,
127.776220,32.287489,
117.350362,20.000140,
134.962795,18.917607,
199.841521,3.232938,
168.015747,58.743759,
177.754194,-1.153438,
187.329435,35.346748,
112.353469,25.042169,
16.849580,2.619780,
123.495998,56.999118,
195.713879,29.649750,
175.116046,30.795993,
138.418145,35.107374,
223.184113,1.165243,
7.853388,27.943803,
207.512131,0.001086,
234.353911,40.822964,
180.248766,31.650019,
20.919808,33.899653,
204.463528,27.239099,
179.078694,27.464700,
123.022471,16.131069,
143.649070,13.144535,
214.773721,49.088554,
222.990047,41.595015,
247.960306,14.191964,
252.460124,32.007241,
335.685749,10.017656,
22.902105,1.046861,
205.105464,15.910849,
172.282521,35.379617,
169.976583,58.985980,
331.002864,18.582249,
212.622969,11.823698,
229.392566,12.550729,
27.597954,4.693152,
197.472398,22.841894,
233.680653,36.129276,
213.909953,59.781994,
319.610286,3.103740,
7.259719,20.910302,
133.097174,37.336630,
165.190884,40.545053,
219.309484,-2.434847,
193.438534,38.316741,
247.057579,52.679678,
175.005435,52.591066,
338.285735,-9.982429,
29.745958,17.532352,
175.632575,25.060634,
222.371780,32.951576,
12.543034,14.496509,
6.912864,21.599990,
236.726661,18.913128,
341.549548,0.542459,
178.323665,23.476941,
210.454421,22.843253,
183.722405,18.899931,
181.553059,36.959738,
213.438540,57.941762,
212.638109,-2.673566,
1.975972,-1.081650,
342.592147,13.241970,
214.782609,30.716033,
154.222035,9.788230,
331.295672,28.333846,
29.885482,7.235692,
195.816383,56.901249,
199.054257,63.621396,
3.667697,25.676631,
350.521940,4.056118,
204.388751,59.106272,
183.988656,-2.250759,
145.250909,38.487423,
348.789198,29.812535,
147.716626,51.238688,
161.111597,26.588552,
148.899222,23.772535,
234.219565,52.900232,
251.059844,26.100870,
118.382672,27.070919,
10.556088,0.988249,
136.156360,35.188767,
348.723485,0.697639,
19.827469,22.875338,
152.529251,6.482790,
27.215392,9.679393,
261.239787,57.616957,
356.342481,15.204823,
239.636105,44.148161,
139.460308,8.305065,
140.216968,31.329968,
132.493033,35.565170,
148.247942,53.778931,
201.379177,36.400401,
179.680172,34.650617,
192.701335,39.860964,
184.806950,35.671174,
165.450772,31.768827,
171.984724,39.088657,
224.764843,56.375325,
214.667017,35.683918,
127.622358,12.632020,
180.028409,12.390423,
192.985418,1.880474,
222.636881,45.858506,
346.804959,1.418738,
344.053593,1.551606,
177.181215,17.249778,
214.022650,22.238686,
171.584104,21.756991,
197.649706,55.224623,
192.358206,27.442938,
230.336726,56.965390,
196.405581,28.501951,
321.282880,2.503548,
211.480686,41.934283,
258.351597,33.141647,
30.206130,13.474692,
143.774059,7.023865,
168.596353,48.997187,
174.374281,0.461560,
358.864217,14.386153,
211.692837,48.596398,
133.819640,43.675888,
157.412817,23.276730,
239.226969,25.542667,
189.638419,3.739348,
7.893688,-4.383440,
135.752896,30.150328,
343.195730,-1.003320,
113.031194,38.684555,
174.562392,35.356895,
191.521339,28.701034,
341.706160,-1.108870,
35.938037,-0.813094,
127.329859,58.572681,
172.795581,12.353494,
136.000424,34.018614,
340.272853,24.141291,
229.251687,41.309544,
129.650595,43.848141,
182.508113,6.191398,
148.587575,38.075627,
128.631691,36.337740,
18.391729,7.330304,
347.838475,0.303311,
339.371595,27.683478,
167.532723,38.208907,
22.295972,21.134113,
125.646006,10.635152,
212.724764,59.716020,
165.452782,8.368663,
235.178740,32.552023,
178.574813,4.822902,
343.790896,20.389721,
120.275530,49.619192,
245.045778,36.054456,
36.934705,3.942652,
330.499730,26.151083,
29.312034,-1.622541,
223.545904,10.454914,
9.996629,-2.776885,
337.728178,28.111295,
254.133496,48.438621,
20.313163,23.960859,
131.501538,7.073515,
20.056582,-2.151214,
227.370486,46.423815,
236.725592,55.669458,
12.971774,-8.679136,
155.037875,2.072552,
52.541510,0.143246,
33.096626,29.830861,
219.961890,18.857999,
37.140684,1.219044,
192.311313,67.625407,
232.794112,49.335093,
193.120415,5.909924,
16.276462,-10.058303,
332.321333,-1.844874,
224.454502,31.228498,
14.859988,6.490424,
201.235539,46.085995,
220.203785,44.260182,
11.056395,16.604884,
237.189373,9.063080,
148.507682,30.334235,
350.286118,1.198762,
15.798004,29.306235,
145.577909,16.372386,
138.476807,6.116497,
26.709785,9.293773,
187.471656,30.388191,
199.156523,31.209540,
155.973104,14.657415,
20.194057,-1.186167,
135.166850,38.955893,
225.939271,14.646289,
191.530589,11.750588,
212.873544,51.783820,
169.883962,10.006665,
193.234686,57.423237,
190.887682,17.352259,
14.811785,9.082256,
205.317274,5.888183,
223.783942,-0.752077,
244.154124,7.933895,
169.806076,26.023768,
217.383668,7.575860,
182.479703,38.541227,
26.511597,0.133082,
144.113448,12.929753,
147.385560,42.417979,
202.911232,5.409565,
204.211592,38.189292,
187.017866,59.841312,
40.382888,-5.527677,
157.335654,36.588710,
17.518826,22.282439,
179.033890,63.572877,
240.760861,39.482508,
11.909412,-1.997012,
233.122707,-0.362060,
188.812279,0.794643,
151.265265,-1.332814,
229.956523,1.384538,
193.159418,22.169466,
224.163046,49.837995,
57.315939,-5.478909,
129.123949,13.906339,
186.591091,39.219330,
156.905049,32.782675,
153.689807,26.934254,
152.662772,53.300994,
234.504879,1.796939,
175.273192,25.884973,
351.120488,14.782972,
227.637579,30.178104,
196.162156,66.171068,
178.426402,0.928121,
328.273354,3.671514,
34.473965,-4.963186,
243.707278,28.659576,
232.902474,37.778989,
221.441845,58.205995,
15.522573,-4.633358,
336.598809,19.594952,
337.016709,19.638367,
242.287001,14.336317,
343.981253,4.486240,
201.730907,12.782963,
134.346824,31.665233,
200.295274,9.695957,
215.346123,46.763326,
126.449728,14.615266,
129.706853,26.869153,
125.325997,23.859359,
130.772367,23.007027,
145.463324,21.915612,
183.441535,48.738733,
153.997868,40.516792,
191.759893,25.417030,
176.069823,11.003670,
220.814378,43.574526,
222.531112,11.261689,
202.539979,14.811118,
161.543152,62.960998,
119.832007,29.861685,
165.685093,37.020310,
35.998126,-8.319427,
29.706017,21.284230,
166.770812,64.896117,
251.575428,38.403727,
160.617949,39.701096,
162.248294,62.827766,
135.420363,41.043214,
209.623258,1.152400,
186.888921,63.721920,
7.408348,24.759678,
353.816894,10.227284,
220.654755,14.430520,
117.489614,38.255429,
154.513510,40.123396,
343.806889,24.741030,
191.759457,25.814089,
214.938314,28.978666,
165.446623,35.469214,
187.808240,7.028255,
182.415970,34.767019,
160.037158,52.955164,
17.283753,24.486478,
241.226250,34.878861,
177.051273,33.506805,
186.475183,13.040195,
29.303781,2.675396,
122.151541,36.756897,
164.091267,14.566966,
124.476407,29.600962,
165.300136,34.187306,
247.165499,8.970732,
169.244266,47.246423,
193.410341,27.611614,
115.976208,46.691723,
212.240483,42.346051,
20.274640,22.514366,
125.354638,17.416546,
242.690607,5.807095,
132.606085,44.548983,
171.602420,41.698812,
125.144853,25.818050,
196.955695,29.550953,
220.879874,27.410216,
24.345859,-0.296261,
117.225982,51.349848,
211.561945,-1.493825,
227.166178,38.506943,
224.402950,52.581846,
138.555378,15.115477,
129.407095,24.303370,
222.328206,35.030558,
352.968340,5.224910,
241.321811,17.408905,
146.810603,18.842455,
230.052370,5.644549,
193.118514,31.982685,
158.880472,46.907483,
136.032103,43.781010,
148.570529,17.854590,
138.355259,29.959505,
125.090029,33.698950,
134.502849,42.417484,
161.332212,53.471677,
173.808190,23.065136,
193.374972,34.533858,
242.493349,24.153489,
254.866681,25.589880,
31.644699,4.794752,
138.216169,59.266879,
177.208837,35.845053,
253.734713,36.258824,
152.709292,51.303923,
121.049706,41.360708,
223.036522,51.007352,
170.298856,9.120741,
318.683131,-0.925782,
230.634168,36.183071,
229.099645,53.931708,
243.157727,20.613760,
186.775362,40.369227,
136.816587,48.895290,
232.648729,53.962972,
349.279390,2.155981,
254.962674,35.222850,
212.012417,53.865072,
230.012075,51.303450,
28.284363,23.742075,
215.775571,-0.859645,
160.426470,9.525185,
166.084466,54.070307,
146.351084,45.126469,
179.157894,8.709919,
187.668622,39.579284,
357.572202,30.894347,
221.554804,35.046164,
132.898390,1.216831,
234.238003,24.418513,
129.829311,45.098815,
8.588305,17.900369,
332.857538,18.007150,
26.772632,-0.696946,
131.182402,53.571316,
19.405157,-5.020743,
28.913812,5.927391,
2.869432,20.353480,
191.112572,36.152239,
128.876071,16.137432,
32.874849,31.506837,
164.236932,6.422271,
20.646422,-0.780399,
18.246061,-3.963990,
167.737742,38.717133,
330.435880,30.190576,
329.039798,28.007930,
187.228997,35.666042,
149.326144,2.713952,
185.046842,24.971640,
160.579567,45.847320,
248.365213,30.821501,
188.518680,-2.678191,
184.298154,23.932966,
332.039261,-9.457544,
124.517803,42.526894,
333.036817,12.233235,
42.539755,-1.133758,
254.540350,39.904237,
157.136600,65.046599,
138.294336,28.918928,
130.402765,24.268829,
174.115985,55.309116,
28.081178,24.455640,
25.236401,1.912129,
38.535662,-0.458301,
3.764587,24.555058,
228.706540,43.534844,
170.330849,35.486981,
222.926935,46.230946,
157.010440,32.820938,
344.186747,17.697445,
240.491115,32.352409,
200.524979,54.319594,
316.960208,-0.410147,
154.973844,38.040886,
200.338697,29.765408,
347.485407,32.881870,
349.444606,23.164881,
197.707008,36.012965,
250.586212,35.259766,
139.927253,6.995656,
131.980884,21.692645,
174.621069,20.819600,
117.149592,51.434926,
142.875444,49.352288,
205.377867,33.753415,
183.887495,18.389767,
192.730533,13.116934,
144.199108,50.221933,
141.321844,53.241618,
338.768510,0.922123,
221.431156,52.637770,
147.261804,41.680616,
227.325625,28.223101,
202.518571,30.557814,
132.090986,22.041691,
225.021793,14.218785,
19.050245,12.466175,
212.992673,49.493226,
116.511490,25.272150,
185.200961,10.445461,
158.206173,60.807293,
18.542918,20.775617,
141.181808,33.586582,
160.746961,9.752978,
213.658526,37.565880,
166.441632,28.998921,
15.350658,15.811296,
5.568179,28.565244,
169.397864,42.136443,
163.113988,49.839493,
25.322082,-1.520675,
120.962661,48.799756,
239.726462,13.458635,
219.611770,59.605794,
18.095707,33.270014,
19.012721,31.423969,
192.072503,37.521043,
229.449636,53.745378,
43.340697,-2.277600,
0.243626,10.446528,
33.565096,32.063976,
4.385032,-4.813541,
6.547137,6.808019,
186.568126,56.455729,
18.745843,22.647153,
341.519383,2.894874,
349.577977,-10.473611,
14.532733,8.296629,
169.438503,23.209466,
10.036106,29.403768,
251.002164,27.969107,
191.902766,45.829698,
199.027341,61.382669,
170.076256,64.125162,
188.393960,18.694119,
128.066676,47.401486,
8.514811,24.386451,
120.028349,33.543858,
356.260959,11.816435,
40.309507,-3.176279,
240.412186,47.250903,
195.017228,18.142347,
359.233732,8.369549,
31.735414,13.745632,
335.885719,30.299858,
182.837652,15.573999,
214.284873,42.417456,
128.742655,24.779818,
229.126991,49.550992,
311.365433,-0.543401,
131.601751,46.771326,
358.343540,33.486304,
172.635274,45.987180,
165.491172,53.872064,
354.619367,20.766205,
161.013468,23.927912,
215.335410,15.429772,
231.917949,50.690251,
121.402180,27.758738,
157.992525,60.485057,
138.971177,41.407392,
200.013121,57.153159,
126.012843,48.875716,
31.726584,0.323043,
136.583053,35.745980,
221.740845,51.559607,
9.916523,15.455660,
171.863083,44.914184,
128.459217,15.903327,
31.714434,-9.694839,
12.748940,-3.267581,
254.714413,22.364181,
2.167485,10.933159,
166.195632,28.325321,
149.949510,53.035896,
167.210567,64.590703,
19.198528,1.246986,
349.093178,15.905099,
24.608995,27.065108,
224.921232,8.503343,
122.368718,9.036088,
153.899490,27.877259,
319.207522,0.183359,
353.035335,9.957786,
233.458800,7.030658,
359.841639,28.924450,
131.909229,26.260855,
10.132942,-5.542312,
224.814520,41.321166,
189.882760,52.454055,
205.758344,15.541701,
7.706825,30.824937,
211.464879,53.869483,
336.958129,17.968147,
154.292764,42.623059,
353.369182,17.564082,
326.260553,-1.966483,
129.274910,33.281505,
191.571652,14.067507,
49.606765,-7.934185,
180.276339,3.566888,
236.021808,14.582014,
6.065527,0.254997,
154.327330,45.748622,
332.653045,7.340475,
194.245357,46.604678,
352.649632,7.709421,
212.772504,50.532746,
23.428682,23.552141,
230.759663,46.000455,
163.647401,28.053108,
166.112862,5.813444,
328.839384,27.858058,
250.351485,22.120879,
28.736366,-2.864188,
2.584348,-10.516428,
214.463132,51.066506,
243.470829,17.801129,
357.146390,32.324511,
135.618739,2.063482,
342.030615,30.049284,
13.596089,-0.124992,
29.052453,25.527608,
171.895815,38.870919,
194.791994,45.597875,
242.436038,39.776580,
141.848455,22.946651,
202.635994,22.401569,
171.001767,6.747989,
246.550703,14.508063,
24.118736,-0.671760,
209.628903,9.991279,
171.627612,26.832664,
203.300522,22.471957,
133.960476,3.998370,
218.650565,12.910941,
133.292892,50.545168,
153.534786,4.029190,
127.072483,32.087119,
332.598975,30.752187,
201.960262,48.504323,
163.051371,9.752414,
340.044206,31.773370,
203.059256,65.070974,
150.815447,13.613549,
193.840636,58.424034,
116.958139,23.731940,
161.771175,59.124568,
253.987311,41.905703,
228.690998,41.636731,
228.706960,48.631802,
111.949869,38.838698,
172.544101,4.191125,
140.624577,33.702079,
174.035561,25.056141,
238.386244,12.947704,
159.853404,10.533655,
23.824628,3.492721,
346.109649,4.195329,
169.372265,44.419989,
197.445509,51.420728,
141.797595,15.935585,
1.333410,3.794538,
202.548181,61.918202,
45.131429,0.642291,
184.021240,17.089638,
137.309611,24.561273,
143.558663,-0.434638,
324.869568,-3.179221,
235.138407,33.732554,
180.072098,59.086160,
238.965226,35.234554,
165.465315,41.397818,
336.887196,1.153432,
191.408131,44.528013,
121.452176,19.239819,
239.079203,30.086462,
245.400901,47.609382,
38.464795,-4.096439,
229.259097,16.629902,
146.045614,2.431454,
199.911027,33.619845,
177.965395,22.703016,
205.005177,57.655706,
187.797135,2.156689,
180.618525,17.356006,
191.676782,46.544334,
179.581334,4.100241,
170.739604,64.490142,
141.872135,28.470404,
200.204930,-1.516965,
130.659905,0.736666,
201.747422,41.261894,
162.276287,63.168142,
353.670117,14.815166,
232.875573,58.486902,
2.568438,29.364419,
214.973343,57.845783,
136.525525,25.145450,
201.310494,55.145530,
195.528578,14.335203,
219.137590,16.344815,
336.019009,0.809694,
177.412138,63.961579,
31.236844,2.861949,
248.902453,14.977996,
15.416441,20.176740,
186.324366,46.190794,
204.966438,48.280902,
2.620207,1.911232,
142.967525,48.424851,
179.324771,56.335834,
124.632214,36.387707,
184.881096,3.494439,
163.304473,45.392896,
316.646330,6.032922,
220.620480,60.275298,
250.802041,39.111856,
155.589244,37.222322,
212.474098,30.768150,
133.164153,47.554651,
15.851547,31.536607,
172.890412,57.760320,
230.420598,23.996572,
240.682973,17.751101,
156.353475,32.180458,
11.976975,22.562582,
253.732723,46.680489,
16.264955,8.271959,
155.027066,53.581496,
16.776467,34.467980,
355.507099,29.116904,
263.054987,57.252777,
155.193130,29.802131,
224.638611,37.678519,
30.324542,-7.818114,
359.052230,27.147489,
153.126924,57.966600,
167.143320,42.850365,
162.843297,38.587630,
124.781979,35.966873,
23.906595,30.080852,
25.929778,14.803371,
232.810894,45.818263,
159.341500,46.314539,
242.093921,22.254785,
199.489358,8.678480,
250.337594,49.194433,
235.910362,43.857365,
196.925261,51.510308,
210.005629,39.646535,
6.894066,-4.355493,
173.246106,44.581083,
154.012502,44.100193,
208.531218,22.953096,
148.859361,1.780966,
181.300072,44.373998,
17.535957,14.526697,
245.344531,15.320840,
350.912213,33.943342,
159.889732,24.107931,
358.022193,4.235547,
317.528422,-5.588346,
44.464779,0.345980,
155.464930,0.696468,
27.862652,2.155342,
164.159058,53.303680,
10.168755,-2.170195,
202.566142,15.931162,
170.289009,-1.214871,
129.974851,38.203242,
196.783736,42.146708,
200.567692,5.412872,
233.383975,43.051553,
31.715891,21.248132,
242.854622,5.003508,
203.234114,51.886932,
24.839699,32.652701,
195.898108,5.629712,
247.333046,23.322210,
190.044076,32.680582,
199.063415,58.105660,
144.196347,42.740627,
126.820217,49.092795,
121.417773,55.430345,
227.550526,10.790664,
339.025062,2.454177,
223.030554,30.612959,
144.612398,49.452682,
121.158186,46.832815,
177.093429,38.005513,
208.146207,-3.211167,
169.477376,34.399002,
165.815769,51.096388,
205.625912,50.700342,
139.190351,40.728122,
196.429183,33.821961,
198.044294,63.555493,
338.048111,29.973656,
150.852350,2.308701,
212.681762,63.166206,
0.168100,9.919213,
184.172494,-2.878619,
114.935981,29.686541,
7.809196,21.655851,
136.086709,59.583186,
25.038993,2.111779,
353.858978,23.716732,
230.593859,37.628661,
227.266052,24.313977,
359.095388,4.312039,
205.466091,38.723637,
190.228801,54.614504,
158.799478,27.270761,
30.026348,22.102593,
2.013788,3.275878,
251.828606,40.553032,
252.924151,22.699715,
335.067741,2.115691,
121.474176,27.005903,
220.710969,38.904120,
8.228685,6.938634,
21.329429,4.110079,
140.958673,57.062801,
340.514321,21.620216,
337.560794,10.343092,
187.210626,25.464977,
125.000792,53.353990,
125.036391,7.986961,
23.630558,23.709684,
161.966190,4.619444,
162.718647,-1.395657,
197.258564,17.242252,
50.695091,-0.863593,
227.104577,18.281810,
238.626779,37.329384,
25.453268,16.375243,
182.169560,11.727977,
214.690664,31.221653,
228.884962,46.608860,
187.289734,7.760742,
7.345825,1.129790,
202.896671,-1.741734,
125.128524,20.715590,
180.027203,65.211726,
179.729656,40.378050,
49.656106,0.922152,
10.337734,11.520330,
134.680720,55.988847,
154.724292,42.004703,
244.971837,35.222736,
242.263660,52.991778,
171.288943,6.237257,
321.330393,-1.481002,
222.714066,12.210240,
248.029164,51.362099,
12.885827,0.976350,
204.409147,54.287655,
345.606241,-8.365022,
182.092738,30.406645,
231.712733,16.271778,
193.579462,36.464007,
149.715323,51.179390,
236.413968,31.186273,
159.912256,57.689074,
195.071766,58.265503,
0.294349,-9.978473,
326.274617,27.684290,
241.744691,46.400438,
120.641010,43.734587,
357.723122,-0.802844,
309.249876,1.086359,
164.043926,65.663195,
351.668293,20.873232,
162.404853,35.113578,
329.763295,2.950296,
34.956329,-2.706394,
232.927398,1.553206,
139.971031,22.630807,
359.438191,23.827216,
185.239021,58.425277,
24.934419,-4.480633,
166.221406,35.149130,
158.523782,29.562931,
3.230579,6.856323,
249.333704,31.740563,
138.525464,32.107860,
171.349225,13.934992,
129.090950,60.464567,
174.819978,2.051675,
250.123462,39.779455,
23.303468,-1.436936,
211.713234,42.035045,
149.812143,13.277645,
328.545698,9.136532,
185.242273,33.046322,
19.763827,1.480908,
124.891186,5.839415,
231.493896,18.237813,
210.254728,13.309375,
16.275421,21.054284,
202.246581,38.061316,
169.599794,27.521035,
182.323205,20.038534,
195.936401,40.014851,
243.639051,5.895417,
172.999088,59.703750,
171.492814,12.271163,
177.975038,53.613404,
121.806197,55.218997,
166.874658,28.507064,
168.619589,29.629763,
248.004647,37.630553,
180.528340,37.155431,
188.414125,47.081991,
116.860648,32.015729,
162.044614,5.564678,
152.672085,55.352129,
4.417720,-6.064282,
173.845358,25.499329,
138.810065,21.094155,
132.853624,52.067340,
247.886859,42.263259,
154.017761,0.203586,
248.064062,25.015235,
331.501703,1.396144,
112.103335,41.599562,
173.764327,11.434154,
40.662800,-3.327402,
133.502654,55.337099,
178.935276,35.937024,
204.310998,65.708628,
225.055553,1.469510,
153.216714,53.963062,
166.187363,11.544996,
134.682396,16.404174,
235.665670,47.662024,
157.585664,33.766199,
241.312602,30.037331,
196.770726,20.754971,
156.961643,32.871417,
241.600581,40.489142,
336.828082,15.054921,
61.543253,-5.249010,
189.198833,6.013447,
242.687879,54.603415,
216.895030,35.428729,
141.855140,28.825796,
150.043281,25.499964,
154.515764,55.386165,
184.409239,33.923866,
322.857185,6.147774,
11.188121,17.714071,
124.073237,43.829720,
162.865830,0.646693,
152.611292,25.628920,
211.248170,50.997635,
166.873237,27.133554,
41.793950,-3.818896,
332.274169,15.793093,
125.889457,58.203072,
209.230797,52.639006,
172.572391,7.536926,
200.741307,56.785406,
193.983915,40.230307,
352.010281,14.748824,
222.334393,55.574848,
197.685569,33.116979,
126.524899,35.550592,
155.613051,40.239427,
165.324122,26.806866,
133.947237,42.839159,
168.034987,33.469655,
172.222471,65.782163,
129.304572,20.970265,
152.147411,44.884893,
213.541089,55.520589,
137.860601,16.526105,
175.451001,41.898626,
152.347425,39.790951,
62.480941,-5.236819,
328.657467,27.539855,
248.647982,35.300935,
115.950056,21.763476,
232.572834,48.093460,
222.911777,8.794682,
176.012750,10.789408,
224.909618,60.368812,
333.579100,7.259831,
30.486035,6.557456,
176.994877,30.241188,
249.272406,12.556100,
353.637964,1.953591,
0.461052,3.768529,
141.405780,38.010137,
219.339550,28.803817,
338.624385,31.988998,
169.542582,41.577196,
165.995433,31.087743,
10.363427,17.290327,
335.692096,22.042067,
16.522328,-0.997458,
237.746034,37.122922,
149.066465,49.321564,
344.815819,1.278472,
135.620553,57.892054,
8.130245,-3.590733,
253.441010,25.819927,
211.024154,30.210200,
244.005810,11.033837,
248.436628,17.133486,
17.110979,32.409884,
221.451154,7.882239,
214.448501,6.314418,
337.363475,22.539144,
242.895139,29.692188,
139.976706,37.344289,
136.017267,5.932625,
317.946072,9.594422,
234.189427,45.383920,
148.014775,17.630174,
137.674287,37.524048,
250.630510,30.265908,
156.986357,41.024096,
6.139967,-3.284443,
164.866671,21.963321,
33.297559,-8.055853,
27.577173,-9.665555,
190.119967,27.375057,
129.356433,32.440785,
1.353461,-8.750802,
214.364139,44.528978,
185.084175,27.964808,
254.386876,21.616666,
346.648758,-9.917847,
23.732616,28.878888,
243.439428,34.482060,
208.525232,42.229979,
15.780218,32.614893,
25.547104,10.454648,
129.525965,8.137384,
196.219075,2.656927,
212.226158,54.400290,
195.538718,58.747629,
244.692252,24.416111,
26.280603,3.125357,
172.542859,27.327290,
359.994688,0.562592,
334.122232,0.394563,
201.751671,25.132847,
29.221539,-0.773134,
333.744403,31.815167,
359.138551,26.090945,
15.611607,14.127932,
3.504274,4.799048,
29.791919,1.087363,
196.640579,38.087985,
154.149778,2.923981,
43.457817,2.183469,
177.296631,10.314380,
210.050194,17.333754,
170.692798,38.764153,
184.476955,47.106774,
196.992461,42.693229,
31.843995,13.772903,
239.364627,54.540371,
204.317947,26.770349,
123.362822,45.475856,
14.323948,6.268365,
202.791070,12.882993,
253.150312,43.186980,
168.206182,43.721553,
198.293896,52.427489,
122.838068,25.655899,
162.804715,28.357890,
342.705183,24.975198,
353.220096,-1.420634,
233.888398,6.975824,
191.701876,40.915261,
142.865531,42.522401,
30.408320,15.312004,
15.634885,31.498412,
179.477679,31.526530,
334.627543,3.755750,
258.681048,38.580292,
228.983902,45.596793,
237.863801,48.180788,
21.052175,-4.314316,
31.217026,12.823492,
42.756232,-2.085880,
178.244837,29.504197,
156.407071,21.252532,
338.962398,26.293791,
131.226015,6.785770,
259.021105,31.686340,
216.697795,40.214122,
189.447411,61.821822,
139.344905,9.483192,
198.886885,62.461977,
33.174805,31.643145,
157.038576,38.794171,
182.859004,62.317863,
152.444238,41.858415,
153.886462,56.368542,
175.046466,23.155624,
240.422200,35.567566,
160.487925,33.675370,
196.170843,23.893790,
221.570611,51.617289,
1.138410,19.074252,
159.274631,5.808984,
348.488240,-0.915910,
188.120528,47.921821,
225.962925,42.521237,
327.390629,29.567922,
125.808685,46.119623,
21.305087,-3.419146,
32.395888,7.787242,
209.311335,5.443983,
202.912633,10.093453,
252.148855,31.532276,
252.302581,40.871909,
124.047219,32.121869,
205.446390,54.204126,
218.827651,42.821598,
232.609837,11.927342,
226.821397,58.811303,
255.465587,59.372708,
127.627762,46.519948,
120.846853,43.724946,
161.450321,25.065546,
8.675628,27.117411,
25.907016,12.062332,
202.262505,51.614484,
156.579085,56.547037,
195.787259,33.944614,
10.314696,20.813386,
143.216229,53.202315,
23.235416,3.330012,
229.424463,6.556520,
144.605628,27.895393,
240.527087,44.955972,
24.344513,-4.229676,
130.551969,22.908975,
311.787785,-6.999114,
208.514026,61.698714,
359.683401,15.854498,
14.467665,4.305897,
151.674100,25.519589,
167.623211,28.727768,
162.716409,43.304935,
239.188775,38.131342,
49.208146,-0.348729,
192.005807,14.441959,
26.272107,20.429463,
137.863642,32.893590,
209.927778,50.772214,
125.442315,23.120382,
12.304412,20.497038,
241.625383,49.288912,
241.499775,39.195102,
186.248330,46.087515,
185.593953,4.221042,
208.367874,37.889856,
163.103039,54.814322,
217.994513,15.121062,
358.610820,25.647132,
153.402983,33.242257,
141.314770,45.335307,
129.301956,42.496391,
145.897822,41.186539,
168.686240,58.964275,
251.307906,40.939355,
258.412355,36.282108,
230.671927,48.135666,
197.650443,54.496681,
187.154297,50.546649,
209.827610,14.459820,
241.818403,12.528434,
249.993047,20.789821,
177.644427,23.598006,
2.186263,0.430721,
231.853348,-2.182042,
130.790272,24.266455,
217.463335,3.770084,
352.084930,0.377289,
174.263303,10.720033,
120.656682,34.079533,
262.365286,34.417095,
10.227183,35.091864,
133.350821,48.980756,
11.451377,5.408169,
200.122254,38.274814,
154.087256,58.521599,
2.351742,-2.779770,
140.424671,40.457387,
345.256669,24.452817,
165.055375,35.469585,
335.607214,4.342526,
193.779703,63.739934,
345.280555,5.952976,
334.678616,21.911367,
180.508089,51.846771,
348.753404,-0.308699,
14.678439,1.588022,
8.022407,-4.237839,
174.892374,60.534360,
157.069518,65.322852,
2.246029,-2.345540,
355.350572,20.403064,
146.508114,60.651407,
164.931039,2.738402,
133.467962,31.120109,
352.590837,15.109965,
355.432553,0.052705,
176.791257,25.295753,
5.000876,13.252611,
175.767848,24.720555,
357.660670,35.265228,
344.187946,-0.997293,
166.896913,17.958743,
336.973142,24.657981,
174.776671,44.900685,
174.000949,21.475244,
45.953717,-8.391976,
232.011735,33.782093,
184.834447,1.126714,
135.223656,5.737457,
9.844877,-0.736084,
239.681889,22.312881,
199.992622,42.314547,
233.473462,29.144042,
195.538941,36.736395,
213.351150,53.090820,
31.154115,14.551352,
161.189525,57.382682,
27.782335,31.607991,
248.331819,50.677249,
141.979599,46.725369,
171.019283,20.872987,
6.643612,27.670984,
212.713833,20.020697,
244.046115,43.613767,
12.780978,-2.081844,
346.037534,23.340504,
199.304376,26.356273,
258.692445,40.132137,
340.790434,12.940883,
158.992520,31.372848,
167.191146,59.793787,
127.025788,6.602313,
246.635805,13.377817,
165.809680,9.345114,
28.642506,17.537967,
132.175552,1.012313,
214.512113,50.282350,
147.102107,3.437310,
335.660488,7.000958,
13.141818,28.423014,
326.106793,2.266108,
184.417024,68.580813,
116.214030,29.335008,
179.384457,1.835315,
131.691198,45.186339,
155.762832,30.729295,
246.414148,40.446698,
144.875441,30.580835,
39.584317,-3.357226,
200.008434,14.852380,
351.017216,2.359355,
17.367055,11.515097,
150.332939,46.858096,
208.691801,40.879568,
201.584293,55.399867,
355.530312,41.891002,
191.862500,18.949642,
30.722788,4.142212,
112.737447,41.516048,
349.244364,0.674653,
10.964749,1.513753,
190.760059,44.915751,
140.752792,7.852284,
196.136345,58.299402,
333.383980,2.389592,
352.956182,0.122077,
121.499127,16.692228,
189.397560,21.423820,
240.205407,41.421278,
219.921934,31.617100,
138.052833,9.756680,
226.935242,42.158501,
258.928004,38.885764,
120.198271,10.441390,
28.151596,20.294987,
356.838096,24.103509,
126.527830,9.418582,
202.811968,23.648479,
202.088710,48.437364,
116.106882,26.533907,
149.719696,-0.798364,
116.914624,38.383734,
136.604025,3.522982,
233.249012,24.657017,
1.484498,-3.759839,
10.925768,18.242195,
336.438492,3.448622,
156.183440,34.704474,
31.987517,22.414147,
240.398759,22.034458,
332.247843,4.148510,
320.010038,-6.352244,
351.159955,22.777355,
342.666544,1.729192,
191.948707,17.175653,
161.506137,51.890777,
176.657966,1.027258,
142.146915,48.751341,
116.233824,28.476961,
204.195512,-0.987288,
235.262588,17.391838,
204.445676,23.395551,
217.479324,5.307321,
113.288658,21.617538,
194.116284,21.901631,
205.388523,63.740629,
221.484332,36.996360,
221.450579,35.827243,
177.162179,39.412865,
240.704880,10.727646,
176.338845,4.924096,
41.943889,3.148118,
337.893268,0.614706,
121.842616,20.460170,
40.396916,3.930866,
134.623892,34.736910,
171.678776,12.390256,
170.104549,3.420878,
223.896790,10.755958,
130.698026,13.333864,
8.042209,12.054309,
351.118450,15.282954,
7.160435,20.324886,
225.148626,33.515596,
158.393552,0.297305,
172.867037,28.065306,
152.772413,38.835410,
140.467395,42.756225,
123.440636,53.801423,
158.359564,48.387475,
3.867720,2.030027,
30.946177,-1.514674,
184.443319,13.522356,
139.864864,0.277167,
31.036095,27.619825,
241.002009,22.731868,
131.289741,22.344916,
144.624722,8.335663,
127.318870,22.666750,
2.372853,5.809463,
209.058107,17.524172,
209.880475,41.844963,
145.912779,16.030715,
173.958917,49.321741,
357.419921,22.518271,
160.828685,0.796472,
24.145601,-5.761659,
205.750740,28.735420,
173.723035,1.663122,
244.684619,49.016752,
197.006167,36.091800,
125.937054,21.662896,
142.272950,52.080381,
217.786872,-0.253081,
212.245657,31.023052,
226.306550,41.870941,
132.456225,16.441729,
207.845851,33.588230,
238.421392,19.891491,
175.709430,47.094946,
148.673652,15.688025,
5.468762,25.736070,
151.715862,34.629095,
171.234442,9.146900,
1.393683,-8.930064,
9.206734,-11.158261,
162.118783,55.441669,
341.891309,-8.719876,
177.274071,49.023652,
11.446592,11.816785,
199.285362,15.025884,
2.761805,34.414343,
123.216443,20.123200,
21.435479,-4.573392,
28.718025,-8.682927,
355.874078,27.521737,
189.886541,-0.643950,
192.282894,40.556015,
133.603326,39.841637,
232.813426,12.414090,
206.353207,9.846899,
17.940876,24.152125,
144.441571,40.742188,
219.074234,35.623934,
251.072368,34.381755,
213.355015,29.144035,
116.979060,19.147785,
182.976264,25.005152,
148.060566,52.694489,
118.066575,45.966371,
352.682659,21.760211,
191.407655,22.189135,
139.531187,25.210707,
167.622119,4.751433,
20.018341,12.329415,
191.712355,-1.430468,
355.658400,23.892227,
199.234795,49.466420,
214.166840,17.199021,
254.929705,49.047242,
156.401702,35.664258,
175.671230,16.459879,
157.309189,59.560274,
188.219915,33.069716,
214.318142,24.120588,
127.187845,2.058609,
168.353984,13.106651,
169.936445,33.375267,
190.125520,27.951615,
162.864148,33.756132,
228.490719,26.777805,
137.153598,40.590334,
156.561860,30.146513,
139.243497,45.578101,
198.337508,54.571230,
169.245143,64.892361,
231.873630,15.305843,
137.251784,10.993005,
124.682232,49.544457,
15.376083,3.306136,
182.866208,50.636108,
178.414835,26.081701,
243.692030,39.939414,
0.742434,4.712857,
358.573885,13.969936,
176.537991,13.177441,
117.263523,45.348224,
170.532313,31.938566,
169.139310,60.507116,
328.551125,29.315275,
124.541472,10.007524,
224.572267,53.874922,
130.784089,36.410998,
179.706758,37.461128,
181.439272,5.609606,
194.268414,9.656988,
16.301838,21.917176,
128.143436,58.929922,
14.220018,16.282324,
5.251092,34.048820,
212.738699,36.743398,
355.197558,2.337454,
234.688177,47.140990,
161.875614,46.473659,
251.109956,40.707554,
135.698221,30.689110,
186.529387,33.766569,
256.702079,21.488372,
188.136302,4.915541,
6.620665,31.371282,
132.197949,5.107930,
253.548435,28.676762,
112.497535,26.769864,
214.915515,30.266636,
152.289872,51.238478,
189.552781,20.082348,
137.160782,32.727022,
214.201813,12.302398,
246.249929,14.601819,
330.775548,2.858322,
340.293801,25.440445,
24.670175,-0.487476,
327.346692,-2.943041,
217.784945,36.295654,
202.591151,15.641941,
250.043892,51.679358,
220.418472,26.251408,
250.879088,36.843886,
171.830878,36.199825,
197.278841,-2.487924,
133.224193,13.618249,
165.951381,65.487409,
130.163654,52.918015,
39.806683,-1.304486,
178.721486,-1.589246,
240.409833,3.312505,
121.514537,47.468626,
164.536900,61.767452,
214.952630,32.454798,
173.612860,10.020275,
174.078635,57.280539,
193.366080,60.379371,
195.500479,36.897215,
250.521442,46.373898,
341.215200,4.233604,
324.450112,3.103728,
195.856136,3.223281,
173.921297,45.678570,
195.290821,34.253028,
149.943963,10.123417,
200.654747,28.514204,
24.233578,10.499594,
125.919264,19.060753,
240.813674,38.691089,
219.621189,55.225336,
204.352893,31.881817,
151.539022,29.190084,
53.488385,-0.185034,
146.583133,5.659059,
225.979019,20.150382,
338.995790,32.522244,
15.650307,10.486263,
222.473249,37.889983,
139.560958,32.575376,
114.149932,40.793041,
24.205699,28.239416,
166.741032,34.002975,
202.596200,41.780443,
217.061854,51.646215,
126.583097,57.301767,
215.040003,46.308681,
350.667578,13.708912,
340.690449,13.811249,
230.204013,2.762133,
237.950049,46.545577,
246.567013,16.078423,
209.056165,10.614652,
355.309274,-10.474700,
115.218842,42.659876,
152.968753,64.199406,
118.812785,18.982454,
352.710890,-1.281415,
160.632174,17.306346,
204.560642,20.041019,
19.063716,15.454472,
319.078688,4.858063,
169.521916,51.582039,
354.649745,2.784932,
168.108161,51.313660,
141.758450,43.673298,
16.154569,8.716815,
28.071509,1.985836,
203.129881,3.991131,
24.836482,-10.446827,
167.394478,41.666540,
16.207947,19.684416,
166.043966,57.227144,
121.721625,34.140397,
130.885012,38.051783,
170.491783,3.085983,
242.101644,23.246489,
219.903770,37.408067,
318.932044,2.106542,
150.229008,26.378454,
172.517830,34.378536,
46.721885,-7.061638,
166.599987,17.914626,
143.615943,55.084464,
170.353719,16.021852,
160.917742,6.297549,
131.977478,61.938568,
220.574279,46.802666,
357.051590,0.494348,
132.905523,24.643642,
187.625577,52.057703,
218.215762,21.724439,
247.910095,50.152190,
227.704358,16.444288,
218.788529,36.759112,
184.905299,52.050788,
223.428562,23.566751,
139.238596,-0.176804,
223.635597,34.589986,
190.742388,55.636019,
27.135525,13.272824,
226.069120,10.425921,
204.596057,0.269973,
12.101715,0.902475,
196.002174,21.641231,
138.052626,20.100435,
358.297966,-0.207255,
136.303870,9.321690,
219.110518,25.024367,
138.653696,7.816483,
186.003291,0.988877,
183.726441,37.305874,
254.608343,44.970685,
231.646712,51.810569,
236.476743,2.329016,
152.065318,8.984916,
118.457445,24.006791,
174.690953,52.428696,
157.046700,17.015666,
182.479622,60.974950,
240.767185,36.509737,
240.106237,47.845016,
19.139853,3.854391,
182.359566,41.679360,
114.770734,20.344423,
185.197765,51.446414,
177.155438,55.720492,
5.426641,6.011427,
159.363172,27.115010,
9.837649,34.225388,
129.304780,19.314211,
13.128708,9.010763,
347.170900,28.994848,
209.958713,21.196425,
246.652298,53.878670,
208.371446,58.050809,
24.388786,29.911431,
7.705140,-9.026053,
174.877663,-2.480582,
26.190337,1.310801,
8.125203,19.408882,
25.733785,27.176958,
175.054477,51.995829,
215.188941,8.725578,
351.444635,0.936320,
194.837710,46.755704,
353.618244,20.183240,
144.942597,3.296500,
50.074422,0.113277,
212.614931,22.284070,
129.011431,22.232636,
349.573237,12.040837,
169.275691,49.485329,
216.427795,19.778242,
341.337313,14.832680,
256.942073,32.949730,
337.156684,3.396571,
246.261660,19.468966,
121.079375,42.663361,
4.586125,25.793848,
356.945875,13.901416,
231.947846,6.593776,
334.132829,20.412082,
156.334482,28.887539,
335.585140,1.956486,
193.900986,56.833335,
23.529093,25.322165,
155.995721,1.882193,
146.922249,36.083147,
344.553697,2.206423,
179.263291,11.851732,
134.829838,49.105301,
209.329514,1.284840,
198.430543,26.912889,
230.270999,19.508628,
129.887871,36.182031,
244.569290,14.123640,
179.216578,3.259532,
190.492441,12.516480,
143.267980,48.761553,
29.743908,9.990565,
137.536404,23.196326,
355.071946,25.944292,
172.137636,35.167295,
189.986157,21.232665,
154.651329,43.244745,
358.897014,19.218789,
195.366069,43.336314,
168.504149,1.551152,
205.922983,15.269692,
4.334569,19.570388,
346.326381,2.216090,
198.521824,7.533664,
338.688109,1.591608,
194.392080,54.734461,
210.510219,53.692404,
259.967576,54.191613,
14.396044,28.094723,
162.384146,29.868919,
206.658060,56.821003,
227.697408,8.593122,
164.470341,37.645623,
316.029934,-5.898542,
204.786296,34.832182,
239.916502,13.950084,
122.933594,14.076800,
7.804520,19.412648,
211.416869,46.349812,
170.154114,49.713135,
177.754387,37.468764,
196.629242,13.625625,
156.642772,63.268775,
120.272087,35.094794,
237.672745,27.145647,
29.914878,30.723743,
137.730149,25.655965,
20.379459,-1.539573,
43.122897,-2.771714,
15.006768,5.942458,
130.407276,51.996557,
27.008752,30.262153,
209.793459,65.317343,
13.846594,1.590865,
200.389771,58.779457,
353.579041,29.944212,
120.300110,51.470021,
336.100220,-2.308176,
224.262158,60.608764,
203.042005,49.996985,
160.686835,65.000752,
143.867703,30.925071,
115.767928,41.287543,
168.842042,28.564401,
28.484644,30.885137,
160.467663,54.072309,
179.606503,62.995035,
220.559545,0.961004,
27.470129,11.154396,
150.513090,48.732978,
137.292818,24.046277,
211.731939,1.953579,
247.142627,39.224336,
134.858921,19.845072,
353.036585,3.203324,
348.935587,1.995054,
178.667208,50.131935,
222.609632,6.413706,
49.315839,1.066344,
138.708142,14.051086,
236.184806,12.033750,
226.311875,16.513409,
167.745898,26.585547,
202.671151,62.944123,
206.070311,-3.387931,
335.013089,28.771406,
243.579973,17.897158,
248.328209,32.413519,
225.320101,53.517261,
122.165833,6.142802,
118.207927,24.146769,
178.640996,9.339915,
7.310617,1.844636,
258.377806,32.895932,
1.831943,30.354005,
214.677798,22.431829,
5.304226,26.213927,
174.949052,12.519712,
18.560422,23.642142,
192.960306,25.077359,
23.072384,26.435968,
19.266014,1.951797,
130.253832,17.153148,
196.507810,58.055524,
24.078631,33.150540,
29.464844,22.183067,
174.113090,57.167314,
251.073579,22.765530,
329.359532,-2.790780,
161.039058,13.157404,
171.693933,59.654914,
148.070067,47.282471,
14.869909,21.061914,
123.496535,37.783913,
180.360719,50.789834,
146.018210,55.208624,
163.083802,63.683392,
30.350775,-9.895615,
351.271312,27.486734,
14.054575,21.646261,
342.337810,-1.508447,
216.747311,50.474578,
132.963456,29.464011,
341.768315,26.671584,
243.601946,36.063181,
5.982004,3.949057,
178.814778,34.117002,
351.608954,0.156176,
213.246605,58.849078,
151.345347,38.092924,
207.928193,40.818630,
160.075149,49.406485,
180.107903,27.437988,
176.202423,30.526433,
354.037897,12.857145,
179.234154,4.271961,
337.805559,30.544338,
338.540902,27.192766,
348.680021,-9.108701,
25.879720,1.850720,
15.424872,-10.374702,
135.610658,41.177861,
178.535796,59.592848,
165.928144,10.733995,
324.816849,1.902871,
148.677532,14.659494,
212.794961,27.987233,
164.799966,30.511093,
232.380427,57.730545,
5.143288,26.002472,
151.912955,5.010023,
215.213422,11.334808,
179.055717,51.643126,
224.226259,33.356439,
338.499273,-0.978053,
130.200259,20.673529,
196.428206,9.407723,
180.145976,32.436070,
148.651339,30.060053,
153.646880,4.147864,
333.317676,2.771259,
357.187086,28.036563,
33.299821,3.904421,
0.956712,30.037128,
224.702812,62.757451,
132.368870,10.924653,
338.228787,6.213883,
164.555573,42.908480,
141.420461,46.554514,
206.682165,47.520877,
197.804431,5.056730,
211.307253,46.483564,
31.977773,-3.039360,
196.611075,51.076585,
155.846045,60.776704,
184.988159,48.824131,
126.130405,33.265462,
194.610178,22.784053,
329.769758,27.196021,
215.918824,2.574445,
117.812737,21.194135,
197.573745,25.779685,
326.877756,4.414463,
224.913242,1.377661,
328.917634,21.987983,
128.293471,38.946216,
133.190210,29.280937,
338.157186,0.257457,
134.674716,12.825591,
144.413190,40.846071,
143.792291,54.042361,
116.323979,26.632925,
210.896070,45.908607,
248.190973,9.609879,
187.391468,-1.039507,
203.579891,9.690453,
212.211529,37.389977,
155.594814,10.446912,
192.342072,18.882288,
147.533617,36.527326,
17.999914,12.785631,
172.321644,25.650098,
162.045586,33.772386,
123.257676,32.370247,
147.212409,12.916613,
18.323846,34.496522,
226.837868,55.766489,
158.412786,55.889432,
224.590676,35.637741,
203.560610,24.217803,
198.568936,-1.268029,
351.409486,8.497887,
42.066046,0.487958,
118.181077,40.115254,
162.684795,22.141362,
127.088685,7.855234,
253.760450,32.530781,
172.611182,65.911473,
197.071140,29.689742,
26.712880,24.863203,
185.147031,45.102472,
150.402066,40.636923,
136.407858,32.788031,
38.983291,-2.403742,
195.178774,39.927221,
180.965554,61.067034,
338.553214,18.910813,
159.023015,24.739651,
164.332844,61.262130,
189.509629,34.012712,
5.557534,5.822987,
184.227191,35.086327,
139.043173,34.406466,
245.203095,0.334932,
245.821519,55.287779,
338.368112,-0.473165,
349.726313,24.665065,
348.010330,0.325077,
183.159489,7.317990,
234.274796,0.923017,
171.142944,47.438054,
131.535165,6.714649,
115.257857,42.776542,
132.889620,45.284968,
257.017564,38.057010,
131.218890,38.004335,
198.879640,55.988863,
26.606250,-3.884439,
225.385451,24.532472,
226.258045,27.995062,
155.140294,20.018075,
147.646282,56.048105,
157.609339,38.055999,
37.572244,-2.435354,
146.363583,28.626457,
136.686280,56.089052,
359.398935,4.713244,
188.937109,4.762938,
351.873043,16.286438,
218.940312,45.100142,
23.279006,-3.024732,
8.795352,24.783314,
13.998431,19.906604,
32.997281,-4.400148,
231.277539,10.568317,
24.522204,-4.373729,
239.041106,43.426463,
202.356243,-2.109765,
206.515696,5.190539,
122.745802,41.567434,
200.364251,15.916386,
241.438418,32.901487,
223.392246,31.233723,
356.017559,31.260751,
241.891385,34.293679,
36.976964,-9.556180,
30.229736,1.081404,
135.585031,16.246824,
14.343706,1.017188,
188.810290,45.094017,
155.270757,44.065417,
245.429429,21.963867,
176.598532,40.245188,
342.693512,14.784140,
328.636247,19.672431,
324.694590,2.584616,
315.700574,-0.035479,
225.595597,48.213563,
329.285468,24.787196,
355.635125,0.338140,
151.095986,25.059846,
187.119882,55.810116,
13.275185,24.018374,
198.442138,13.612677,
147.734522,46.257045,
4.994444,33.334091,
258.555796,57.953072,
341.782856,23.487105,
191.320195,0.264050,
353.934126,15.021768,
188.226294,35.385687,
355.334808,5.597472,
206.634236,25.543095,
195.301833,57.618446,
242.025747,7.012182,
191.318597,1.944762,
192.086453,45.604379,
120.876397,15.487551,
318.507830,11.497138,
237.772121,26.305334,
228.763705,22.528844,
115.542594,34.500556,
8.651733,-2.893113,
128.125574,44.279740,
169.442850,36.406077,
121.375956,29.059437,
330.095706,2.473226,
169.737638,48.797264,
22.533308,13.073916,
170.450826,5.014444,
166.539196,30.326668,
13.336797,15.456744,
203.968077,7.610508,
257.582639,32.009807,
157.541092,1.484846,
16.145510,4.041778,
160.642191,23.403119,
331.836792,25.630447,
26.515198,26.202561,
197.293701,32.829620,
199.561239,33.054900,
196.998240,21.812936,
205.018618,58.762076,
251.263186,32.685659,
212.654429,56.612279,
166.075416,0.457975,
126.087409,31.723522,
157.451436,32.936172,
353.288439,9.064434,
187.111626,10.092305,
239.730619,12.932030,
173.611809,33.446535,
347.492109,18.061919,
161.928656,44.657924,
145.601382,1.939398,
243.094265,4.516488,
213.832624,0.391766,
196.759305,59.266830,
157.380740,64.356964,
138.695065,49.603030,
239.997515,39.056980,
160.491416,47.558246,
246.939033,36.416084,
171.027633,30.056031,
115.385916,22.794363,
240.607261,47.479499,
196.207684,-2.042560,
217.804472,0.500843,
166.858533,38.866182,
177.646352,43.275226,
238.251276,46.601335,
170.815355,52.046109,
130.766380,33.975946,
6.269551,18.286661,
181.963375,26.620689,
179.819987,32.012847,
254.805126,43.452365,
187.034154,29.527446,
9.101664,-1.914648,
37.762149,2.580290,
260.189211,34.626797,
237.982293,32.991583,
347.970165,14.915283,
347.467889,4.064279,
11.816944,27.281523,
14.115175,28.555748,
235.622884,14.845858,
30.470543,27.507328,
227.744712,7.919562,
21.410433,-2.379744,
181.426320,18.039371,
225.337658,-1.041714,
137.532608,3.210653,
148.910286,15.899683,
335.498651,2.678719,
223.101740,47.842187,
175.240946,46.268182,
229.893060,8.879923,
333.249940,11.050611,
142.753350,4.131536,
353.497914,15.578603,
352.634974,0.780795,
219.156010,9.032084,
213.100209,36.381816,
169.767474,4.231036,
187.230598,48.075217,
22.643793,31.241810,
183.955968,54.706663,
212.319760,7.405152,
126.903428,44.951386,
239.391604,53.720183,
226.413022,35.130901,
244.078532,46.135246,
139.580772,25.055432,
208.982396,1.479814,
334.200755,5.703320,
192.121783,3.045424,
171.643735,40.638907,
155.314893,41.658539,
15.845012,30.487609,
172.422678,47.636987,
233.915238,7.225558,
182.635957,48.362121,
11.587659,27.752144,
176.340315,48.745959,
337.252514,19.472710,
346.946971,4.549856,
172.966438,46.647545,
15.696138,4.804580,
337.180097,4.792384,
26.448179,-0.062324,
143.313917,29.654594,
191.012842,41.021422,
241.717408,57.520494,
20.064593,-1.322899,
246.289205,27.048869,
143.846464,64.210256,
166.545455,51.891731,
211.986015,15.368182,
200.338572,36.993997,
118.960245,51.105891,
15.041614,6.124530,
338.610234,21.812170,
212.819678,19.744465,
213.867687,48.057055,
14.988885,35.676450,
135.906815,29.795019,
150.464678,44.683459,
196.848755,58.497244,
171.619655,8.317663,
217.038158,31.452427,
132.284221,16.345947,
166.704815,15.204585,
188.136162,44.975615,
331.264796,19.266699,
212.912907,24.200610,
134.460376,13.212023,
2.750910,-1.969787,
211.014331,31.532921,
125.663925,32.046393,
174.915821,52.028476,
138.956181,1.331554,
164.436593,1.489463,
157.493475,47.478887,
143.628276,-0.307119,
21.822708,-9.404906,
246.907024,37.962879,
140.297056,40.435588,
142.086990,45.312479,
25.123143,30.639659,
358.242480,34.659089,
189.851499,28.717132,
156.966083,17.489088,
158.336010,15.581138,
207.709886,66.486297,
171.065067,-0.446555,
241.430760,45.317951,
241.818040,10.950420,
176.470673,20.646016,
354.891123,-9.349610,
28.980508,3.805799,
212.861812,21.201955,
244.387438,53.018165,
145.104984,18.104243,
142.581380,6.578073,
133.408170,53.897742,
226.303464,28.207987,
334.094659,3.134893,
206.772012,-2.379292,
236.236238,49.358858,
172.165250,39.627954,
29.854477,-0.298744,
214.634764,22.869181,
152.908101,26.625672,
22.835490,-3.516787,
355.525485,-1.693815,
165.695386,40.864465,
218.395780,50.681372,
212.608656,45.966362,
189.964935,7.180975,
116.277950,20.794986,
163.333150,39.838230,
205.445084,55.249523,
224.588550,59.256200,
123.353593,51.350121,
231.596131,32.460407,
188.027034,42.779464,
227.098680,14.118880,
168.749518,25.892244,
344.249258,21.519201,
197.379313,5.295919,
244.010731,30.394400,
174.227172,13.575470,
358.502143,27.872085,
200.812943,41.228746,
181.057115,38.397306,
234.868194,0.623417,
237.836643,32.031988,
192.557238,36.003730,
224.597692,11.542295,
11.205537,29.171497,
329.077261,1.811234,
120.169725,23.944073,
2.753759,4.765876,
176.363454,35.462776,
130.341392,28.715563,
162.988696,11.212265,
173.345958,60.583379,
164.366070,6.646909,
12.528640,29.254229,
19.169311,33.595410,
169.637371,44.332492,
117.202454,38.353000,
241.197561,43.469094,
5.654118,33.358298,
142.918375,15.273205,
198.409958,54.938146,
131.926564,34.918823,
169.209708,38.956154,
184.787314,40.789064,
147.886689,39.471310,
115.177197,31.889812,
160.318984,54.065217,
17.737117,0.320023,
139.756357,42.909988,
17.755148,-2.637072,
125.151600,1.652317,
216.166736,64.933090,
205.542359,64.906418,
129.666189,5.313411,
158.000863,2.349020,
137.161594,32.772283,
163.515327,44.321099,
200.665469,42.081623,
220.046979,41.693726,
173.715663,5.100884,
336.013589,0.818100,
208.627867,33.229683,
143.676097,22.744304,
247.859735,33.799985,
182.228931,22.232149,
259.236882,37.094416,
160.782546,21.558077,
176.336536,23.133603,
196.540173,54.571080,
175.436678,65.515499,
206.322868,17.933905,
208.475665,36.584631,
141.505909,44.920452,
218.519603,-0.674838,
198.907522,6.604564,
218.361684,22.565602,
126.972485,9.693554,
168.682439,42.223693,
152.702446,42.520040,
42.315960,4.844271,
245.077781,21.485065,
350.606062,26.793336,
0.248400,10.794784,
20.011969,20.474615,
251.347099,19.523554,
163.453491,24.985332,
251.643184,34.843475,
234.935361,46.173396,
214.201628,62.756768,
131.746541,63.458447,
117.058169,46.223504,
154.286486,42.347309,
238.679010,19.189217,
208.871614,38.045427,
194.884238,43.550156,
212.924867,14.042764,
146.952002,43.608815,
243.840778,54.530091,
215.845564,15.743762,
235.397769,38.573917,
154.625853,52.166844,
22.625654,18.838692,
185.901999,7.081359,
237.486974,7.012485,
211.094325,23.061908,
202.893524,57.248714,
183.257402,28.904068,
150.794338,16.021072,
128.427054,12.544433,
8.741686,-7.194532,
254.655305,35.703315,
163.479395,45.041367,
147.073583,13.037072,
24.358003,-2.176494,
220.928013,19.656935,
136.043492,21.258613,
6.129757,-0.935935,
320.753311,0.529474,
138.113644,49.398817,
139.447675,11.204938,
198.673845,23.704446,
245.238437,58.130974,
136.947859,15.009147,
202.669922,60.998683,
45.545657,-7.869287,
259.459923,39.694049,
181.798136,46.340292,
2.840713,21.906483,
245.878394,18.264638,
245.049711,20.003793,
144.608924,50.125308,
195.666741,12.686146,
153.589054,26.890583,
18.163048,-3.478553,
137.859153,51.986695,
143.599121,-0.504258,
39.796146,-3.855937,
14.190543,23.243010,
116.873911,40.622564,
116.007497,25.408097,
19.789351,7.708612,
208.345008,52.496506,
198.966010,35.021713,
189.876836,39.608527,
142.802508,53.378269,
125.647992,5.050915,
0.938471,-11.138495,
154.631085,49.565819,
359.939577,-0.972131,
159.351412,45.636281,
6.819402,28.842992,
41.873007,4.624708,
213.489141,62.191047,
128.039239,6.427473,
246.688643,43.552610,
16.986629,23.067287,
151.229791,55.767274,
187.783691,48.181798,
241.547494,22.952716,
167.457600,12.933775,
145.613771,12.413234,
221.194704,59.179846,
187.705550,36.597347,
153.194894,14.100852,
139.384222,7.904084,
251.112846,40.888934,
161.992551,36.824225,
220.992347,36.888124,
231.251361,31.623302,
29.644619,-3.311995,
189.301368,1.383734,
183.046333,23.419409,
245.660352,47.331407,
144.065485,18.083603,
138.389170,2.179560,
118.085686,43.642494,
254.844476,19.010219,
343.392871,26.213249,
141.090023,57.048288,
153.505334,31.580919,
346.757087,25.057415,
140.992851,29.135963,
133.000702,9.135544,
224.960840,6.884035,
186.972632,20.220819,
204.091264,40.573859,
341.575496,-0.324038,
170.129072,38.387776,
339.371853,2.717150,
150.782099,3.711883,
160.482262,35.868589,
139.148146,60.456266,
207.783288,58.950721,
331.407455,4.301105,
18.018877,9.552225,
0.719181,-3.729201,
342.708771,-1.068545,
359.167019,21.355567,
124.691811,27.465836,
4.833860,-0.377080,
237.003783,30.747548,
30.862882,-3.346393,
251.863353,33.519385,
114.543336,28.006645,
150.562373,48.960903,
139.907762,44.081281,
143.841067,40.252129,
144.546777,28.683057,
174.583762,37.856589,
175.800460,43.669226,
194.565765,34.576887,
22.147927,28.373042,
184.020189,4.961651,
196.234908,16.592855,
186.814276,48.909315,
172.370526,53.386074,
158.850741,-1.724253,
234.240808,15.899206,
11.984446,28.741204,
331.920603,27.629919,
232.231910,51.836468,
186.007343,31.646580,
189.319476,40.042775,
171.760161,2.519161,
10.632415,7.207449,
144.629863,3.224255,
186.803465,29.578354,
163.999834,52.858591,
358.293005,29.605933,
0.422636,0.398978,
149.236380,24.482351,
6.551928,6.676891,
146.526837,53.626106,
238.361665,-1.098891,
318.348610,-1.466619,
234.195717,41.683279,
148.022161,49.949574,
202.047347,-0.895318,
170.917586,38.858117,
7.964390,1.091106,
257.277624,30.559342,
222.964059,57.725204,
234.943345,55.446125,
192.682861,19.243386,
30.254690,29.620033,
344.522454,-10.617168,
22.427581,32.857162,
152.328690,23.347418,
331.535763,0.010859,
5.804482,27.198091,
226.586543,59.364276,
249.620384,54.161147,
24.969970,33.010473,
189.315690,5.049834,
356.978375,18.349851,
8.604207,3.936075,
195.687225,35.626615,
125.066052,8.436853,
245.090914,17.606652,
347.055260,33.532179,
243.418325,47.960397,
12.985553,27.480387,
13.824673,29.211467,
357.594227,3.718504,
207.494025,46.170543,
133.236846,6.968944,
184.458630,50.762618,
244.474372,31.977870,
343.356913,1.064715,
165.303896,45.914307,
203.680305,44.933707,
193.193584,2.188394,
220.138287,37.735949,
32.135633,4.751288,
143.705634,32.227885,
213.166185,12.620450,
24.836828,7.928198,
9.702841,3.086122,
127.725639,18.247102,
203.518101,56.215288,
121.844340,55.075401,
168.891601,12.440339,
218.435551,32.257320,
236.762731,51.289532,
176.487445,2.723321,
352.008614,26.082766,
246.732126,31.011926,
246.943345,37.119552,
201.947794,28.716648,
189.554878,11.575293,
183.283741,17.134806,
231.948414,28.511713,
130.363274,13.236737,
187.021542,55.333778,
337.248097,-1.318280,
243.824755,30.670216,
223.287640,38.481918,
208.316192,36.430943,
256.525308,35.017238,
157.819634,45.162534,
338.286304,22.907034,
22.575634,-1.467868,
235.400514,27.923374,
255.563208,20.877900,
142.823306,60.897402,
236.316415,5.286958,
349.593457,24.270041,
206.386753,9.210965,
327.561626,1.015397,
330.005100,19.290635,
131.240070,20.221269,
26.934501,5.018202,
216.343249,8.057528,
208.555335,18.223191,
7.454624,1.213522,
186.086076,7.782315,
349.736229,2.444956,
205.842676,41.946149,
31.934159,31.587908,
231.199833,1.015760,
247.338768,16.065778,
253.645956,40.368634,
115.604055,34.479998,
223.232571,48.683577,
117.957010,25.643266,
231.049573,56.519032,
197.104297,45.685793,
203.604891,52.414966,
238.080337,23.091354,
338.424469,25.628226,
209.166294,54.958218,
136.864886,44.861977,
169.962490,57.390349,
320.262732,-1.194196,
185.956768,0.600640,
182.470670,12.633969,
213.959366,6.831504,
247.986779,46.900656,
215.078778,60.820992,
11.942714,-2.994882,
124.688032,44.203120,
245.348556,16.644323,
2.323075,4.784321,
152.532516,41.022282,
205.826517,12.181116,
236.935652,48.600976,
190.032333,56.408553,
203.484245,57.199977,
149.619043,17.257326,
36.289812,-4.144018,
168.276328,29.734652,
112.634560,25.197697,
45.011281,-0.205340,
221.105613,17.448147,
193.932697,-0.510061,
182.526104,28.439214,
221.817586,5.207377,
36.100698,-4.541662,
229.925243,33.842782,
132.878401,25.740913,
147.290244,53.857335,
151.926012,33.526775,
31.838788,-8.005393,
165.617576,48.622610,
189.455810,65.815318,
11.276340,29.255752,
150.728964,37.213207,
184.680539,2.379902,
233.345001,32.730955,
247.662791,18.377313,
345.123276,32.743216,
256.619482,23.238468,
178.536398,39.562619,
6.044766,27.291313,
349.609597,26.572984,
164.013804,33.576644,
192.001530,25.620609,
24.250382,-0.456272,
178.049087,5.401975,
232.027640,13.396071,
1.967943,16.481552,
31.336344,6.842659,
249.069154,41.356351,
341.071470,29.118084,
2.131744,-3.689080,
25.407029,3.038689,
179.215166,54.197882,
228.993639,58.523958,
164.352913,50.341772,
262.347237,61.410045,
214.702133,7.007572,
359.058709,14.372411,
239.927205,36.835288,
126.206512,39.645284,
185.679840,37.128456,
196.502355,22.140768,
251.785297,15.618132,
237.137608,44.373914,
327.648714,4.450071,
244.013007,37.211594,
220.554553,39.315573,
206.223033,43.119026,
248.806125,13.384950,
225.695000,45.603836,
127.051725,56.218356,
139.402356,44.332621,
183.579476,59.741930,
50.582374,-5.784942,
136.528184,26.438262,
197.547091,7.971215,
180.661584,41.486458,
184.246517,5.730673,
198.393835,1.942805,
134.102383,57.830504,
29.113295,-3.979254,
210.033329,46.647866,
215.988973,37.278394,
214.017169,22.235927,
158.243390,17.788756,
234.653882,13.756106,
128.442090,32.710044,
138.907005,22.026265,
324.362832,2.641803,
200.666181,3.039630,
141.598317,6.282507,
120.611837,33.626910,
214.875230,50.749525,
30.021828,26.560275,
119.325093,32.222435,
202.388974,42.028067,
59.495955,-5.837532,
186.862871,-0.845576,
156.276227,0.598107,
40.879754,-6.905461,
334.392657,27.401936,
322.038325,-8.322870,
195.945963,45.182650,
127.227951,43.205603,
134.242995,46.970980,
175.582867,30.509898,
124.318427,28.473434,
13.985147,2.124021,
158.191642,52.335018,
210.208181,32.346480,
6.355417,19.928684,
219.280331,9.591647,
349.154534,19.473486,
174.532650,53.208789,
351.319320,18.627683,
191.046230,34.423897,
247.447414,50.277157,
183.578881,35.488976,
153.226638,11.380387,
254.572142,48.041578,
147.866953,11.009720,
205.378270,50.577530,
189.511273,59.614142,
174.745904,55.915000,
184.124156,63.593971,
136.961740,18.383438,
203.251677,39.945667,
206.704435,9.212165,
230.267828,13.230977,
179.128793,30.240989,
243.074685,51.890030,
148.910662,32.415609,
220.270489,4.730135,
133.268134,9.500231,
137.405763,29.499791,
250.957412,43.389867,
174.003840,32.887546,
155.059334,54.350318,
220.710076,8.536655,
181.223742,-0.834985,
60.161026,-5.152418,
130.927648,24.690004,
247.520390,54.868941,
223.529558,31.943576,
143.664285,19.053938,
132.248634,42.564262,
241.103042,25.395874,
229.647849,61.011645,
210.091209,29.948759,
163.663573,5.592620,
215.675620,53.547761,
127.883456,31.491938,
155.526307,26.849188,
358.836766,10.426448,
184.979652,14.478277,
123.680834,43.887427,
225.041691,22.345864,
215.408896,40.657797,
338.984903,24.695576,
114.467382,30.448139,
148.519327,27.990700,
183.517544,16.817610,
10.890457,22.396249,
146.576565,46.678365,
138.017323,33.948349,
201.359079,39.498800,
170.448176,34.724272,
40.711896,-7.987289,
348.580426,18.796659,
122.737357,12.154138,
159.958628,34.176985,
239.518541,16.373400,
224.516606,13.237682,
132.360978,36.399248,
13.534563,2.131017,
137.069073,28.563176,
134.125782,44.454082,
166.008690,22.269415,
140.179273,60.222457,
195.448890,32.484545,
225.446924,48.059960,
121.271080,28.151458,
337.989158,6.927888,
353.120440,13.424761,
217.464035,21.402785,
233.325071,16.145552,
155.985161,25.211378,
128.528126,28.343593,
9.534782,21.465479,
236.239346,56.451177,
217.380361,-3.117012,
206.093119,20.353212,
134.800665,34.575188,
17.841342,1.230922,
227.594620,28.815873,
227.960196,43.833701,
238.252341,51.051508,
183.940784,32.978679,
0.892124,15.464959,
344.362976,7.260889,
344.805944,-1.699689,
115.181139,31.700323,
209.139195,47.932904,
5.955083,27.869794,
22.534056,26.620886,
188.779640,29.983693,
181.783409,-2.745597,
130.748723,51.428332,
23.255273,-2.159601,
197.488366,67.154670,
39.815187,-1.064718,
174.897528,15.293437,
173.452552,15.954319,
243.775354,34.553595,
155.537108,49.303003,
341.913147,3.737455,
342.988204,3.221682,
25.968491,-3.485218,
202.172206,50.027687,
129.490142,13.685754,
134.848397,22.290854,
137.873879,32.826820,
144.918991,45.657435,
160.860739,31.145503,
170.089048,11.076326,
245.543581,18.301313,
132.939115,36.534895,
172.549379,36.919472,
23.020638,15.624389,
245.045577,28.569664,
317.768872,8.071404,
15.386814,25.777460,
260.975775,35.322189,
192.686450,30.512718,
334.472956,-0.548595,
352.856565,4.993040,
203.341256,0.973420,
327.845347,22.575982,
233.463367,50.947351,
199.837580,47.674975,
235.079207,17.417877,
18.919532,13.952547,
217.237410,45.937328,
24.934045,-2.944657,
160.220803,39.061152,
323.747489,2.082525,
170.654153,14.840249,
8.140605,0.936863,
31.808441,30.124101,
167.019616,58.438874,
143.631382,2.296785,
230.455148,25.279050,
321.056015,10.558666,
173.032129,28.863419,
156.700941,25.924893,
152.559400,-0.170919,
224.646123,53.557146,
205.265786,35.718464,
345.083172,0.574596,
211.813155,7.446359,
323.147707,2.269195,
177.451504,42.544121,
355.712446,25.250833,
47.715590,-0.706884,
235.240735,50.555681,
30.262850,12.457799,
339.618119,19.555610,
344.619130,6.172439,
204.380308,42.754504,
170.248834,31.326125,
29.423874,33.652162,
143.885230,53.810140,
210.213471,1.431748,
164.702852,46.963727,
8.135669,2.341889,
212.002996,9.213864,
222.172917,48.689949,
150.718295,16.490213,
182.752249,10.571472,
30.090132,-0.217168,
132.871975,10.219665,
126.616930,17.911323,
141.111445,10.250361,
155.780927,44.924817,
144.805990,38.650091,
120.955458,28.588841,
6.313764,30.238538,
135.723685,9.363903,
232.425230,37.125567,
235.250794,35.813957,
223.134701,44.284014,
0.834139,-2.616821,
25.460041,30.263200,
351.439744,2.921682,
353.320151,14.817793,
240.845301,10.829669,
207.793056,-3.371619,
169.104916,43.986532,
146.421127,58.945999,
30.587058,19.593319,
351.711203,-0.372666,
10.005453,-3.919019,
7.249308,-3.268442,
258.918317,37.985752,
13.499491,-1.488835,
217.341133,54.103110,
40.779606,-4.108084,
166.783870,51.037786,
250.046738,20.235601,
40.164501,-5.403772,
235.497597,26.211759,
4.812943,5.812526,
236.741188,12.018352,
10.881108,18.659920,
128.825644,50.500924,
128.006645,26.063887,
357.437930,30.901283,
185.198536,47.102365,
251.322815,15.147131,
246.865714,8.400565,
220.035061,2.194032,
147.740092,43.957731,
232.210789,17.225422,
228.287338,34.333211,
242.296781,23.038011,
113.231197,21.929136,
239.147076,45.051785,
231.779711,16.452596,
62.307438,-6.144182,
223.161652,-0.626618,
137.500389,15.144018,
146.818094,25.972294,
246.205822,9.396582,
236.058373,13.428930,
230.780951,60.349295,
143.903026,22.516500,
149.941731,2.795424,
9.186859,16.124546,
4.363293,29.320648,
23.002488,-3.401308,
135.656442,39.058284,
12.498657,12.746534,
176.051946,-1.581860,
240.464624,8.842806,
188.002716,62.150853,
241.002257,51.655922,
358.810621,10.993380,
213.297684,62.819407,
12.138883,21.245123,
322.276005,-7.270374,
319.071928,-7.569625,
179.446709,8.875760,
132.191009,58.199584,
179.270343,30.305721,
170.876113,1.487733,
197.943286,29.088167,
195.297178,31.489678,
218.970924,15.805864,
197.998445,64.679750,
47.390187,-0.732882,
160.505229,3.317796,
211.262559,55.741840,
135.797773,33.166208,
28.288035,0.880586,
242.958020,31.732138,
246.254104,33.944794,
188.417723,12.766284,
126.754631,10.784929,
357.855139,31.663541,
357.561726,2.336108,
222.391688,10.081227,
226.508799,59.442261,
110.632506,39.558696,
146.705026,37.733952,
358.379472,27.345484,
174.059249,47.287127,
163.641436,41.007807,
30.743533,26.551336,
125.079436,32.528963,
224.229380,36.036928,
135.132597,59.476205,
224.392083,11.520174,
11.786533,13.482135,
146.165111,47.536996,
13.801962,4.355825,
209.872620,22.944110,
237.026862,17.034175,
164.386554,44.463059,
187.753396,16.142954,
13.656759,-1.662397,
172.297538,26.750981,
328.008066,-8.760921,
200.234938,17.276308,
230.752021,25.323474,
198.932743,59.347529,
232.059647,55.366389,
134.727044,51.771134,
192.369217,36.836089,
233.235383,44.274506,
175.643452,47.383745,
241.492440,42.177637,
37.728263,4.747504,
351.480970,29.017689,
23.695451,2.937745,
331.944800,4.753958,
123.081845,21.656858,
205.199779,40.188373,
130.085678,14.598199,
167.855231,50.545968,
15.317166,-3.022361,
117.162485,19.394533,
174.541428,66.620371,
208.951593,7.291503,
352.906500,-2.887790,
145.574144,9.538286,
28.458722,28.287258,
224.099880,41.606670,
116.870183,33.110093,
183.503740,66.439916,
199.167833,36.498838,
196.944224,61.915457,
189.645573,40.661451,
235.829356,55.765086,
12.053602,-2.499377,
179.497193,22.396652,
203.291098,49.742264,
338.326958,2.781750,
127.169360,21.303516,
209.335754,39.070436,
213.390812,27.579179,
114.372104,32.853980,
140.657186,5.793158,
182.186518,52.855710,
231.707421,52.661505,
151.209353,11.158194,
328.723084,26.627968,
219.682424,23.268105,
179.399383,56.748451,
337.207550,28.671048,
197.756523,7.896471,
190.409980,24.334392,
38.061935,-2.812627,
121.503446,36.669616,
208.793199,32.991313,
179.036709,33.392939,
134.658621,23.904024,
176.281537,48.181094,
179.073106,15.165431,
38.764183,-2.181905,
213.823438,46.740868,
153.637556,53.094920,
179.692397,37.048274,
42.658224,1.302895,
197.116993,34.110934,
14.661030,32.797337,
4.466845,6.104594,
127.322669,51.628821,
22.585203,-9.793139,
155.382668,6.686257,
215.668328,51.567392,
147.020269,27.011690,
255.435582,30.886195,
138.032327,56.843316,
25.631402,22.167570,
210.244968,26.105408,
206.512433,48.364215,
139.244287,49.915955,
147.891220,33.181912,
179.650726,28.618337,
241.914379,41.618480,
251.862352,37.158624,
36.628298,-5.097837,
223.122389,59.865635,
244.139564,48.971928,
211.705391,33.133990,
226.145558,35.764226,
146.483296,19.269097,
343.770329,2.847326,
136.037252,6.919489,
147.577866,4.052084,
32.056513,1.406672,
169.458067,22.781254,
171.034555,30.632479,
193.686247,14.012998,
151.526792,26.058036,
233.424800,14.618626,
0.091904,1.295162,
250.220303,36.687397,
324.131491,12.338128,
183.243682,34.824851,
132.671576,16.464866,
208.079299,55.497662,
211.927873,34.301697,
220.946620,39.974201,
232.669011,6.558613,
322.437372,-1.881561,
213.981476,21.346810,
213.715233,39.083605,
250.907660,21.478014,
234.803167,52.761185,
228.594395,47.572744,
125.704444,14.931620,
195.812983,40.170053,
132.120823,46.239406,
183.362347,47.849737,
260.016864,35.249668,
341.735853,4.471193,
148.053224,57.288508,
28.290341,-7.277863,
189.090072,36.274114,
10.821858,17.086227,
22.889057,6.613712,
213.962403,56.341685,
198.928744,36.265040,
126.026190,31.676466,
152.395865,8.437994,
239.000452,40.279276,
203.583459,61.345288,
148.403580,16.208020,
347.439181,22.868515,
209.492886,29.886953,
213.478308,21.317600,
197.495291,49.410178,
235.202279,35.708678,
148.735052,23.906992,
145.760037,47.551297,
178.465386,45.060160,
169.922194,32.300949,
205.159215,40.611315,
143.021157,28.044548,
160.177701,55.202969,
329.094770,25.104158,
199.236130,41.281304,
175.097550,64.805846,
235.329428,7.683288,
132.683354,31.577379,
192.172589,32.114172,
210.846019,5.342232,
170.190765,43.859547,
200.788525,65.688399,
26.420665,7.538111,
21.230621,-8.896974,
203.800199,23.139980,
235.891436,10.375520,
164.322206,58.017470,
208.212734,4.348794,
227.734232,42.527490,
354.187740,-10.601692,
119.587570,37.925900,
158.257681,56.475665,
174.020799,34.371248,
113.809277,39.235551,
351.177616,27.674052,
184.180398,2.407502,
228.225711,45.489299,
331.590473,18.029238,
0.721718,-9.116704,
17.305373,19.446937,
26.488610,28.233134,
169.029072,42.612625,
186.445756,25.183854,
180.035030,29.521426,
353.334386,-2.224072,
261.127140,54.664564,
12.692775,23.175108,
215.031409,55.571154,
177.202162,50.108104,
204.595329,58.870871,
154.424282,43.615002,
5.591929,-3.605402,
23.168055,22.343365,
22.627272,19.590537,
173.059929,8.793513,
232.947437,2.003825,
22.749606,-5.386603,
224.618381,45.425242,
131.016629,4.732331,
15.712941,11.378954,
193.884066,51.934372,
211.768672,44.961077,
174.708591,19.698048,
194.399951,30.367492,
217.060532,16.952206,
151.951582,27.361106,
219.939900,13.373672,
121.356384,12.577419,
163.312107,40.011828,
27.265246,-1.589016,
166.169118,23.569522,
257.653276,32.241245,
219.208201,40.763281,
348.157551,-1.500274,
131.918310,46.409762,
39.441583,-2.874700,
158.484488,14.257576,
219.557199,36.747463,
131.987073,17.069855,
115.844517,35.826950,
177.022130,-2.550986,
36.582508,4.775602,
330.156955,21.181027,
237.519637,6.351204,
28.995817,-8.812693,
159.705147,51.708396,
348.703757,27.426563,
165.473096,46.430150,
29.758958,2.647874,
160.954725,14.319394,
139.040307,29.354099,
137.686883,38.091754,
201.192944,58.683260,
23.560063,6.611846,
145.664377,34.293990,
159.832939,59.662731,
209.744553,59.240684,
161.567959,16.753508,
106.846312,11.942305,
344.387741,6.366433,
335.272280,14.976461,
136.196379,19.999669,
174.515573,3.249393,
350.245026,18.901075,
24.271477,-8.230540,
199.051275,27.484240,
136.483053,64.399003,
134.557880,54.768834,
167.700881,34.053416,
359.420616,19.545618,
157.329373,49.447757,
140.520178,45.126454,
18.098527,8.266171,
29.488631,-0.428259,
238.089171,24.023105,
113.017625,44.489716,
166.230908,66.357273,
222.969187,28.315482,
167.559220,24.034721,
350.108482,3.094010,
164.263472,4.090794,
354.265201,10.650578,
349.956625,20.612463,
166.861399,12.467013,
119.939785,22.687305,
170.595901,27.511078,
224.611731,36.921196,
195.472053,39.952663,
222.054301,46.024199,
193.328782,26.213603,
22.001840,11.870282,
6.545314,31.137172,
150.428767,33.378556,
150.789355,38.412031,
157.106407,64.439775,
193.368869,59.635863,
24.875675,3.803920,
248.929510,30.331760,
203.094270,3.794435,
247.677128,24.520974,
44.098750,-2.121456,
340.332828,21.875217,
347.542405,-8.329325,
222.868173,54.997690,
163.133136,30.999887,
127.903788,3.904223,
131.411092,34.345449,
202.665192,24.909160,
5.219408,7.837619,
202.372057,36.103103,
232.359936,48.354480,
135.985300,33.477737,
150.064605,44.646660,
127.483167,5.241466,
186.314526,47.199277,
209.281347,61.709649,
129.828673,32.277332,
120.591158,31.369716,
333.090556,4.293448,
138.136360,48.009324,
321.985625,-3.272624,
252.834984,51.916402,
219.721847,4.828170,
153.638314,29.022332,
342.940289,28.643400,
327.881573,23.891272,
342.902260,23.833162,
231.473135,30.173129,
163.127346,18.344983,
204.048014,4.323975,
20.576036,19.929389,
34.420687,-8.913317,
237.771227,37.952073,
200.467058,36.316195,
182.322310,26.270312,
155.824128,2.560981,
321.125527,8.552626,
346.211110,-1.878671,
353.915682,-0.247932,
211.784210,62.757519,
3.744036,-8.328285,
137.111104,41.582490,
188.023957,25.864263,
112.088792,33.188789,
184.641353,53.530103,
16.601649,26.855093,
158.022892,18.060270,
345.962300,4.641028,
199.301432,43.216912,
257.405594,31.792510,
172.618256,16.712402,
214.076706,64.961662,
127.056029,7.804672,
177.610576,1.991118,
117.384177,27.966296,
112.077336,36.552946,
146.712544,42.907810,
134.624681,1.842626,
256.025616,60.798280,
217.155496,51.697118,
143.370003,39.300674,
224.015932,12.614059,
138.917254,52.874928,
348.793632,6.117129,
230.603593,12.151216,
169.759809,40.697708,
141.202883,54.538962,
207.096327,9.084425,
142.130720,-0.456924,
326.309521,5.921427,
216.935148,33.641295,
126.047004,34.679195,
243.701957,29.684437,
228.265295,-1.529923,
124.869907,26.145116,
203.938127,12.058978,
26.133572,27.643447,
191.825695,65.987672,
190.106750,47.791136,
25.450116,20.953197,
29.219617,-3.577685,
235.687324,51.355257,
30.282438,4.901922,
240.669304,10.578883,
117.527625,49.309492,
16.309337,6.228677,
131.749059,11.319350,
118.897730,29.844034,
213.440131,4.214961,
198.949066,37.121682,
36.934291,-6.298925,
194.508022,28.333979,
248.771775,25.053292,
19.017604,5.502660,
191.825767,38.526222,
228.692286,30.711632,
241.891579,24.657354,
214.261702,7.191040,
21.263973,6.326562,
183.581700,64.498463,
215.292857,41.183323,
137.765863,11.074703,
345.731714,19.354475,
338.520063,1.875651,
212.854249,12.429547,
142.604813,51.335390,
213.088563,46.327737,
4.839034,8.336885,
152.075071,46.291900,
38.108906,-5.624849,
238.246607,23.018034,
199.959163,35.135096,
221.081329,13.290802,
189.366946,21.599945,
221.419335,32.632772,
162.369770,24.331474,
192.060119,40.593093,
20.972972,-3.184343,
14.711267,15.207561,
161.116330,18.815460,
112.728077,45.337334,
173.770880,42.308703,
18.323643,22.110458,
222.846318,25.262918,
332.694979,-9.335159,
153.105087,29.465865,
134.870568,18.425459,
111.375202,38.901094,
226.182682,40.148564,
255.486940,22.451891,
192.004641,42.782620,
188.531463,29.943111,
174.862641,28.181063,
231.437248,49.452185,
121.315991,51.380051,
247.775305,17.692179,
140.215586,18.683708,
345.672110,6.175769,
123.990707,49.045968,
145.985947,27.754254,
164.796879,54.592993,
18.909738,2.457381,
223.306047,39.741447,
146.392913,49.628384,
254.496136,48.114830,
201.118058,38.902135,
125.646970,37.538191,
28.630698,4.742923,
39.791244,-8.302882,
142.613413,24.042433,
123.626934,35.118582,
163.624147,49.277630,
206.331086,36.471542,
233.330282,31.856193,
174.492021,42.408464,
33.616096,14.394408,
152.671281,59.748123,
337.339737,15.689789,
20.897428,26.184692,
20.340123,22.765236,
0.417610,26.430100,
216.943923,5.564015,
21.551635,31.169303,
325.660239,0.503434,
319.687849,4.674459,
132.373323,5.487558,
210.117574,30.197396,
221.391295,43.669744,
141.325428,4.758292,
224.585801,56.567874,
15.711382,5.833136,
213.866515,52.629713,
354.457960,18.019795,
338.613054,23.615239,
198.546493,8.633302,
16.516229,31.362343,
124.742534,53.065399,
177.601514,33.034797,
252.430288,28.754495,
191.193634,59.253017,
147.129532,50.274420,
332.150078,-8.768999,
206.392300,48.373757,
188.661266,49.855571,
178.450146,32.003413,
349.749503,19.344912,
238.977677,37.360496,
149.906338,11.888230,
230.115884,7.696003,
207.123518,37.522264,
25.324066,7.744306,
118.985116,38.470349,
133.958336,46.801968,
196.207470,33.362179,
209.782207,21.945324,
243.440364,32.622419,
167.491530,26.298503,
180.060171,62.814096,
189.521524,3.425245,
196.616883,21.838017,
4.610652,6.868586,
116.579976,44.785505,
127.872981,39.030428,
234.355654,-1.780651,
327.895207,-1.438282,
181.479723,36.300662,
16.729436,5.035415,
17.449115,31.811885,
131.490453,44.762786,
162.860774,66.006180,
149.640037,3.862316,
192.400853,16.216034,
216.801707,28.539673,
33.787042,-2.166804,
24.804898,21.627131,
243.743234,38.124999,
150.635422,3.568889,
165.386582,7.339898,
204.008377,17.420298,
50.439053,0.186809,
180.411933,66.019537,
178.417756,58.837602,
217.896570,47.310030,
33.478603,-3.941529,
331.401071,18.137106,
121.395382,8.803537,
343.901472,14.526713,
167.741351,52.584442,
11.122891,22.083951,
131.710184,5.496114,
186.198526,-0.120159,
9.436919,4.938363,
150.334477,51.838464,
235.971781,20.511428,
236.451992,12.944145,
10.812850,1.245991,
161.935578,47.079776,
163.863103,18.885371,
123.330542,46.147139,
186.321471,15.638222,
243.466092,50.621790,
152.787034,51.931608,
171.078688,19.941128,
151.589630,32.130268,
162.824728,9.057434,
157.487534,4.172271,
7.049576,26.656723,
204.436175,45.708832,
130.031798,44.267885,
8.060668,-4.096791,
184.968930,46.907151,
206.771935,52.452260,
29.021667,17.204839,
335.616870,29.133048,
149.908659,48.830528,
206.910144,63.937888,
22.929211,22.710845,
207.243819,14.770712,
245.553858,30.566121,
202.461326,-3.521589,
179.301926,18.294406,
27.185287,-8.219470,
231.125226,10.508890,
337.602548,4.652885,
221.545348,13.470897,
19.458725,5.849354,
355.791490,2.834256,
165.975590,30.952396,
246.215315,52.847120,
347.065073,12.690538,
199.894275,39.207713,
170.294605,7.654494,
133.113684,50.752999,
201.479504,3.896145,
351.932381,4.956623,
153.170688,48.549824,
150.528208,47.405057,
29.373267,2.526885,
137.987985,47.026725,
257.126026,61.088242,
15.608168,14.598369,
199.814431,32.831235,
210.353977,50.190113,
196.009783,14.115716,
328.907323,29.470098,
217.070113,11.998174,
13.787260,2.783377,
126.148919,35.545474,
177.849289,27.964683,
186.138485,62.655954,
142.665145,40.492361,
242.188285,-0.937617,
190.258841,59.581511,
253.553016,39.834914,
205.184815,43.897443,
188.510781,22.134410,
189.049559,12.767804,
150.891628,2.690642,
216.974115,34.880095,
238.119669,21.123809,
212.460324,49.920917,
235.438070,43.078743,
24.291351,13.140951,
341.754083,3.469364,
196.854648,37.178387,
156.871320,53.149608,
208.722895,9.004056,
132.299653,4.520481,
150.710841,12.178915,
137.702022,52.692446,
159.799319,39.962424,
39.554545,0.142447,
185.015138,10.542500,
33.007599,2.618076,
9.390960,21.215914,
195.433724,52.076738,
190.918445,33.383714,
213.590868,6.089050,
163.085969,10.297697,
191.836574,28.737409,
342.786955,13.385607,
195.605347,21.199619,
338.131585,-0.502536,
126.230055,33.070040,
237.716096,20.847599,
164.281494,34.583357,
218.619078,52.036795,
147.872060,27.894905,
347.775416,32.895481,
163.841852,9.085316,
337.171975,3.196593,
174.105918,10.089784,
163.598015,23.140853,
163.894335,1.480555,
228.018124,42.765571,
128.388196,35.930067,
222.822775,38.802621,
154.725543,57.446595,
232.362664,16.072043,
124.795820,32.819583,
229.457157,27.428285,
211.242379,53.488007,
252.827597,40.023569,
357.827563,20.730113,
179.907518,50.108251,
169.902659,44.375319,
138.004658,6.327376,
162.461582,27.225241,
123.133284,40.361168,
213.891202,52.099456,
26.987440,-1.226499,
24.735290,6.732192,
9.587740,-7.099931,
117.711750,45.285196,
353.792347,25.303284,
17.109476,14.494329,
187.982857,15.461528,
24.688953,14.089803,
18.641409,14.449312,
218.524114,60.970296,
148.527990,14.147169,
147.930043,12.462689,
137.865621,26.094353,
147.436590,36.726329,
164.174675,20.417553,
218.253742,10.507691,
149.282382,30.207002,
345.018602,-9.909105,
210.953236,42.849679,
164.561246,1.875186,
245.708967,46.536805,
181.489047,23.033182,
120.001212,33.669346,
0.844204,-0.494800,
117.382370,50.631852,
240.238161,11.929063,
4.459361,2.633180,
336.406720,20.751586,
157.835326,21.435328,
178.821531,-2.799550,
188.569154,42.559660,
230.944875,47.775040,
343.609306,-1.078472,
7.922338,7.403063,
335.123115,0.733721,
21.424545,19.693613,
21.097092,30.767542,
150.628862,37.622633,
250.887796,29.003639,
155.346878,17.713908,
177.916316,54.780337,
240.656665,58.195359,
242.086503,56.232326,
163.340583,42.449818,
234.321124,15.775377,
132.063340,59.366478,
158.731339,64.295888,
11.526886,21.475023,
210.109923,-0.184078,
226.361023,51.148906,
199.092858,60.593730,
190.802150,48.144025,
164.464951,2.461350,
143.630534,2.940334,
195.829078,51.123764,
178.052528,3.303822,
24.316252,8.519491,
191.418646,17.471127,
171.686964,42.615800,
127.791704,37.702649,
230.833619,13.516265,
197.575478,6.031396,
142.759619,37.541177,
182.016126,51.914702,
26.418666,9.615297,
173.724542,22.452325,
187.184580,40.140618,
132.089636,12.017692,
230.168375,34.117080,
255.241947,60.359860,
134.011701,10.223772,
129.343341,4.449896,
198.134773,44.559321,
201.275407,33.676237,
224.741025,-1.572036,
194.687810,40.738679,
119.919742,19.039897,
6.472254,12.471704,
225.881322,61.107167,
136.977374,38.650649,
153.934755,31.104762,
332.192440,25.955773,
337.854839,-0.523667,
244.840421,38.039653,
161.720412,40.815167,
183.953791,64.374569,
158.935718,6.775979,
187.556628,51.842269,
354.664224,5.837521,
200.482017,35.177019,
207.392121,47.545662,
249.016542,23.498988,
132.218311,47.743560,
323.887850,4.733096,
241.390649,46.925104,
13.242124,21.858085,
118.373541,16.645010,
120.827740,42.146412,
173.623791,-1.198240,
144.389140,45.326806,
154.860098,26.641648,
171.563143,20.495190,
116.586080,43.548379,
321.501607,-0.140484,
207.690077,7.417581,
189.824878,33.751760,
163.942434,50.666601,
337.377977,11.347665,
167.379863,35.507191,
353.270885,-1.305245,
203.391599,17.410752,
332.058293,12.846209,
151.225473,49.991869,
245.202490,56.528982,
220.798292,35.779544,
186.610046,43.211273,
250.000637,38.359896,
212.951628,49.295207,
151.152517,39.404310,
167.709353,23.228900,
328.389607,1.484311,
349.138781,19.862986,
161.252033,36.623682,
180.607874,1.936988,
203.640352,49.412708,
135.835265,25.802777,
242.727398,16.314979,
234.270467,17.359931,
223.622557,52.656968,
164.272526,58.077074,
126.589686,24.471556,
26.465560,9.165528,
138.047124,41.474087,
356.042042,34.624725,
205.511015,49.851991,
214.603311,-0.841755,
192.353737,53.158666,
10.445221,-1.833731,
170.307094,46.420010,
156.977482,23.289511,
339.175241,20.943880,
138.131840,59.034318,
350.684139,27.865650,
122.593919,20.735405,
241.955574,-0.372203,
188.224047,48.842556,
239.554726,57.700170,
120.142504,43.450116,
208.282620,2.865659,
350.973848,-8.982777,
3.884217,23.271491,
219.737985,23.304335,
14.466111,-0.569020,
222.876408,27.338516,
234.341424,33.744477,
102.258052,29.688803,
143.477758,53.496766,
40.039812,-5.872229,
131.587326,19.474098,
12.844679,-0.782840,
147.220787,7.314806,
254.494674,33.832075,
159.378572,21.112520,
339.218787,24.864035,
125.764251,44.604548,
0.940768,7.019893,
182.486637,38.515767,
244.164884,9.521418,
140.469426,54.449177,
344.072833,14.549385,
217.273056,63.889761,
222.336012,33.329479,
136.284823,31.882396,
141.325868,34.057108,
245.057768,8.962544,
143.587579,44.817345,
165.734775,64.408259,
16.997066,7.244489,
130.879580,11.209538,
132.053928,54.700753,
192.648677,20.711487,
136.904912,28.077260,
322.215080,-8.242312,
215.344287,24.268058,
152.399387,31.764480,
210.075164,30.785744,
219.299111,53.392311,
16.460066,-0.215200,
210.149653,55.592890,
161.716375,47.165303,
171.117329,48.952119,
146.158377,31.245803,
4.709228,5.145351,
240.815515,16.235103,
187.553473,-1.098181,
237.196864,31.526995,
4.241389,24.842429,
124.888958,33.285777,
175.584428,-0.204532,
236.727044,45.663464,
349.587848,32.394306,
222.731310,54.342970,
354.991170,-3.236167,
212.831018,41.633989,
241.694426,49.939321,
60.562166,-5.143910,
185.750917,55.666852,
242.984576,45.269699,
37.651663,1.559207,
257.801695,21.633893,
38.378537,1.471546,
243.429072,39.125797,
359.311487,24.243344,
194.023633,28.828401,
221.051527,58.443596,
227.163774,32.070635,
348.873883,6.473898,
35.090648,-1.802594,
126.564933,40.968378,
235.255361,28.944007,
172.800993,66.860081,
219.555231,19.590520,
20.000943,12.135355,
183.146018,41.297322,
156.066376,53.005321,
37.084089,-3.603424,
357.240626,25.514385,
40.375551,-2.857300,
358.936173,22.234444,
204.152716,42.159498,
141.501743,42.656386,
23.713182,34.577079,
150.463917,28.000633,
181.232651,56.754531,
226.130399,47.697573,
165.438305,35.306109,
184.207243,-0.469580,
230.065151,-0.417101,
24.014314,31.455655,
24.218512,-0.256836,
155.382440,18.891257,
223.556520,52.486114,
124.527373,50.783317,
215.889886,57.652656,
165.706622,48.637881,
16.242509,-1.086892,
188.131312,16.045661,
32.869193,6.037843,
13.640263,5.609327,
6.584889,29.920367,
160.311678,48.987941,
144.972273,43.352485,
209.733603,8.336084,
120.114527,33.138055,
184.267275,2.391527,
5.103561,0.609713,
20.721588,15.645532,
182.545466,41.821322,
9.181036,8.662324,
172.290733,35.644623,
172.685930,42.393748,
326.878608,27.980565,
331.831255,13.103703,
350.144180,2.893245,
133.636057,35.954894,
181.609475,67.874353,
238.579360,45.443926,
247.108769,23.712943,
208.504405,2.325311,
163.817428,36.098451,
233.924873,25.248102,
159.337454,11.354949,
332.211310,22.835318,
6.417464,-0.258720,
357.526478,29.504446,
210.117546,12.630150,
153.910107,23.209425,
226.533300,15.732332,
155.205445,16.577323,
188.471950,12.047563,
183.205596,58.179896,
231.517111,44.648423,
11.628654,20.271382,
224.953065,61.916442,
9.891771,22.800258,
209.037715,66.119420,
145.365399,48.349955,
174.728033,60.329825,
170.193645,8.948734,
195.673889,-0.795532,
116.306316,22.238432,
157.133068,18.760108,
234.806147,39.906514,
124.155371,38.315908,
146.920624,8.312590,
192.188171,35.159138,
206.690546,57.516544,
204.023198,40.410236,
194.773885,-2.938082,
223.202376,37.985356,
166.941098,53.815660,
237.830616,25.752925,
213.422201,8.612236,
15.715200,27.382053,
128.472299,40.752589,
187.589868,50.934615,
149.654856,15.816914,
187.148058,51.159877,
251.667422,31.472345,
226.371237,28.559802,
1.530775,34.372352,
230.113930,54.406073,
225.370603,44.656892,
185.030753,2.408781,
143.762803,33.669633,
225.538062,45.591709,
117.675754,44.581510,
197.169339,0.874346,
138.130694,41.279020,
243.087510,13.717012,
127.726832,23.847298,
17.475083,18.855166,
27.251900,14.376366,
350.234550,29.679227,
343.821930,18.559961,
163.606852,47.601277,
230.102285,49.408578,
348.693747,-0.121539,
218.743173,49.787877,
26.374894,19.339062,
148.317407,46.237430,
14.838815,-4.549893,
113.241506,38.913492,
3.221116,28.994015,
262.167216,55.059537,
199.305356,6.535288,
185.287967,36.867730,
142.993194,19.410242,
157.116939,63.669150,
182.112492,18.300003,
150.973451,32.450805,
223.367382,45.300334,
356.053481,-0.489329,
8.990014,-0.886063,
126.997876,37.018067,
33.417433,31.127624,
21.678316,25.983681,
10.934907,23.247322,
348.179069,-0.879030,
184.073480,34.238597,
146.382403,30.206471,
135.435653,38.919767,
129.251642,50.699840,
190.593063,31.495992,
190.890409,38.211094,
250.157483,30.196330,
23.874437,0.781705,
214.330870,41.658890,
11.110515,22.113259,
49.859330,-7.469116,
180.407184,11.150160,
349.494365,-0.928105,
174.933383,20.700637,
328.066829,29.154174,
229.221090,21.513692,
138.537382,40.506197,
10.407172,32.006075,
143.574408,35.869165,
126.514318,7.162721,
237.450112,50.371777,
21.594438,26.374948,
228.860066,24.119236,
170.204131,13.639420,
176.508751,27.122724,
217.084492,3.691798,
134.408342,39.026931,
342.428238,27.332378,
131.574105,2.541385,
125.409167,31.133584,
229.818496,38.060770,
155.432312,60.349163,
191.218733,58.574353,
19.396509,0.175015,
157.790526,17.546765,
156.897531,36.247424,
114.866785,23.214873,
214.363210,33.063594,
329.337795,25.608905,
174.444322,42.351532,
214.935538,57.248446,
160.769441,45.083271,
182.028748,-1.586035,
221.650987,40.390732,
209.869290,15.110315,
18.816032,11.114195,
114.885962,29.713764,
214.811399,55.587662,
320.343004,3.374936,
21.274440,23.185075,
194.628887,49.064377,
225.964819,9.925228,
221.064600,6.722581,
180.306730,33.911532,
29.174598,7.514895,
111.735696,38.444632,
219.020356,48.412152,
25.395872,10.835157,
120.453579,17.721187,
202.730071,66.296555,
186.716719,-0.199872,
330.232711,18.234034,
176.380196,20.976865,
321.101574,0.058196,
160.838820,54.505466,
33.199874,-0.382422,
258.862855,36.950799,
145.570055,7.275499,
137.442147,57.011603,
248.805286,14.993972,
168.179511,26.402211,
181.602705,34.027659,
339.826853,-8.624476,
113.560537,45.065556,
179.870736,65.793171,
165.935563,2.536085,
340.776277,6.144402,
230.521122,1.440723,
180.093640,47.449392,
155.276616,53.128279,
122.220749,37.479486,
201.774283,9.098675,
251.414980,36.481023,
247.897787,40.965669,
50.282843,0.992588,
199.770709,51.280696,
17.538671,33.738774,
350.944573,24.522653,
197.122192,7.086162,
22.826096,14.179879,
241.989286,53.410717,
143.488066,62.239175,
162.927152,33.835926,
139.182920,20.040517,
120.365548,55.660419,
257.268166,31.545608,
356.240609,0.792814,
214.102248,35.058466,
238.238690,32.936067,
124.997532,53.696377,
43.132548,4.871277,
60.610837,-5.595373,
160.987719,9.762289,
335.345987,22.444856,
175.898062,29.924777,
225.840698,49.905406,
129.504377,53.283127,
6.019808,-4.780021,
237.039383,36.691073,
128.846944,14.325231,
229.996106,50.416056,
142.172238,1.803247,
356.922283,2.571823,
23.100264,11.734873,
187.120737,15.906257,
213.927134,28.459443,
234.850232,52.436541,
24.758612,27.674950,
355.032666,23.967171,
230.734560,46.142715,
161.140495,22.833289,
225.192881,21.488744,
41.411790,2.287739,
156.652340,55.530173,
153.823203,18.211336,
187.028576,34.079788,
357.455351,30.476896,
309.444922,0.310354,
8.820341,-10.792022,
245.879766,48.311713,
198.628252,13.129328,
18.203665,-3.242819,
246.585281,34.861775,
178.025271,40.368231,
202.104758,65.182446,
43.591985,-4.588110,
260.109322,63.588104,
34.971006,-0.742839,
169.369808,49.037897,
232.213597,29.576361,
26.709560,5.132363,
350.809667,20.453329,
245.690412,31.278405,
188.166477,61.104138,
204.527315,11.441280,
24.332291,31.122510,
121.176662,14.382238,
210.629767,65.531153,
232.503087,21.296270,
13.048431,21.359896,
136.842787,13.893461,
177.435059,6.711519,
179.702234,53.684147,
181.093535,53.037121,
200.666871,50.503364,
210.028707,41.361830,
188.370279,27.014624,
185.359431,34.791916,
194.688356,9.439419,
196.607143,17.597199,
213.529709,27.102863,
177.022918,4.654088,
188.635312,28.519040,
141.500883,42.604674,
350.916528,6.171449,
176.210049,58.529117,
340.081016,5.962187,
239.596392,10.022171,
149.544676,25.678779,
171.185602,4.157510,
343.037492,13.594926,
121.418993,48.179552,
169.193943,23.958377,
222.364630,63.492154,
137.352839,52.275735,
18.109071,5.084489,
10.782020,-2.897335,
5.471019,32.016998,
254.784879,28.641827,
0.318676,26.549436,
241.444485,3.565749,
241.402624,13.810703,
18.385623,27.049327,
22.274088,16.827273,
359.496755,15.916126,
191.600955,32.982922,
179.476505,28.559855,
157.033516,60.467706,
166.654058,56.330943,
176.771989,34.197274,
243.947375,8.911572,
169.250635,14.228523,
335.605032,17.560894,
193.485489,11.735333,
181.563939,61.341271,
215.874833,51.835736,
179.058821,43.447794,
224.480780,43.843179,
142.723217,14.742376,
118.943179,26.115418,
330.047730,27.963006,
14.667082,24.342368,
199.772554,24.997635,
227.949334,40.516491,
227.971850,12.525878,
33.797959,-3.718859,
180.699599,17.676245,
196.056450,32.006650,
188.898345,38.192644,
191.338481,40.212651,
16.305000,-3.144339,
202.289117,31.657053,
131.564336,59.274132,
206.803646,62.419451,
121.617633,43.034921,
121.831845,41.957697,
352.382781,31.512335,
129.989560,47.238945,
22.430861,19.060929,
233.764442,61.232789,
257.555918,33.734052,
194.798885,16.051595,
164.482415,20.984422,
0.305849,29.495836,
252.070756,34.629241,
19.190643,9.160875,
207.742802,19.800444,
342.263696,-8.144932,
238.127246,26.061772,
151.610390,6.865337,
150.288895,8.490251,
155.333027,39.057524,
228.258491,34.788097,
0.672200,30.213719,
175.138174,29.306618,
234.145407,54.721726,
339.474775,25.358002,
205.969627,-0.581260,
229.070199,27.689705,
125.991591,23.050385,
181.011908,56.989165,
261.958022,34.377592,
154.121404,22.964326,
130.295445,52.859074,
246.426427,8.068322,
253.194588,48.847767,
156.227176,33.061827,
210.945566,24.097116,
167.205763,29.776547,
135.774659,1.814105,
2.877325,0.930779,
135.378282,63.188289,
122.838719,26.281947,
182.591055,36.708200,
247.386938,9.637735,
200.310241,40.019595,
23.656025,-3.000393,
1.866237,5.950384,
120.854362,17.710838,
158.745369,39.537920,
164.169949,46.949620,
138.764311,28.656499,
186.217192,21.864556,
217.553451,52.350321,
351.369971,27.069716,
201.043608,-1.212149,
169.101821,38.355094,
153.176072,38.719087,
129.537202,9.277865,
13.153086,32.499876,
354.607751,10.484928,
118.452257,25.684119,
203.671546,54.930143,
139.721988,47.111436,
178.784325,4.698199,
218.908909,44.867649,
204.446494,43.234528,
20.455478,14.635441,
27.337265,-2.209202,
192.782212,29.316468,
131.883471,17.413829,
187.504283,33.983698,
207.185246,54.586034,
234.565581,30.133856,
342.561373,3.684358,
15.699384,28.906394,
183.558967,48.182140,
206.097990,46.296263,
133.035978,39.166054,
261.722763,37.545055,
121.389222,13.083192,
36.918020,-9.371305,
261.639706,53.050114,
138.237467,53.910388,
353.397789,11.299409,
150.627543,24.617578,
119.628534,38.588667,
163.605125,23.215500,
208.047846,32.178417,
153.278088,51.812355,
243.844835,13.038218,
241.623281,41.047935,
160.174729,10.476638,
123.433178,5.776909,
207.325691,32.872355,
216.654770,13.550323,
195.702349,57.891613,
31.032413,29.459859,
131.707224,31.686717,
187.232942,34.243596,
134.006983,52.574012,
150.290818,33.912212,
174.633338,1.574134,
191.081599,63.081567,
242.624629,43.667782,
23.981123,0.656779,
16.276192,6.145355,
222.596474,16.912521,
172.475839,5.893385,
190.423993,41.605211,
218.025413,61.893683,
209.142859,58.105252,
45.814286,-7.910826,
152.509924,65.135249,
143.596311,58.271393,
167.829781,-16.194987,
224.946848,38.067396,
0.014539,26.294406,
177.093894,35.479293,
136.889006,30.368293,
219.473055,37.575281,
337.708019,12.364820,
248.074417,48.043382,
204.558549,30.428289,
114.445676,35.444600,
138.846302,35.610747,
240.421416,52.408107,
325.489892,1.637542,
353.362969,30.367583,
8.757858,-9.304905,
135.605199,46.606652,
132.561008,32.083710,
235.078714,9.876791,
207.263746,39.842852,
155.843686,46.480754,
137.750842,65.186733,
340.932941,19.125938,
254.839441,44.385195,
329.562891,17.953056,
169.301531,9.695736,
3.228795,24.075380,
188.610903,43.964543,
122.798607,57.692624,
22.562927,0.432553,
121.314155,25.184579,
215.791859,45.237305,
2.298324,24.644615,
203.872727,3.331714,
11.325850,-3.607792,
185.214420,18.054268,
230.119814,8.426867,
160.430375,40.303616,
347.680230,34.287369,
241.213746,55.539853,
332.806967,21.561951,
136.774488,14.544801,
244.301680,10.868953,
228.918883,38.351194,
190.281910,56.586196,
129.893592,36.841219,
9.968506,25.858435,
200.490765,54.297664,
164.151671,49.532350,
153.769834,12.506178,
242.641796,34.873710,
334.226358,-0.814356,
196.353771,3.193103,
232.126758,7.329927,
216.288070,-2.454726,
212.359606,30.296175,
330.189032,23.921608,
195.521769,6.164211,
176.159756,26.435972,
225.304738,22.642337,
130.330806,34.502037,
251.315697,26.733027,
150.400211,3.054059,
161.872324,60.399784,
0.493147,8.463980,
188.356548,56.617424,
4.102904,15.328615,
22.426726,1.535170,
26.859479,5.694505,
252.604316,22.193563,
138.542642,49.754042,
133.923598,14.095411,
162.974029,56.834900,
317.206784,0.620995,
346.134948,21.245446,
232.537393,-1.970343,
131.933396,21.658217,
218.781364,34.956723,
232.534367,8.439993,
167.920467,42.316469,
25.685217,-3.124129,
168.791172,57.147366,
225.710323,16.662378,
218.970968,55.297378,
214.567107,34.078854,
201.297768,1.648537,
153.809181,39.081259,
330.474092,13.531163,
223.226384,7.712221,
259.303650,64.062449,
204.944594,9.616150,
249.489143,32.642282,
125.071000,33.729723,
325.659047,3.811507,
27.918743,3.622997,
22.805214,8.879329,
200.800923,50.542459,
12.181288,1.372721,
154.449370,14.797447,
144.070236,-0.063055,
30.429544,32.045489,
177.044861,52.702644,
168.732507,66.184554,
224.442994,36.206948,
320.580776,-1.688878,
170.992602,36.415520,
0.437025,-9.941897,
224.696170,8.183335,
43.453200,3.956088,
214.422473,11.501916,
31.214124,3.408136,
177.984645,1.318213,
115.438164,48.671391,
131.841822,2.523838,
351.620366,34.961034,
163.571411,24.223916,
161.823060,31.908940,
249.881137,31.475453,
140.833698,9.159422,
174.465714,25.853215,
28.000576,9.047550,
199.070916,40.113213,
210.851937,8.730166,
214.765569,4.581369,
112.285837,39.282393,
133.676255,52.890283,
122.381553,47.306847,
163.982575,53.363459,
128.997219,8.201806,
8.548015,1.444024,
253.404474,38.319865,
170.589632,27.457584,
144.878035,40.583501,
29.998234,1.025952,
159.766708,60.379068,
208.078335,44.406753,
172.182117,0.846804,
141.915708,27.854258,
159.953211,41.951886,
138.318081,31.509430,
173.600408,56.218288,
24.894675,13.468197,
139.242932,8.914620,
191.159129,4.929287,
125.991465,35.095792,
145.164848,33.321467,
351.822113,24.066687,
116.612306,32.491491,
149.783139,36.100580,
5.180288,-2.457796,
203.759956,41.412777,
167.667863,21.424388,
233.786634,22.133903,
15.330852,34.492969,
206.066805,44.435846,
179.336841,9.418906,
128.088331,49.481778,
231.871691,39.009208,
122.394339,25.810553,
144.425585,46.562962,
214.166136,37.674231,
157.090011,28.139245,
252.092361,21.157115,
164.166981,61.017286,
124.788691,28.037691,
196.017135,42.290528,
17.056410,13.777584,
233.611213,56.429412,
156.043475,2.824048,
197.321304,33.513849,
25.447118,-2.165166,
175.498182,49.861138,
166.676217,23.011238,
158.217346,2.302002,
176.615445,23.976826,
166.172127,1.614502,
253.656509,35.307411,
174.356293,37.694998,
162.650649,5.072693,
175.166110,41.762754,
222.788877,50.797008,
212.899750,19.111125,
248.783472,56.142659,
25.636189,-10.445259,
17.988970,13.921397,
175.907909,23.250693,
207.607111,35.028288,
118.860156,22.486796,
139.267306,53.195642,
118.077056,35.470969,
154.546716,32.146991,
193.205139,58.086503,
193.374833,51.951254,
148.317166,41.513606,
130.252867,34.448196,
117.964112,36.566861,
160.553324,44.889077,
51.348706,0.334306,
176.653671,47.387059,
126.163243,29.312434,
164.471280,45.252156,
175.741259,31.319261,
184.812427,64.453469,
253.339353,49.123410,
128.310156,32.765782,
358.374354,30.082652,
184.014060,48.154873,
258.144133,24.827409,
203.821777,37.495760,
312.792081,-6.512818,
206.579329,55.369779,
233.174851,60.752836,
55.894247,0.875539,
239.766415,54.401615,
249.136647,25.502080,
193.971039,27.401453,
17.212828,24.890008,
34.641688,2.800726,
8.925794,-1.220347,
115.605641,32.876000,
142.246806,45.022053,
20.239052,22.162037,
198.581039,24.421875,
116.240240,31.016148,
160.692641,47.371591,
256.922993,36.201502,
155.937565,37.001045,
38.494897,-1.734199,
239.967255,16.141458,
350.267994,22.326471,
233.727658,14.155351,
344.509817,30.734505,
222.264362,-2.526441,
243.617994,30.679935,
357.169644,34.009718,
133.240628,27.001211,
197.009802,47.330332,
173.350670,21.152381,
252.216722,46.673218,
21.173277,-8.726072,
126.554100,29.358486,
132.417683,-0.366009,
195.172484,27.459370,
228.726224,4.369674,
246.462588,36.458362,
245.194921,52.229529,
16.903997,6.830727,
223.007700,54.587637,
202.116545,32.637418,
21.885524,30.972694,
198.217362,-0.877478,
0.451378,10.374723,
255.904921,19.447524,
174.689189,47.259188,
25.760630,22.436324,
10.802953,0.934720,
240.722695,29.222325,
228.628895,50.210442,
24.216914,30.654372,
143.065243,18.021275,
11.802414,-8.725235,
21.626335,5.535388,
12.736383,3.548071,
206.862361,55.569157,
160.195079,30.467108,
185.006918,31.897651,
128.456470,39.846474,
183.329257,37.054214,
216.689237,53.276941,
245.937622,21.823707,
115.145953,21.343103,
214.169149,17.765832,
161.938747,25.861234,
183.495096,16.774419,
165.175842,17.339346,
11.221978,33.424319,
118.678282,26.511622,
145.501179,7.502017,
157.342533,37.891452,
161.663952,16.971842,
222.958403,58.973146,
232.362910,48.924657,
234.204623,43.827610,
8.242446,3.511054,
172.879805,51.762701,
202.795760,32.843954,
242.943144,21.168590,
39.016378,-8.384425,
229.696934,41.526604,
13.764037,14.693891,
189.975322,35.255977,
152.965033,29.294105,
222.157417,34.446262,
345.396745,33.495873,
183.131975,37.697665,
218.729650,29.259585,
329.006875,-8.306704,
247.882195,31.310512,
253.690373,44.432409,
165.150953,25.235606,
14.699662,17.704378,
160.875405,44.180983,
30.521349,6.817889,
28.315674,30.126555,
226.136977,27.222378,
139.236476,15.452371,
149.712613,38.702518,
148.087028,37.273030,
161.285091,37.852180,
131.169416,33.819179,
166.979811,48.814489,
249.099908,0.384081,
247.839852,45.137592,
25.790622,7.960419,
164.543846,18.572995,
254.836743,31.949321,
25.053234,3.570209,
358.953664,9.901585,
164.559997,51.364150,
10.970916,25.603449,
148.299716,51.109143,
169.818448,22.243514,
352.104555,8.470401,
242.409023,13.350860,
164.248579,29.757415,
235.209243,29.424307,
239.757954,57.555485,
171.405304,-1.284289,
132.027022,33.069561,
158.248363,20.979971,
257.488054,44.701779,
146.756790,32.664758,
210.440346,44.604476,
159.591121,23.903311,
154.277775,57.867210,
219.502587,5.403020,
183.434500,47.332977,
138.629286,48.178286,
330.661705,23.876589,
148.117448,47.431414,
347.238233,3.529469,
171.792125,26.669649,
158.891791,48.239080,
359.198897,-2.725370,
213.952491,42.423029,
151.916023,23.622440,
145.099236,2.820739,
114.903814,46.965206,
240.752539,6.757346,
328.987522,-8.132085,
163.676857,6.103014,
242.153517,29.978340,
11.078063,1.344621,
175.806069,0.493814,
173.697593,29.932081,
343.877359,-8.195954,
162.901559,-0.801961,
129.558469,25.241165,
336.221793,2.602448,
330.182313,28.864685,
345.555183,20.188967,
170.625004,16.914818,
172.411386,13.208965,
153.447073,6.837693,
117.002062,38.059349,
165.349070,6.814064,
187.549337,40.245268,
206.165494,2.728426,
187.661149,5.670393,
24.785236,4.819925,
182.626737,41.712849,
134.744993,51.145539,
319.840024,0.152006,
219.190707,52.107824,
253.177983,33.710114,
179.503819,12.077628,
225.828664,43.707725,
235.993202,11.988190,
180.891587,11.889383,
191.359788,38.110613,
212.499489,4.883484,
345.505742,22.360149,
120.467232,52.203143,
123.111511,34.169636,
143.796360,40.278027,
210.583878,12.510085,
337.928499,30.181714,
156.468810,46.282770,
334.411839,20.886976,
170.382776,55.537182,
144.084278,25.906419,
6.506490,4.681959,
334.333557,22.609766,
166.091383,40.296234,
12.370342,14.375646,
159.262136,38.452139,
151.869694,26.313858,
223.006646,-1.329258,
244.200429,27.280201,
25.581418,22.805949,
130.511833,29.094488,
118.676253,23.091694,
236.394051,57.606983,
30.309546,2.392581,
133.192579,51.121081,
175.764637,20.185348,
4.396631,-1.300481,
314.706634,0.093074,
170.809077,38.921953,
343.380252,20.843192,
165.277532,35.374518,
193.318818,34.211786,
223.766471,51.927730,
123.617438,31.063910,
216.796282,18.927646,
119.786017,24.471278,
27.921366,24.448466,
148.471521,38.733169,
354.691774,22.761187,
6.251686,-4.292301,
144.099554,19.538772,
239.497208,22.139768,
176.706936,61.455446,
4.912065,4.256239,
7.328791,2.498308,
256.136576,25.025083,
166.004380,58.272612,
209.376174,25.480683,
208.671776,23.779572,
126.281980,36.069753,
20.851794,13.801115,
203.979512,60.813789,
147.038684,10.196056,
115.425807,44.679304,
347.209641,1.714797,
230.135157,1.264771,
167.557117,13.977991,
31.288916,22.420174,
119.993543,24.297237,
222.971524,6.428273,
323.599669,11.384828,
25.592949,30.505689,
163.838852,37.672641,
201.696790,34.064394,
171.570523,42.861288,
4.139156,-2.396685,
134.961050,5.492113,
10.211377,-1.464625,
170.966151,16.169214,
35.555505,-4.175071,
210.765966,11.109970,
229.612037,49.307817,
183.844433,54.108326,
185.479355,1.211656,
129.206525,48.698365,
30.935484,6.464531,
29.370310,-3.707722,
1.237151,0.117643,
212.525638,37.562595,
160.253283,60.509809,
142.282932,43.027152,
187.095294,29.900954,
204.518990,9.499492,
10.254697,2.846521,
142.925209,25.808695,
251.805021,22.950546,
246.334662,22.975803,
124.854166,3.415496,
170.853416,29.170292,
248.512380,51.513057,
27.706289,10.989920,
234.195244,38.509896,
210.035831,1.909867,
3.075903,-10.400589,
152.633711,57.072902,
345.384042,7.031350,
197.846245,45.533161,
331.158506,-8.227911,
254.843488,25.595596,
192.616621,13.184930,
183.271208,28.947047,
162.678643,36.488634,
224.998508,35.184677,
24.416527,3.338158,
351.205962,2.461844,
152.411468,44.002697,
43.532020,-7.673061,
231.638503,44.801615,
228.641886,61.324113,
187.658551,16.428075,
158.428471,9.067649,
249.310752,41.973933,
175.480778,30.190390,
338.295268,-1.048929,
349.370562,0.284167,
148.031792,25.882597,
157.950133,33.142901,
171.458125,33.794112,
184.711788,5.307263,
237.866474,13.080992,
336.935850,-9.049360,
41.203345,3.505655,
247.425965,39.950690,
188.949491,57.788833,
221.231362,60.708177,
10.152590,29.930805,
226.082079,40.075835,
330.996122,18.448397,
165.174690,51.656077,
164.069603,5.699073,
196.088201,35.770973,
7.312981,25.591398,
193.799568,53.391880,
154.059375,52.154290,
181.091367,54.798655,
349.260153,14.042733,
160.187322,35.577273,
353.234229,23.716180,
171.668042,1.250372,
247.685794,54.803644,
152.467632,33.718309,
16.750189,-0.110079,
1.495977,3.002691,
229.846322,52.908834,
30.521722,1.910344,
28.628035,4.292889,
246.726520,52.516781,
227.187617,3.671951,
156.068912,26.796162,
201.966605,47.700332,
322.033082,-1.107940,
9.472875,30.924615,
28.538557,23.704159,
30.134472,31.222911,
203.606259,2.375108,
23.798126,9.020900,
158.835949,54.430943,
212.744117,35.677835,
162.941579,29.927944,
41.750770,-9.026567,
225.076749,17.367498,
224.610905,27.350319,
110.799155,41.172757,
196.892449,66.756948,
19.291972,-1.410642,
47.954001,0.480481,
321.979437,-1.383563,
28.160096,23.135566,
24.072397,31.281215,
183.160790,47.307960,
214.645727,20.175261,
171.336637,26.630388,
170.801325,36.481450,
164.393503,51.756750,
317.469667,-0.795942,
150.879697,3.577191,
183.257111,42.206725,
23.789762,8.162164,
222.152121,35.799467,
247.265168,55.306975,
30.257651,-2.194585,
114.521074,41.336459,
29.643077,18.015127,
133.296793,29.243664,
205.346855,41.741220,
122.387959,33.744681,
157.423823,28.786675,
171.058061,0.262875,
136.228671,37.298188,
176.729396,33.130583,
206.359128,49.796097,
195.948100,42.973444,
22.153621,8.203028,
247.875621,47.203715,
20.059487,32.827189,
28.458795,28.661858,
10.266540,13.071707,
238.435637,45.192837,
20.148502,-0.511033,
247.251034,13.731040,
174.545797,38.336428,
188.792246,48.677252,
242.255528,44.481135,
257.680377,23.962552,
191.772475,40.551857,
236.291085,52.028761,
329.378860,18.773552,
202.603069,28.255965,
205.777305,5.097882,
204.368313,7.215774,
233.502157,-1.904820,
205.812185,33.036151,
221.697181,9.268244,
166.121424,35.303676,
142.137147,63.811933,
150.422328,29.675435,
194.253309,27.439631,
144.264381,15.779041,
247.498415,37.196843,
147.558548,58.026817,
196.014973,41.920067,
179.196404,4.891502,
137.207639,27.632864,
196.145848,31.718235,
4.501981,15.716240,
175.505134,-0.745023,
224.488738,34.663987,
133.375612,22.179414,
246.442563,50.675291,
178.879759,2.680502,
147.790679,28.337653,
166.532888,55.222898,
34.141498,31.613203,
191.192522,49.891692,
12.495475,34.902835,
122.222899,34.763395,
148.438419,1.714408,
30.054674,30.740259,
32.054043,26.712927,
318.682522,3.534264,
333.176732,26.282377,
190.659912,4.937925,
191.798896,2.702712,
114.570470,31.743634,
334.472555,28.950448,
169.687161,30.857968,
9.673054,0.040760,
359.564132,-7.459295,
42.143055,-5.802837,
237.401135,34.900799,
243.371857,14.655907,
127.243060,27.868825,
3.443841,0.567486,
242.427684,54.415237,
154.001045,-3.187361,
221.459586,15.841592,
156.212140,9.729533,
3.132667,-9.724208,
358.351485,34.623245,
32.048136,-3.450995,
151.472250,0.324227,
121.770681,22.464434,
343.143814,0.076987,
165.489635,52.921671,
356.144694,15.861687,
218.588044,-1.207323,
127.873104,30.270823,
115.078693,33.336979,
350.836515,27.760271,
117.765919,40.443532,
119.147563,22.241132,
151.087571,1.613165,
191.322459,32.699966,
195.630371,22.156652,
147.538474,31.414551,
231.525887,3.162956,
4.989501,6.044788,
62.475876,-4.193635,
256.708676,32.318758,
196.989341,21.141033,
136.641333,49.712017,
16.343789,4.816870,
48.387017,-6.532770,
354.577662,6.988193,
27.938889,-2.834361,
127.198732,36.623383,
350.979333,-0.252049,
28.256595,29.236544,
250.845871,42.158071,
187.184061,64.434902,
3.585145,-4.991344,
144.701063,9.610515,
24.004064,31.194339,
331.614082,-8.130083,
164.867633,60.547844,
27.058407,31.815820,
209.834953,17.457977,
239.463515,32.185950,
243.640727,44.645255,
210.009992,58.854327,
183.667082,47.540602,
169.353559,62.998769,
35.198533,-5.309993,
158.474700,33.294529,
123.448075,53.798357,
11.997643,14.603169,
359.698291,31.592775,
171.013641,61.363544,
41.479437,-1.947993,
248.045064,39.347306,
196.039718,4.434475,
354.899091,24.519148,
356.433813,33.682477,
239.551953,20.942499,
196.673780,64.525912,
150.605589,37.576898,
140.085629,6.108406,
175.167050,-0.934527,
114.554970,27.177273,
221.798035,18.819670,
179.859195,21.115526,
7.311164,-8.366165,
210.842292,21.520266,
26.385768,-4.512930,
175.997375,51.839864,
139.016079,28.942622,
41.269290,-2.976837,
24.639983,28.713185,
184.362669,13.867464,
225.079515,0.046967,
38.222607,-8.475590,
169.009188,55.169606,
211.008624,12.582499,
162.088041,32.490218,
135.934007,40.199406,
197.155591,19.396293,
180.918969,27.292400,
160.386594,-0.849287,
223.336455,-0.176662,
131.305063,34.469125,
158.838303,30.263356,
159.535997,23.525957,
166.264451,7.155659,
341.003751,0.605059,
344.870284,-0.956355,
356.977754,32.895752,
167.401807,34.508641,
339.450625,7.190967,
176.671899,63.741452,
351.823022,7.126846,
12.035328,35.086041,
3.634557,1.082327,
211.984672,6.747520,
218.093527,39.974941,
175.196020,29.591629,
208.519686,57.476208,
198.824864,66.815800,
134.050501,47.671825,
184.041165,7.266279,
353.956735,0.535770,
222.581213,17.611940,
10.345722,2.536433,
317.546271,6.915916,
150.949767,12.617190,
330.758430,-9.135724,
15.748745,7.193077,
236.358541,14.199810,
118.696765,12.687869,
359.110209,7.944112,
140.758534,51.613592,
217.530585,48.514710,
11.934390,3.852412,
124.378132,40.833982,
30.562793,-0.266014,
320.858591,0.699555,
137.443654,12.297615,
32.131995,-0.587362,
199.286723,16.645053,
123.005922,53.748847,
195.651475,30.863002,
137.266884,39.665113,
185.670090,3.038248,
311.415340,-1.199503,
216.646684,40.571131,
178.872384,11.569569,
146.239497,28.112633,
201.434560,42.665406,
189.278626,62.283932,
167.728411,45.848940,
217.412165,64.807387,
159.143801,21.595964,
178.578127,34.842202,
357.221920,32.817184,
147.668639,37.100519,
189.430975,55.545897,
168.805988,24.060205,
131.841242,52.040674,
192.127263,25.301613,
186.229649,9.752805,
161.773533,23.243846,
167.966368,37.491255,
211.192855,6.394517,
185.663388,53.771585,
210.499972,37.633111,
161.593898,53.513788,
181.746947,56.249434,
340.924657,-1.130326,
353.814244,-0.872697,
25.912377,17.824709,
150.802337,18.957460,
220.179521,56.972923,
166.067241,31.895040,
140.865310,35.845349,
154.040213,1.671803,
151.926897,56.357147,
176.459450,3.298133,
215.980854,46.126018,
186.430145,45.745264,
221.979476,8.003605,
359.369361,19.079597,
356.897364,4.489974,
5.790215,22.079018,
167.883836,55.544524,
136.848299,45.056561,
19.626408,-3.994867,
40.120199,-7.978714,
233.842494,35.798783,
150.888428,52.193290,
156.104018,18.406101,
350.450611,29.432096,
320.938856,11.473281,
320.579909,1.251613,
157.488738,11.931312,
245.333999,40.446396,
227.242339,56.874049,
122.293691,35.243656,
13.287697,8.607745,
136.871327,33.551146,
200.670932,11.200645,
209.398012,28.816979,
208.071875,55.658003,
343.366171,23.017766,
188.535242,12.260758,
238.155931,61.612320,
356.200172,1.321314,
151.868151,17.796023,
214.628644,61.416813,
30.468968,18.492491,
190.235616,30.758461,
326.142541,-1.270828,
219.154721,42.754029,
18.328443,-4.270446,
184.936626,46.170928,
341.343331,29.144581,
230.788794,60.518354,
7.406777,-3.534157,
185.312190,37.611062,
20.259375,28.431301,
232.428164,-1.992792,
191.413604,47.804944,
194.701428,57.719611,
244.294628,44.052535,
148.980072,47.638496,
234.785018,39.253668,
3.680640,29.564484,
230.094731,50.176818,
219.893557,34.727695,
240.689828,42.174900,
41.661876,-2.399607,
130.762087,31.106179,
56.121131,-0.650180,
225.855300,11.453332,
208.031841,14.146568,
156.202817,53.538421,
354.377744,24.793480,
188.365006,35.830263,
246.939623,45.340338,
142.909573,5.927404,
1.571012,18.671049,
28.709644,-2.428229,
118.406179,29.029920,
169.035118,17.026448,
191.639700,25.271612,
199.470283,55.705588,
255.635880,31.964557,
189.505154,31.834778,
146.768822,47.361928,
8.472283,35.455950,
1.601979,30.301018,
159.068027,56.968883,
190.325742,20.287664,
144.064674,9.458932,
181.436174,34.381229,
32.112774,-0.868920,
182.828340,26.420971,
24.715987,15.331539,
199.051066,21.324307,
254.080327,25.823665,
116.393028,37.592241,
187.761052,63.888742,
31.246217,25.418364,
206.533160,43.085972,
151.954299,25.228731,
160.857823,40.104739,
152.647701,48.316120,
26.562179,11.477630,
132.267183,53.901141,
161.058973,42.455078,
40.218366,-5.900673,
255.147626,63.422956,
133.469425,61.132742,
148.797141,36.074485,
133.757144,32.604826,
186.426134,29.715741,
20.491156,29.034316,
322.742717,1.204208,
120.027951,45.808894,
340.810110,20.511845,
4.485905,21.478061,
214.369968,31.261234,
12.315519,22.341839,
178.881981,16.344191,
229.589229,59.915582,
22.088864,31.853015,
13.876614,34.626769,
348.991741,-0.618664,
35.363932,0.847958,
11.900413,14.882341,
47.272406,0.969140,
5.873152,24.258045,
21.409868,-3.739059,
23.452472,26.832083,
192.672729,42.875075,
145.790287,10.566844,
191.868729,24.947317,
121.087526,37.012372,
129.326524,56.903948,
236.007133,15.098867,
244.548947,28.204491,
168.988798,60.367190,
242.686035,47.831606,
132.558100,17.246962,
0.551531,18.815665,
206.368089,17.591809,
123.994256,47.705180,
231.773978,12.182926,
19.238293,7.375274,
245.019557,26.057306,
205.755426,32.906325,
118.903245,41.620326,
225.411635,15.520398,
159.888044,63.609661,
191.305841,57.275699,
244.468779,47.331369,
127.824988,45.006791,
225.689790,54.148000,
150.985160,1.824998,
235.001908,13.462522,
351.487310,-0.083340,
24.597499,24.460392,
351.798156,3.722839,
330.364359,12.027565,
353.375437,35.463072,
233.047530,47.720024,
157.050359,38.192485,
176.471473,28.220391,
111.235254,26.508864,
150.570032,40.977352,
195.991226,50.110640,
140.189776,7.616658,
151.475130,47.252494,
349.210697,5.584875,
155.442562,17.573832,
29.543072,18.207126,
165.245616,0.429176,
330.838037,1.597388,
192.298617,37.645265,
211.993295,48.717273,
252.824913,40.743973,
205.224959,49.999381,
173.509632,6.525882,
184.229362,19.318993,
166.185663,64.701652,
344.525855,18.783967,
356.911132,19.639236,
167.337143,21.633911,
248.087789,0.491806,
130.989948,7.080672,
178.081383,54.793072,
198.725033,50.645402,
120.493808,40.555706,
165.000327,6.540519,
184.118710,36.268218,
237.471103,50.386418,
175.580735,67.172299,
8.622651,-10.607481,
154.996091,22.937866,
125.535229,38.188847,
217.477048,14.200956,
173.487613,36.492755,
164.350665,50.589913,
135.940776,13.388806,
51.466843,1.100865,
11.980969,12.328253,
230.997240,51.482573,
144.499675,38.624341,
117.121557,50.887336,
157.011231,64.208839,
176.711710,7.399619,
167.838436,11.246331,
21.164778,2.207895,
143.433997,0.887475,
20.982590,15.589476,
246.989481,30.800747,
249.271129,36.063966,
334.381123,20.051097,
251.014117,41.921981,
212.164316,14.390597,
138.120845,24.028024,
192.021294,65.239394,
242.682736,38.723048,
319.350565,2.133944,
352.234789,-0.503265,
331.863018,27.683829,
188.667728,52.640824,
0.172356,11.416997,
340.877321,5.031536,
1.615124,-3.667526,
234.861640,51.768779,
205.294232,-2.798703,
9.257150,25.412782,
6.458112,19.496593,
253.951337,49.819794,
114.532348,31.511422,
164.155914,29.759707,
119.005801,28.397302,
24.254059,5.675867,
241.279839,45.106937,
342.031691,-1.974488,
132.466498,46.465511,
210.763669,-0.161728,
198.316521,9.305726,
212.396935,8.820728,
177.620412,51.911870,
151.432468,16.907202,
215.796322,45.790628,
23.783655,11.940574,
178.692233,42.372457,
213.865205,41.759240,
232.971195,58.995508,
198.461066,2.016986,
154.928885,45.044299,
19.231509,26.783436,
183.166045,36.609074,
248.796540,49.396838,
171.365551,32.018596,
27.931577,15.478512,
129.887069,38.424608,
26.471147,21.653358,
312.514778,-6.135040,
340.985729,27.528096,
139.145484,16.879480,
323.804246,6.022619,
241.673045,58.952224,
189.879425,-2.847930,
337.033359,18.901659,
50.194539,-0.291895,
243.034970,39.821466,
176.838713,21.299259,
122.100330,35.237902,
159.246899,21.503529,
144.333549,34.570991,
239.529155,32.044020,
324.030822,8.729245,
255.374305,22.764902,
338.685444,1.099944,
247.517046,32.989423,
202.513119,10.833538,
156.837760,36.696028,
117.028925,25.774103,
153.773662,36.081289,
170.274679,55.860296,
183.366223,35.772754,
28.767712,25.076171,
217.738359,24.102296,
181.832582,9.809338,
170.748040,50.105170,
251.369278,22.347513,
340.570064,18.540722,
238.433385,42.236109,
146.283458,50.682686,
152.771761,52.480967,
117.322569,41.450645,
244.554939,23.178725,
203.492669,57.742954,
154.520273,50.902697,
180.325002,33.850485,
156.446759,49.266596,
31.018615,30.844250,
50.641984,0.363885,
179.239466,56.297282,
205.481359,34.766205,
47.560164,-7.847481,
215.810381,54.123065,
21.416538,6.635168,
161.787219,18.339300,
232.872437,7.761211,
1.958544,-0.154086,
243.001168,31.739422,
212.945955,41.818370,
144.916010,19.092516,
207.107865,34.423797,
238.007020,48.846053,
321.888205,11.204349,
165.842575,35.609452,
183.767721,30.839988,
135.363294,24.497405,
221.307486,57.324232,
124.757716,25.137545,
6.188774,35.113488,
195.864982,34.190854,
146.369554,18.778196,
159.221898,52.367852,
214.316026,24.869850,
242.446127,55.092585,
173.638286,21.621797,
240.060996,27.602729,
331.187827,29.631387,
248.666137,48.139486,
198.886759,52.566103,
138.874369,47.434830,
26.921908,-7.776484,
222.567058,46.525939,
346.951938,3.162361,
152.361517,31.296695,
32.782843,-5.240453,
357.466530,-2.311824,
152.480373,41.021539,
8.698079,4.966288,
182.247372,41.290986,
25.625617,0.351285,
182.360695,68.094688,
3.275624,0.075516,
209.625539,31.174761,
134.766510,6.421423,
153.210568,49.990672,
131.734143,25.036845,
133.619343,9.125718,
160.719799,26.148808,
355.413547,-10.062164,
114.520087,25.669962,
172.665768,56.714893,
334.462244,29.648116,
124.577494,31.903991,
150.129656,57.932750,
145.581704,14.526226,
232.677991,7.171772,
344.075089,24.750743,
173.022283,26.896834,
208.472165,47.120968,
125.720651,25.561369,
134.746150,4.634772,
222.627566,51.651916,
241.615604,52.711549,
200.378315,29.597303,
0.266596,34.411159,
6.512748,23.814955,
150.481745,59.870805,
183.269549,39.591518,
179.201886,64.095357,
15.250783,18.445471,
115.938182,30.570276,
245.716641,49.239256,
148.538706,24.591175,
162.147690,-0.669764,
255.289985,32.353600,
149.855450,7.881412,
45.422619,-8.804299,
215.093495,3.439837,
246.252147,42.523556,
130.536051,22.475899,
204.694639,21.324218,
254.745152,30.887839,
228.066085,15.161587,
231.890086,46.966653,
49.369434,-8.069916,
188.029572,9.807008,
229.279525,49.000425,
206.161148,16.532692,
146.228748,3.504240,
184.277090,12.712627,
189.446327,48.201006,
236.332872,12.706583,
26.599716,33.721735,
185.626901,38.871707,
222.896632,20.683674,
192.059610,38.945103,
169.881725,26.685756,
137.555919,22.319826,
147.843910,23.862661,
124.989089,45.634555,
175.083843,21.790087,
151.455648,52.391963,
11.494494,18.153161,
197.459302,8.687636,
154.320350,28.476239,
22.365640,22.449945,
133.436298,54.049546,
133.805895,55.170602,
206.033865,64.597039,
135.740849,55.457499,
22.588103,31.647167,
231.055622,43.093729,
192.424535,38.793605,
348.960195,0.680984,
151.151084,68.055958,
338.341319,18.613439,
150.860775,12.640560,
240.416161,26.051902,
115.663795,29.423589,
342.305788,6.010608,
160.291045,0.181071,
160.026859,11.151018,
3.291823,6.118326,
202.052578,30.834862,
22.830091,3.055425,
169.178224,9.094238,
190.907197,30.964187,
145.917739,57.871284,
32.607342,27.604694,
130.223275,51.645946,
321.663252,4.252567,
319.744139,-6.507525,
157.733989,33.939130,
218.615495,39.184280,
26.161863,23.402417,
180.112761,55.369332,
167.025990,36.375109,
18.525998,-1.068324,
144.751314,12.624582,
38.496202,-8.275538,
34.830222,5.235746,
187.909672,38.913726,
222.774535,16.228904,
136.878360,47.306666,
244.588767,30.806844,
136.973390,22.727031,
351.194469,23.107440,
21.956866,24.836875,
19.666381,19.841074,
233.955185,10.679195,
188.247946,50.355794,
204.991842,25.116793,
246.399320,46.026011,
198.012121,48.034745,
240.104995,30.464225,
20.014770,33.153671,
335.371132,26.641952,
183.270326,45.458031,
334.813802,31.994199,
239.295684,48.961473,
227.394075,15.855782,
166.732545,61.302076,
15.139593,0.366710,
15.462855,0.341340,
225.529543,37.423298,
349.553825,2.841035,
340.577893,23.144669,
345.836979,25.232320,
252.380570,18.487068,
171.118027,4.399584,
183.599967,33.669514,
148.059268,4.926314,
231.247043,35.090095,
252.366667,41.606375,
231.207640,25.295031,
154.938256,15.750349,
37.404495,-5.271529,
223.749912,59.524694,
221.294479,38.508779,
112.881888,35.299915,
158.227115,2.353315,
194.587984,38.410513,
132.748418,34.462010,
157.987753,58.269455,
183.540338,19.409887,
27.725592,9.202975,
156.481778,25.588617,
340.899786,28.230026,
326.710226,24.462795,
330.208713,6.850975,
129.415889,6.023169,
319.521498,1.132779,
342.974202,23.368775,
249.464378,29.724754,
145.058398,30.650815,
335.283461,32.099639,
217.202223,44.986073,
169.181792,41.917746,
176.162139,17.038411,
169.051085,8.615210,
168.128626,49.789905,
170.710870,22.710419,
213.879278,23.016407,
190.104123,8.971705,
232.039578,57.693257,
180.110033,18.410592,
256.036361,34.627304,
2.450244,26.753942,
23.536333,-0.087732,
137.393689,11.097030,
191.958313,18.623864,
139.992677,11.197871,
354.815655,21.601169,
234.798401,48.101111,
231.573581,12.653358,
9.136478,13.706140,
14.820152,30.589379,
352.647057,5.938812,
153.511029,37.730932,
156.174197,4.344393,
160.911101,14.417610,
240.365950,40.842238,
140.778179,49.475133,
141.783392,56.414361,
256.798671,42.834314,
359.961534,27.857990,
227.537315,25.860132,
172.764446,45.955684,
245.921159,41.108399,
325.206143,-1.438160,
39.605317,2.590892,
359.645230,2.342940,
226.802726,29.237630,
225.372471,19.600952,
146.243383,59.301537,
34.252138,0.788836,
210.860423,9.345520,
213.583518,46.910803,
136.280775,41.653101,
163.839315,25.346205,
33.884695,-6.061297,
141.763970,19.517803,
182.546153,1.029391,
157.899942,48.154105,
172.676800,30.526516,
347.108546,18.847197,
129.930182,51.803056,
238.987769,-0.602336,
17.160499,-1.191004,
189.682629,31.326186,
138.284202,47.129444,
220.760810,40.756980,
198.523421,6.956101,
179.154264,18.815710,
159.981335,24.472515,
133.601837,37.659835,
252.820233,41.761540,
338.915523,6.737159,
210.358935,52.142954,
247.055932,23.390491,
235.981943,34.489779,
144.224357,53.524123,
175.398205,61.313045,
345.425844,17.121475,
232.910343,38.440873,
150.141168,10.789932,
239.358261,19.587696,
7.371036,28.505055,
2.373108,12.226583,
173.434031,38.196892,
323.811282,2.847928,
221.812699,44.135234,
172.728549,38.462935,
341.267722,19.237364,
163.146462,64.452432,
148.381759,45.705379,
142.430787,53.854871,
172.639963,39.238093,
3.475992,8.901422,
1.891816,-1.559714,
128.949617,5.555654,
40.906960,3.934214,
185.957113,38.372725,
185.146881,6.447085,
182.957629,35.879292,
240.220011,49.388146,
1.681839,2.787230,
346.186862,-0.705063,
136.088002,42.928061,
14.559513,2.115360,
330.002972,19.175314,
209.694703,7.864026,
338.314352,29.852004,
322.940465,-8.462560,
209.430782,10.090617,
125.341836,36.819308,
204.513421,6.038829,
119.810431,41.124584,
150.830859,22.937748,
151.571535,53.346553,
205.945288,48.833507,
20.907136,8.151972,
190.398445,14.451416,
133.154343,18.439693,
217.377231,36.473498,
141.387468,42.064062,
1.582696,11.232749,
348.352114,14.726462,
227.067557,43.409159,
145.645884,20.623812,
212.907009,44.064653,
140.450563,25.213917,
206.967089,41.050342,
183.750864,65.638639,
348.219800,20.973993,
248.614595,38.423448,
144.460161,22.069756,
203.992846,3.214610,
145.454007,64.743070,
244.640050,46.418301,
246.356834,42.866039,
140.312510,12.973939,
239.272906,5.891049,
31.660227,-9.224824,
348.509904,14.844411,
171.042994,62.934562,
193.394003,43.643381,
195.247983,-3.425877,
19.989257,-3.530882,
10.773979,3.383574,
211.926292,13.174529,
124.314521,40.330895,
196.993947,63.417918,
162.828116,19.439827,
191.104681,22.829106,
152.146244,42.351043,
13.087305,1.010478,
166.275196,40.676917,
198.035825,49.613336,
175.033809,21.799326,
134.845802,20.483276,
226.833317,26.109958,
30.910672,17.049955,
22.557929,31.662568,
168.275497,2.161876,
259.241490,31.211074,
31.037412,27.558442,
232.390330,2.204843,
145.951279,17.298438,
139.134273,26.491944,
20.855722,6.174613,
191.223499,23.140006,
333.775111,15.202384,
333.603753,0.202810,
236.243404,5.349358,
125.807516,21.911349,
184.172935,46.436341,
141.672181,52.661753,
166.920640,9.144101,
241.747189,6.894700,
30.816198,28.965572,
164.713593,20.000382,
180.135132,30.791666,
356.451009,35.597332,
180.668118,26.620265,
140.182885,25.147240,
42.372780,2.647960,
228.752047,28.712050,
0.370399,21.382624,
130.496908,39.361108,
139.489758,21.810154,
125.604883,33.287973,
238.940275,2.854703,
5.890763,-0.584862,
227.508622,44.979563,
225.422707,24.689401,
40.111354,1.715530,
143.946596,62.050803,
231.723788,25.517968,
123.013643,9.260387,
194.370727,63.545803,
177.603358,1.938969,
161.505767,53.464848,
27.236320,23.054572,
163.084630,18.279938,
190.250936,53.370561,
256.634285,32.056071,
126.372022,37.752266,
158.770608,56.740757,
160.115996,47.961814,
18.344011,30.455955,
237.870578,61.703661,
130.731527,58.073789,
235.291429,40.629487,
26.258437,-10.064179,
356.183688,22.362889,
214.767064,49.842574,
187.712118,30.041466,
337.311112,6.885545,
237.554003,59.677293,
188.521621,42.085659,
256.373441,39.649144,
212.913530,48.593336,
6.615001,22.146691,
351.549759,25.564266,
171.459268,43.745345,
24.378228,9.679678,
211.383320,31.978376,
1.718778,19.458159,
170.904645,50.758858,
235.818412,54.090572,
167.764659,24.425066,
234.538297,43.198754,
230.192051,48.719811,
342.791038,2.982201,
220.789020,35.483228,
181.663526,4.325258,
169.563688,31.331481,
10.862219,16.836256,
244.079137,59.547422,
174.442152,63.029212,
194.925025,20.985404,
38.453502,-5.753670,
161.134425,15.893879,
257.991349,41.162865,
189.224058,3.864170,
122.852390,53.092505,
117.724203,23.076799,
2.638929,-9.914790,
200.387973,31.482205,
124.390585,49.539228,
159.374596,35.153261,
23.228844,8.459608,
337.657935,20.569317,
124.627427,53.726153,
210.609302,3.254498,
176.200259,-0.949848,
22.772107,13.665011,
350.649581,7.573745,
176.862381,35.327575,
220.388151,-2.762648,
122.136617,13.100877,
242.691532,32.316324,
15.126682,-1.417249,
243.941339,39.369071,
216.102513,14.295713,
179.783247,33.273727,
192.919402,37.828935,
160.285362,28.135500,
137.515027,50.222259,
132.994388,30.656964,
226.159289,20.313521,
138.937959,38.260660,
178.840053,41.029030,
174.135560,41.558167,
206.057910,10.966121,
339.254399,17.595900,
198.253771,60.719326,
356.316699,10.660104,
141.399986,25.029206,
135.462488,47.757355,
192.858538,27.384258,
38.605248,-7.947108,
165.687918,22.227727,
1.647883,9.435587,
139.271542,52.374587,
159.501601,2.424091,
208.516011,47.980524,
133.024748,33.912246,
11.565790,23.685127,
125.696707,35.421435,
346.561137,30.091305,
181.927486,11.893536,
121.374089,44.044351,
228.014659,20.929908,
217.426126,45.786100,
18.824398,24.017329,
31.375344,22.759200,
237.583886,49.731339,
233.709497,54.499889,
167.672376,4.298786,
158.983930,18.627015,
160.277394,46.681859,
257.109498,29.584538,
116.869088,23.014492,
14.865438,18.643203,
250.841899,37.279308,
117.804375,31.343902,
161.433260,11.543362,
242.554936,6.210339,
154.587841,29.602690,
4.761101,11.053404,
5.389733,36.174799,
222.266662,41.762061,
347.154604,18.170358,
3.786491,23.779158,
199.804357,34.794118,
3.645462,15.283006,
189.320516,45.040165,
203.313574,56.149944,
258.742821,41.868009,
25.941573,11.408299,
124.995806,39.208808,
254.726729,38.631161,
216.600586,37.537760,
207.301391,51.055701,
200.104491,13.680550,
147.330434,50.531381,
28.069684,13.859714,
122.470526,7.877785,
133.115768,17.046224,
15.328174,5.259265,
17.043676,-3.625450,
163.138188,-1.924265,
228.380133,35.808051,
215.842123,51.277255,
15.223985,2.124685,
172.830551,47.729085,
4.914828,23.239812,
261.425694,58.352917,
227.955338,13.847007,
207.801376,26.914868,
189.609015,53.517916,
39.216232,-7.582015,
208.921327,30.403307,
155.482419,25.126640,
229.337953,44.164260,
188.004167,59.439967,
145.067428,16.637280,
12.272121,17.216895,
10.764353,30.458392,
211.784474,17.192005,
223.990931,58.494156,
332.537110,-7.201329,
148.454031,51.852347,
176.241341,25.621501,
255.531046,19.246485,
138.007889,35.267612,
236.568179,14.845834,
132.488676,43.865953,
173.211875,-0.333615,
166.056415,41.202421,
181.745943,37.650517,
130.424544,25.533693,
21.583293,14.820531,
221.186696,1.874139,
180.346838,58.122192,
128.010880,30.318705,
250.021460,37.672390,
164.609901,33.990188,
147.939538,62.709204,
216.888239,55.799667,
344.263344,18.977114,
252.336577,63.075342,
19.659486,16.962741,
232.706261,10.696895,
340.731227,22.637381,
201.509991,40.930231,
176.509099,49.817511,
152.547974,11.745865,
134.372237,16.939371,
233.918217,21.643496,
177.718426,61.085515,
208.467673,8.879690,
121.200142,10.624450,
255.121382,41.196937,
224.493274,1.620869,
205.450462,41.002749,
152.261962,50.684121,
164.766893,23.113455,
138.380228,37.040792,
232.167429,44.173419,
247.382518,56.597553,
28.915712,20.612637,
204.829995,15.673146,
19.036505,3.442478,
164.883242,3.223738,
170.081758,8.984768,
154.128951,41.775956,
196.673430,48.034047,
116.035038,37.978099,
132.352200,1.786975,
358.596512,34.550877,
202.792600,28.271362,
221.182035,49.485669,
154.813735,41.982517,
208.517256,11.123839,
148.387187,36.431314,
30.670707,7.259183,
225.759147,60.308749,
157.533311,49.083170,
242.590038,38.252008,
246.027721,33.864484,
138.175428,0.666931,
35.651797,-3.644641,
156.927345,9.191328,
329.110820,10.552889,
116.831712,20.420487,
340.063086,29.048490,
164.853817,33.664867,
214.288509,43.407319,
234.844246,33.324941,
133.723011,5.387428,
33.872034,-3.786991,
256.305311,23.528459,
325.618474,-7.977353,
41.485506,-0.065928,
159.005181,56.678012,
147.406699,11.945877,
15.170770,0.935822,
232.760199,24.019963,
163.696836,44.267010,
148.971430,63.628533,
141.322409,43.252164,
35.967450,-4.508848,
207.049452,39.852194,
214.737978,63.923452,
117.142021,35.742792,
183.530919,56.852435,
115.306531,35.652615,
166.113225,54.336307,
177.451211,2.084837,
11.621668,23.634710,
163.587335,58.871738,
6.584501,17.955322,
226.038592,29.297492,
148.866458,23.921295,
356.285328,31.491775,
344.103575,21.858438,
1.134318,8.807994,
261.812836,27.948853,
250.727050,41.169988,
32.219728,29.722930,
161.130468,56.887948,
147.188390,30.258703,
179.550214,7.268657,
189.330368,14.457085,
200.100499,31.071752,
192.835196,21.423751,
156.364766,27.508868,
346.379423,2.754738,
178.536770,41.999350,
235.752808,59.797307,
145.538106,52.120718,
152.821942,30.896021,
45.420712,1.264202,
214.086879,11.631842,
143.404274,19.259361,
161.109743,9.540776,
244.486564,42.656715,
141.821730,24.422041,
134.134931,22.441499,
133.704178,2.365733,
206.226293,35.995957,
216.784077,35.878960,
146.403029,29.248536,
198.621564,-0.961736,
198.139429,24.142177,
37.419740,4.438805,
207.496597,-1.893572,
166.921677,53.889183,
27.720193,10.391936,
172.591146,54.525063,
357.974156,-6.308397,
138.634900,30.380404,
247.138657,54.821519,
41.830684,0.004046,
355.040004,7.539425,
221.689845,9.304636,
150.776487,48.768034,
29.225820,18.062561,
214.011870,38.084666,
161.604630,12.074734,
29.354599,10.569434,
338.478608,2.281889,
4.810275,15.932201,
149.493534,-0.398340,
20.852397,12.991816,
161.140346,47.890945,
232.953590,38.946630,
22.919986,11.724219,
196.877473,48.144729,
335.053582,30.642891,
169.485293,38.362721,
350.270461,0.883430,
352.701786,0.783357,
145.065454,33.393482,
118.738225,40.516196,
205.726151,2.586339,
28.466287,23.409026,
24.434835,-8.392907,
346.741972,33.094843,
206.841958,58.890404,
31.234560,22.481269,
27.204575,9.968540,
115.057705,35.507237,
135.462162,44.494498,
161.734581,55.444902,
156.103109,3.382166,
258.866742,37.057825,
222.444216,44.431003,
246.560378,39.442055,
224.324411,2.796489,
166.313716,42.217582,
166.197600,6.963619,
22.149164,14.266996,
201.090247,60.549483,
176.109674,3.953110,
330.849448,-1.385083,
357.996137,-1.829229,
237.025209,3.620834,
114.266036,23.484865,
153.309917,30.249687,
161.652024,48.294424,
188.989482,26.223303,
169.461656,32.919294,
142.922351,5.986154,
132.952400,28.169841,
245.947466,33.769664,
329.327132,-0.214447,
134.165981,19.245828,
224.181644,12.779054,
147.654066,5.632076,
0.915601,20.361203,
0.373776,11.490599,
252.222888,31.885728,
202.561058,48.450034,
184.995935,2.725887,
201.570870,2.933183,
199.762493,30.025741,
160.120115,46.720847,
178.751899,27.806108,
9.691654,-4.683861,
214.837631,-0.614695,
153.115171,29.462249,
8.247753,8.142414,
260.746038,34.834743,
252.631564,17.778732,
186.317852,27.391127,
350.758459,21.738561,
201.234358,19.422591,
165.730490,55.874745,
130.092209,29.369635,
152.153540,25.239386,
240.214604,6.446122,
195.446312,34.440007,
214.031635,13.468329,
175.920684,52.050929,
129.534750,57.063698,
236.339792,2.610716,
22.236764,-7.788121,
174.079768,22.912838,
4.119244,20.653066,
4.730538,19.867405,
118.738351,51.923652,
194.567750,56.681352,
164.223901,6.496811,
120.394444,11.629963,
137.895466,54.974760,
6.323822,-11.201302,
181.946961,37.815459,
175.516317,13.692404,
133.512327,31.147109,
250.526033,30.650045,
182.258043,19.610552,
208.906699,20.267895,
327.602187,4.637729,
36.885265,-8.997150,
43.764144,-2.094977,
142.684420,60.600706,
21.642963,30.761828,
14.534267,4.928778,
357.468290,26.472256,
41.014569,1.223124,
251.217921,31.079425,
202.959395,39.571590,
340.587713,33.330372,
6.427395,9.068321,
165.539808,35.812856,
195.737674,-0.954653,
180.272011,6.749293,
4.458199,4.106334,
36.467127,-2.674999,
180.159966,56.198325,
226.239364,10.280230,
251.442067,26.333482,
128.321641,8.278232,
210.144299,31.635715,
16.533505,22.872398,
29.047192,14.621911,
149.103086,35.934590,
217.314867,44.524381,
155.103084,63.942198,
176.839657,26.510225,
18.549660,15.867007,
129.842253,34.622536,
195.436837,28.192257,
129.099766,22.476300,
208.438470,11.662228,
248.322717,33.365139,
149.263794,4.330152,
330.162017,19.103913,
0.126574,7.865582,
245.452463,55.282010,
198.521174,4.306066,
225.982877,40.567682,
178.835991,50.437363,
172.137701,47.555516,
243.590110,42.821990,
159.463715,34.687544,
156.011663,42.644450,
256.194584,43.545549,
133.788587,36.693146,
184.139855,18.318660,
224.042165,26.504271,
165.251820,37.204513,
5.056694,28.973618,
187.927338,25.900368,
121.475467,11.242362,
200.744766,38.931201,
242.929907,47.302949,
16.275287,0.653594,
174.313842,59.709386,
201.999105,-2.527851,
244.482176,50.714524,
28.810184,14.211509,
187.922240,-3.668791,
182.610501,58.553849,
190.363003,7.356412,
313.441305,-7.210453,
41.023989,-0.212918,
192.489111,3.995277,
234.902979,37.385237,
148.195037,63.422582,
165.105831,36.014562,
180.875378,-0.263599,
146.332279,56.482270,
7.085749,8.043533,
218.577029,5.182691,
162.130818,22.629016,
313.820172,-5.186388,
173.967198,32.632628,
226.696875,58.430636,
209.438237,19.286779,
217.384487,41.590263,
195.375043,16.140107,
243.995717,38.878860,
185.760954,32.889331,
171.869863,35.309403,
37.785390,-7.306682,
142.715403,33.237871,
234.850105,41.341062,
344.392395,23.801147,
188.119851,46.094224,
122.775126,32.719769,
195.976182,44.407648,
184.874238,60.562889,
162.354772,46.875488,
146.105647,25.705450,
335.727493,11.783531,
169.557616,40.477206,
196.393128,43.163347,
118.388533,33.187374,
146.896205,46.774020,
350.037272,-0.771493,
131.308798,20.552200,
169.006467,26.200685,
157.983721,13.787437,
120.969487,29.556056,
124.414016,57.085343,
183.920155,44.456886,
167.011243,22.719809,
345.137599,19.772134,
353.755739,25.255010,
128.845456,45.771003,
357.628674,-3.157129,
355.821489,13.017515,
225.502143,39.934183,
226.169404,37.295079,
168.445662,31.704491,
239.864285,33.394806,
157.390482,17.837099,
212.602878,42.048942,
115.070996,40.955016,
120.210648,46.149718,
233.254437,41.739135,
323.669012,-1.327163,
321.241084,4.105617,
5.046124,-1.784188,
32.590969,27.074316,
120.532301,41.814389,
6.183828,0.539231,
337.937395,28.040323,
174.197851,12.993552,
145.288620,3.385046,
245.015049,22.673556,
135.817506,10.327762,
111.118587,38.856736,
245.234912,33.870649,
358.836441,31.845585,
20.351573,17.906630,
189.214883,25.130743,
131.309124,6.724914,
162.668985,41.401440,
119.101547,32.779901,
334.228344,23.659880,
139.942246,47.094904,
34.273031,-4.381552,
157.288523,-2.642687,
20.095016,28.113257,
208.013535,2.778767,
208.642080,15.192309,
201.865790,53.098639,
240.386184,56.076663,
187.709545,26.476049,
189.519808,56.709187,
139.851888,43.940535,
17.205597,34.937005,
228.332012,35.011212,
135.604257,1.518551,
345.791512,7.566012,
190.274536,54.329612,
140.079546,39.872140,
30.085343,7.220326,
154.989846,61.020886,
182.993451,33.870573,
162.499294,11.177971,
16.100864,3.407301,
138.613798,-1.698171,
28.246232,14.907761,
40.271103,-0.859071,
219.024489,5.339627,
348.719086,30.928984,
206.236589,8.986771,
35.406484,4.727227,
145.196610,8.799989,
180.221722,45.681185,
16.886015,-1.752949,
244.585014,28.305221,
6.857999,2.867977,
190.330913,40.571871,
152.616433,45.919210,
160.845983,27.897461,
228.853888,17.093612,
352.038434,27.791825,
338.528661,23.810153,
200.537079,67.796263,
37.650203,-9.487555,
218.058110,43.230745,
159.438585,18.669692,
215.990198,7.053758,
163.851889,52.728301,
251.496407,24.043945,
338.567220,21.706921,
226.534849,43.024805,
236.137959,-1.166037,
52.094115,-6.726669,
324.528461,-1.138215,
146.841872,48.565492,
206.215797,20.700029,
154.757213,62.440552,
352.473983,27.517361,
341.546466,5.366243,
5.307390,13.885531,
170.954561,25.848024,
34.038468,1.176773,
201.706890,37.862564,
148.456677,32.096795,
29.473324,2.741740,
124.182187,18.150942,
153.315281,39.653063,
330.289690,28.174602,
252.901849,17.971976,
157.345451,13.999523,
172.553796,21.669892,
192.022203,42.926391,
205.644240,49.807189,
18.127123,23.126260,
0.961586,32.199573,
149.579037,44.423019,
185.696404,64.903788,
189.333806,32.668473,
10.117869,-1.325052,
223.793820,24.553442,
187.013796,17.556496,
343.635128,21.287012,
12.373735,25.351251,
197.561913,30.298961,
145.022263,32.400974,
119.740488,14.263994,
139.874973,10.881082,
7.894856,23.112306,
230.455659,48.626560,
205.033553,26.008710,
337.960380,-0.748206,
128.715683,37.402019,
208.221681,60.667158,
252.192280,43.230289,
6.166005,18.131576,
21.957229,-3.836466,
246.980898,44.701475,
252.208400,36.250598,
263.924473,53.722552,
346.762745,4.385817,
332.378768,23.547004,
239.452656,3.553990,
111.654164,37.985769,
350.167651,25.829578,
138.647421,59.869628,
9.620416,18.938254,
345.346651,13.594313,
6.175104,36.102569,
26.166517,31.637502,
167.688302,14.595712,
347.191036,1.200368,
116.166542,22.930857,
327.562742,-0.892086,
197.427192,15.243076,
238.980872,11.795568,
234.223119,43.450016,
2.928313,15.371209,
146.772376,27.915258,
196.908504,41.102073,
192.925296,13.296348,
229.445768,47.193446,
357.980566,18.201269,
174.157716,41.217001,
123.125814,42.907105,
17.801574,34.059534,
332.705281,2.802298,
342.822116,-2.124498,
227.660852,58.684837,
23.649618,2.477736,
217.871680,1.403044,
180.728495,16.141234,
15.732012,10.617482,
243.876072,55.842448,
151.368098,42.510434,
133.372161,24.594937,
353.906752,11.195912,
181.012830,37.977322,
193.175807,57.848001,
10.150772,30.444230,
41.696426,2.326458,
209.877181,46.958048,
39.072938,0.432670,
21.815322,19.760009,
171.588582,34.608053,
182.157441,0.990303,
230.803636,22.899948,
186.099961,7.974919,
185.838101,35.250727,
204.100265,39.291969,
192.242036,17.285192,
253.164132,23.845948,
214.016009,39.425730,
203.230594,38.759680,
192.543714,9.372802,
237.139777,45.353989,
127.430166,37.769959,
50.557906,0.920399,
163.063674,34.845844,
129.973777,7.249799,
24.514914,30.673940,
146.956833,24.943384,
9.062799,28.162905,
170.059286,46.612175,
242.194394,33.342853,
149.290184,26.075233,
218.121857,-1.104464,
172.610327,29.003094,
224.859703,49.526897,
14.410518,-4.157355,
4.179245,6.640432,
247.314357,41.439920,
133.858443,51.952329,
184.261156,49.660951,
246.921231,33.959273,
163.956752,24.593672,
183.280635,38.645165,
10.581124,-0.095111,
19.085139,4.579627,
197.665209,33.718890,
184.258492,56.130117,
20.774930,1.962590,
229.830988,23.767583,
347.702579,18.164522,
224.292149,19.291089,
16.590860,4.767851,
38.219388,1.563462,
206.436434,34.548781,
130.993325,60.365292,
123.687900,24.609724,
29.984867,27.292729,
331.594620,-2.411184,
121.516373,10.460604,
259.626683,24.741037,
179.934656,54.486203,
353.605602,-0.900476,
345.016750,3.019311,
182.335546,-0.482045,
153.191967,46.529613,
126.291362,54.924986,
155.992925,22.028293,
233.590644,40.072251,
179.938689,56.737788,
15.304301,-9.461707,
168.590067,33.910800,
184.221833,33.349548,
146.168407,56.790030,
242.138903,19.602332,
241.026078,61.893560,
178.406224,7.445287,
177.327237,31.478597,
351.546927,1.615985,
12.427828,-2.556778,
22.656695,14.193924,
171.290096,50.431911,
147.931813,48.623918,
36.031582,-7.447685,
22.389203,4.221634,
6.987034,31.093196,
38.392307,-0.493438,
168.216249,23.049758,
210.315599,20.809753,
165.057564,50.996621,
134.616988,0.304304,
137.493306,41.050826,
207.417366,36.335190,
255.728471,42.380404,
17.842232,20.316629,
244.226808,8.024174,
174.263953,37.953263,
203.812710,46.528606,
18.519382,33.336092,
215.889180,45.847572,
220.506150,42.111918,
128.562477,35.220954,
146.202519,51.327017,
34.575600,-9.364869,
241.155639,57.243509,
157.963144,14.211966,
154.238568,50.828393,
119.918964,37.647688,
176.363829,2.485033,
16.743207,0.984615,
176.118150,21.072861,
238.492145,52.117539,
139.232741,3.654075,
154.175917,31.900766,
137.432298,57.155639,
18.806050,30.680970,
225.887012,15.974355,
191.835013,11.274385,
181.208266,51.509382,
23.068974,-2.780129,
129.740327,4.240698,
243.338672,28.251482,
356.480142,19.942729,
173.684334,60.395790,
220.246591,51.165661,
246.541475,44.091285,
217.302929,32.366249,
170.374040,1.148936,
231.845745,24.008019,
22.214378,27.526185,
212.489729,4.632945,
211.936007,49.598074,
186.387391,6.504916,
176.010560,26.809061,
177.253805,34.239156,
356.695768,20.429961,
117.694529,42.103667,
223.272827,18.842800,
207.133062,42.263252,
177.751259,2.272664,
210.128340,9.574996,
187.154287,36.701338,
182.138220,37.414762,
181.571633,61.285827,
113.910796,27.827706,
142.333460,53.752120,
218.998812,11.338363,
171.251959,33.649468,
139.739345,7.205326,
167.397424,53.606897,
244.829086,18.971792,
216.280539,32.527080,
146.334178,27.028499,
131.637217,27.395339,
117.843701,19.102304,
165.693503,33.215128,
203.790626,27.667791,
165.251588,14.701045,
4.315394,33.628462,
204.380602,36.534395,
159.922940,34.222138,
9.025163,-2.208309,
173.365782,3.455328,
120.324148,52.176265,
117.936697,52.672285,
211.819816,42.121573,
11.722461,14.890932,
343.721019,23.898520,
60.054248,-5.622791,
253.718060,27.999043,
170.610079,27.453075,
151.643747,38.548160,
181.978086,37.141662,
223.433065,42.439758,
36.560287,0.258278,
172.778145,26.323331,
165.271789,49.401269,
168.979555,15.730382,
203.963841,47.618351,
35.434224,-6.462598,
35.666486,-0.610166,
118.371254,22.807732,
146.458682,31.808074,
136.401108,-0.708957,
128.382411,46.838646,
251.160919,33.596443,
328.135101,22.932117,
128.446836,26.132399,
17.229257,-0.963124,
147.309949,49.250541,
187.047345,44.544208,
334.202847,1.407412,
192.524145,7.832285,
233.647213,49.405091,
180.347858,62.446074,
225.706296,50.513414,
44.010697,0.882058,
42.312089,-0.973565,
174.667780,32.541939,
148.591948,51.622349,
113.393857,33.483362,
200.768816,7.964319,
219.769205,44.866323,
155.513842,18.912295,
190.765023,12.027051,
242.169763,60.043971,
170.192099,27.982819,
133.207436,33.180589,
202.748866,29.501660,
176.656447,19.531838,
250.525434,50.769334,
169.635212,13.125722,
236.308815,41.365729,
156.603199,16.515165,
116.922120,36.835293,
330.315050,2.743049,
167.762534,38.525596,
212.494344,15.289166,
149.339617,42.645837,
213.535504,46.503983,
154.025014,38.004164,
161.309932,36.140849,
191.318915,65.553991,
114.806532,44.909059,
136.208558,42.668070,
144.873829,27.385045,
198.620841,49.696969,
205.062300,28.943808,
228.555399,12.486963,
193.967385,60.743367,
126.337464,48.286101,
172.292242,40.234774,
193.900722,3.054379,
116.225913,48.030853,
245.644497,13.191148,
38.015329,-5.994939,
19.107706,21.933829,
4.603291,-2.446082,
171.188772,9.314680,
358.162168,-0.767812,
14.420451,20.787720,
168.491134,-0.912762,
179.999000,50.356697,
167.999095,9.120452,
180.304424,55.092816,
357.704880,-8.915073,
151.015097,3.733689,
120.462292,11.582105,
24.100696,10.879585,
135.051356,19.291671,
9.262744,15.185538,
17.976975,4.146356,
123.592746,30.038435,
12.469801,17.553628,
253.964042,21.767160,
244.181921,14.517153,
172.109573,13.628596,
158.697283,45.450873,
193.402932,20.625235,
178.100238,53.563051,
147.779881,35.382058,
177.199297,10.916237,
41.046384,-4.891840,
222.337029,33.959535,
132.287207,20.681481,
216.559597,27.498900,
179.973121,2.659855,
202.362652,41.693825,
4.651703,-0.492520,
355.341854,11.661849,
224.774002,14.373424,
167.388544,45.729955,
155.864100,12.401514,
28.450792,27.625639,
123.760484,26.467852,
192.646902,11.307395,
226.884740,41.926035,
26.034522,12.455739,
167.156318,45.358315,
250.379675,33.713837,
195.953817,28.556832,
155.575398,33.531875,
8.546709,21.446172,
156.973091,3.362868,
117.050469,29.821164,
249.758974,42.816402,
219.846675,39.643538,
29.714311,4.818900,
245.429821,27.166596,
230.881240,37.549791,
144.026728,23.145954,
236.401376,7.359378,
177.940168,19.096793,
134.672700,14.162451,
20.138660,10.115248,
203.056394,5.748270,
120.321223,22.983879,
215.587211,25.266824,
21.361565,2.527304,
187.047590,54.903533,
211.152431,27.583865,
146.572053,5.831929,
193.254393,24.384727,
217.848637,20.361888,
159.652753,26.975765,
180.045898,56.018916,
133.270650,17.700412,
201.153322,66.359608,
27.597947,2.352351,
7.588940,35.648240,
188.520057,4.253547,
25.691174,18.824874,
217.175731,54.023544,
1.617228,13.588857,
230.941383,59.294704,
142.317143,57.571913,
159.460809,8.240290,
184.692526,49.312759,
332.370982,26.147078,
203.873521,56.663117,
199.161027,44.059281,
190.719158,48.195329,
180.052419,57.186761,
240.302916,30.237312,
207.961256,43.301962,
323.998941,3.298769,
184.808714,63.382480,
356.306802,11.458441,
139.121956,22.814211,
19.613897,21.003641,
213.110833,21.743809,
243.090251,5.334260,
335.644364,0.236171,
162.598708,-1.098767,
181.593641,36.225876,
28.490266,18.370314,
15.530240,27.662583,
229.530192,51.369709,
237.729278,56.814441,
142.485814,1.213327,
212.542279,46.497024,
204.403143,53.079594,
7.023615,15.562524,
222.534319,15.267489,
235.592855,-0.818436,
1.071003,16.098363,
156.123276,-0.882067,
341.874381,3.766208,
172.219144,-3.358479,
187.726121,10.051866,
26.113352,8.910345,
145.138997,55.181346,
137.213593,44.769783,
200.356430,53.489206,
25.666642,7.544294,
178.780345,21.978584,
252.134380,39.868680,
192.885372,31.299720,
236.449596,54.740318,
153.280647,6.639948,
238.284590,30.037254,
170.820484,17.174655,
210.648973,56.151943,
143.685630,56.742179,
327.790490,4.827621,
167.996940,65.246578,
234.344106,46.471030,
234.032634,37.428916,
15.909150,32.659959,
216.175181,60.481699,
357.067381,2.225095,
333.753060,18.625544,
15.884617,13.542654,
335.611793,19.497721,
357.738930,34.775288,
13.454961,32.672462,
181.273591,3.186033,
138.847097,34.026789,
152.686705,48.674611,
163.482320,26.524100,
199.947915,27.973966,
136.775461,48.776158,
177.388976,30.545250,
137.480576,43.261105,
131.369530,13.727220,
188.310418,26.440250,
192.975963,-1.242712,
137.505130,24.854478,
337.881349,18.001752,
152.677988,62.313872,
236.375987,48.769157,
216.480469,25.436496,
323.399358,3.816870,
220.866204,60.149942,
155.320110,5.392389,
150.494617,32.483959,
2.957394,20.862191,
159.702561,38.546795,
123.857368,40.194954,
155.487794,-0.295994,
247.317363,33.620718,
224.934654,54.663524,
250.468255,30.589286,
29.177883,27.021259,
157.672497,26.244778,
27.757702,0.942133,
211.751668,28.454069,
9.136807,10.050878,
30.286486,-7.959861,
229.706492,42.005708,
124.803949,47.310700,
207.506695,16.218036,
140.919491,55.329531,
147.070080,25.727939,
166.271471,11.261410,
144.392412,39.930412,
180.395327,34.551568,
342.478171,20.290486,
184.826404,52.870665,
182.577256,32.990464,
346.995319,33.247413,
161.300989,25.702266,
220.605066,11.964813,
244.604818,8.444325,
135.361028,46.213735,
343.282904,19.850989,
1.277457,9.441220,
186.600942,32.741610,
244.246623,58.256835,
221.676093,45.775275,
357.880115,35.842173,
250.675542,48.664906,
141.889598,2.580382,
200.764865,43.352624,
37.117480,-4.012361,
162.231662,38.578750,
12.245654,20.678183,
237.218433,3.323112,
164.900393,66.781701,
7.385588,25.069642,
184.488781,34.201671,
145.631883,3.496521,
176.390265,3.282006,
124.432461,28.861422,
14.820291,6.060608,
198.813791,62.472676,
345.650308,33.587994,
228.326572,10.999505,
18.055592,9.816723,
21.406126,2.902411,
200.252789,53.166753,
353.529407,19.266889,
202.370339,59.234281,
242.762084,49.346991,
10.823470,7.605681,
9.440948,22.173279,
126.164900,42.603014,
357.252124,30.540450,
157.239636,12.916226,
130.353122,4.793195,
183.012693,8.495866,
190.408000,48.925574,
128.960271,53.048792,
116.340219,48.822288,
313.134673,-6.854336,
150.500741,32.350045,
242.907144,48.999825,
208.543685,44.124459,
163.588786,23.355299,
165.864294,29.802848,
181.450268,25.261944,
258.405448,31.583519,
192.028851,46.934078,
180.986270,39.658271,
1.393366,19.176411,
185.463381,29.821916,
336.292992,21.953506,
181.348770,38.097990,
359.505897,28.729985,
173.825149,57.872422,
210.987505,30.452872,
181.166909,11.517813,
234.256265,15.811472,
126.878546,26.139250,
33.951738,-8.162675,
188.821199,-2.957209,
226.656813,39.598089,
42.955592,-2.464679,
212.961284,24.510684,
152.816788,60.217926,
244.433158,56.458825,
228.660492,50.123830,
123.976080,26.314077,
120.995676,31.436194,
229.883655,38.747947,
165.566515,26.208804,
12.826195,13.913371,
187.421097,40.182830,
222.814196,19.392330,
181.616463,44.448294,
137.236017,1.238729,
144.861125,20.377327,
168.630026,20.006712,
204.730069,4.549523,
349.810585,18.136819,
239.440121,31.930458,
339.200622,1.190022,
120.142921,20.769357,
121.541144,22.260496,
202.153104,27.380580,
170.122536,13.399360,
175.368114,46.313809,
322.594600,-0.431142,
193.512335,21.649185,
17.602118,-0.262196,
217.543571,38.927308,
213.233614,45.043790,
114.762422,18.361683,
6.321189,9.903402,
148.716146,1.859156,
342.478173,-1.558781,
206.847687,52.810305,
128.439079,32.480050,
207.142936,39.475288,
124.268381,24.707597,
213.797446,8.952076,
138.247742,40.373622,
135.626894,46.697350,
332.290410,0.752232,
254.810150,37.312755,
6.200319,-9.015310,
153.646121,40.500328,
223.597123,36.082309,
221.977811,25.585682,
179.681927,31.732169,
116.228433,25.792239,
176.553671,12.709434,
139.277115,27.962853,
224.117338,47.770640,
122.505616,33.487195,
195.254619,36.070655,
133.955509,25.738892,
143.897445,48.548522,
146.355890,54.325333,
343.856921,-9.359743,
199.181657,13.157690,
22.622101,31.303117,
173.648773,12.493511,
214.188547,17.181227,
32.833331,1.645515,
117.552235,34.677948,
336.501207,22.794444,
346.824930,31.417557,
202.112822,30.459518,
21.132593,3.350279,
20.299514,32.598118,
194.350051,61.583705,
167.221692,7.023032,
164.531713,7.127116,
232.659557,50.882151,
212.709262,-1.642113,
229.266860,43.439993,
27.696943,-8.422991,
203.741145,52.707745,
137.411486,23.170031,
15.813754,3.451471,
213.995303,9.879199,
183.581040,10.076061,
226.946208,11.321146,
177.304648,25.908417,
188.333549,42.426917,
326.401688,-8.156287,
12.507547,0.438921,
143.453678,62.417687,
197.474474,9.641252,
177.582475,34.713970,
225.216349,35.764032,
190.684878,62.783091,
178.442301,56.326461,
153.300989,55.423526,
319.263070,-2.923526,
143.350065,10.451509,
237.613504,57.733152,
162.039207,8.150219,
189.713168,1.978878,
350.853837,3.545024,
0.878382,1.905197,
130.484609,0.988188,
132.121403,32.909151,
159.675602,13.914281,
206.300298,55.799894,
191.237873,16.622604,
20.176866,-4.389857,
243.460030,35.085793,
187.838989,36.317390,
197.049832,11.602558,
324.078881,-0.523362,
153.999105,52.188821,
165.794496,64.268515,
220.735919,57.382421,
247.107140,40.137521,
212.493022,23.282066,
203.760981,9.723539,
180.052342,62.905667,
7.180765,23.280019,
117.812482,44.942318,
147.712479,38.750762,
157.463395,5.648440,
126.596343,21.942354,
27.188955,17.247870,
32.191281,-2.572865,
169.630553,0.851441,
160.471362,30.140967,
220.376433,51.582940,
333.003938,3.198458,
174.405880,33.054687,
29.813364,4.406789,
147.964691,1.384134,
161.075401,40.246583,
130.947955,55.260804,
32.534948,-0.939602,
235.056315,18.982880,
221.551453,6.502266,
242.328879,8.404561,
2.748748,4.884352,
82.890012,83.923558,
252.773725,18.715645,
21.064732,-0.555134,
254.683482,26.285830,
171.099014,61.237519,
140.514761,40.734708,
165.427898,42.914063,
229.618583,57.482679,
337.952334,26.822380,
135.939355,21.158993,
247.621270,0.438948,
51.114123,0.593930,
6.759813,4.858406,
4.205588,30.251226,
17.894719,20.118178,
335.769258,12.236055,
146.260337,57.083749,
203.455050,20.917510,
181.617402,11.952333,
143.171448,53.109388,
134.169925,13.675832,
239.757557,34.885241,
30.160460,5.963541,
179.450028,1.722427,
204.883743,12.386361,
200.832193,35.587450,
226.672497,53.254030,
154.679932,-0.580968,
232.060508,34.992998,
126.225672,0.517037,
4.562931,11.246707,
32.248750,28.496302,
233.416787,59.880932,
250.442801,29.030167,
176.176980,45.686466,
21.882185,-4.668392,
121.440813,9.638695,
334.603559,21.269993,
3.157618,14.545275,
174.288127,34.698877,
218.210446,25.061549,
183.646453,58.094121,
224.282559,24.912159,
199.943520,9.315384,
202.000577,24.671879,
208.217259,0.632952,
189.344158,47.599715,
178.872847,41.455247,
357.474547,5.471720,
146.789484,19.028664,
255.714679,30.266243,
27.602388,17.077878,
219.153207,26.833001,
143.296685,27.545114,
227.087691,3.891058,
121.123608,12.369682,
120.611947,24.374187,
17.278975,24.700769,
229.030953,53.269254,
148.769395,50.057191,
188.496312,43.808965,
120.625737,44.655105,
29.204149,5.319405,
138.040017,50.575666,
237.001318,50.725684,
247.529263,31.269763,
172.833508,58.003194,
171.466178,50.467660,
358.895005,7.363331,
223.939435,53.004627,
1.909259,4.423229,
190.752007,20.712983,
24.875734,1.255092,
173.892788,46.878189,
119.740171,39.981614,
144.576432,53.762277,
246.513926,44.777221,
246.073739,50.364186,
138.987833,39.477675,
219.067664,51.583069,
146.907509,10.472290,
189.394917,34.011985,
217.453582,27.326121,
151.723339,28.284601,
161.638936,58.329844,
3.972314,19.901793,
312.084098,-0.189244,
29.851811,19.414959,
203.979908,48.468351,
152.614087,4.777415,
186.949114,64.061812,
189.987599,47.062589,
158.903535,46.060079,
242.388161,38.636537,
244.309909,53.585923,
179.888808,55.609105,
115.812361,38.641578,
11.291734,14.885804,
183.538965,51.827677,
183.061241,4.568796,
149.698617,4.628842,
158.120396,8.985366,
326.232383,26.529455,
126.699049,3.639834,
31.967264,-1.879632,
255.847481,34.649707,
122.752533,57.236805,
246.422949,56.455515,
156.004645,10.803446,
352.050869,4.033514,
232.002553,18.450444,
133.834968,44.068405,
239.260394,23.324220,
214.582472,21.486195,
184.318621,37.686078,
118.497939,12.528311,
215.669771,8.674759,
175.990675,48.957977,
236.797481,39.133584,
4.615927,34.378909,
230.775465,36.917357,
317.025772,0.538747,
194.659822,0.798762,
159.120431,5.440991,
134.824124,6.081107,
359.818747,13.912023,
141.477946,40.070597,
121.845594,27.586573,
234.068837,7.879784,
129.014843,4.809246,
205.807498,50.841156,
206.906145,52.765956,
208.702402,10.603026,
120.642128,43.390007,
213.159840,42.952323,
203.673300,32.098503,
181.175151,37.538620,
324.367357,2.536770,
210.990144,-3.268755,
172.780699,45.426833,
216.986403,51.149012,
150.927597,9.544467,
219.252099,32.660651,
223.126153,32.329481,
209.651337,10.675860,
154.922919,40.691997,
218.015832,23.722429,
238.934951,5.588753,
115.767191,43.337515,
126.070212,9.541367,
159.659648,52.846377,
193.318934,50.146266,
173.101506,54.934211,
5.404494,1.002786,
54.589650,0.518451,
153.787789,62.602979,
226.316878,42.509966,
246.014413,18.624299,
134.745170,55.535948,
150.854694,32.885281,
164.407016,53.923327,
177.636874,45.679955,
216.337343,17.691009,
242.118915,56.661375,
187.959967,15.246466,
149.070925,2.483823,
188.044636,51.370303,
246.316663,22.498305,
183.470382,9.178142,
328.724246,8.457025,
162.257125,0.926131,
157.575644,17.188542,
220.226201,62.884862,
116.631865,34.189639,
161.683132,28.870263,
160.399875,33.487513,
174.972865,17.140096,
1.002481,11.485791,
153.893748,28.376426,
34.187572,0.145142,
204.423295,3.007255,
180.897272,-1.903683,
191.081868,23.493846,
183.227071,9.045512,
177.236280,55.756456,
27.047060,31.580611,
187.751016,42.505357,
131.598399,49.892824,
236.206681,48.339593,
256.989805,33.492898,
122.712848,17.676405,
225.870531,12.680863,
214.178852,35.920598,
228.471585,47.754556,
185.312625,44.434771,
172.147468,41.724411,
317.118152,5.463808,
26.848044,10.354227,
179.153433,8.941377,
213.843005,33.474830,
1.658894,-4.695340,
222.370158,59.743835,
187.159042,39.854620,
155.852200,37.081191,
38.847952,-0.116415,
249.825302,43.845724,
359.810012,-0.574567,
124.454839,37.141026,
32.668665,2.217703,
247.432519,28.417384,
237.992525,58.112342,
203.018796,54.231422,
120.247386,21.021984,
325.927231,25.898780,
112.743121,34.546656,
222.649210,49.134492,
14.498901,7.080379,
181.875034,12.849347,
185.704429,63.234895,
136.793714,40.800487,
31.491819,1.879445,
157.275306,10.904623,
241.619264,47.743574,
219.819921,56.531117,
245.271525,40.085648,
222.768518,29.256238,
359.370409,4.970193,
225.132930,2.346698,
141.381372,36.463948,
351.707307,33.862158,
183.229205,50.856581,
137.723244,56.522226,
155.954642,57.963185,
165.574192,7.161014,
171.983739,53.833783,
246.115844,27.771180,
178.705938,1.578754,
227.100923,-0.101070,
176.626972,41.533866,
329.166050,22.768841,
172.481359,25.273991,
136.298897,49.959967,
164.684286,50.554373,
127.844578,35.970894,
158.645219,27.900653,
236.954651,32.414571,
162.639013,34.037337,
169.980411,62.597101,
218.407902,40.439135,
347.720603,23.695674,
217.937802,39.213137,
332.334834,3.076681,
9.991874,24.646606,
232.336413,51.087456,
184.065695,63.317457,
145.146689,33.530959,
17.525775,22.499720,
17.478581,-1.213001,
354.682319,15.206212,
148.264036,42.415972,
195.891688,28.339703,
156.881737,48.766488,
122.436806,53.901055,
316.601570,11.205595,
169.702293,38.112894,
16.360519,3.887624,
160.935961,44.040756,
158.912193,36.218001,
337.224300,27.208949,
135.105287,27.870571,
334.580447,24.784205,
161.284122,41.930879,
122.133006,14.743656,
247.651915,12.515561,
230.644964,-1.526338,
153.193862,51.187678,
243.563370,0.789459,
334.029877,11.670168,
15.194939,-10.965297,
210.799022,29.445790,
120.118553,35.783805,
185.326496,-3.261850,
220.736357,10.677949,
332.258282,0.503996,
9.237973,6.807431,
38.193712,0.278527,
170.258386,5.382852,
217.341099,32.106854,
138.315690,18.797557,
159.117483,50.199410,
180.961569,40.662407,
326.442383,3.359383,
248.035508,40.552920,
172.791493,49.972535,
207.840766,0.280320,
134.155813,33.338397,
161.218818,34.619512,
45.921403,-0.951913,
199.805677,52.797478,
118.004791,21.160432,
154.776878,15.938185,
22.028800,-5.262968,
230.867609,6.442974,
9.350850,14.266513,
116.377598,50.159973,
220.412941,5.677858,
202.568427,57.705663,
243.546102,8.819691,
155.161380,9.716568,
233.982205,3.568034,
193.477833,21.823411,
125.565148,50.035793,
223.520812,12.873903,
162.026708,27.466055,
330.955751,22.668045,
127.390898,30.693604,
186.304371,56.613740,
145.120597,2.360426,
19.121917,22.042596,
247.404791,28.888428,
233.054131,15.790585,
258.552170,29.281972,
38.275039,-3.139663,
223.325488,28.281499,
183.521355,1.034775,
228.269881,10.308901,
28.133703,12.968590,
137.234481,60.906575,
200.316091,28.788743,
137.932496,27.580556,
220.436533,47.334220,
358.762011,6.140693,
134.166329,36.271106,
149.827930,2.164307,
335.995866,27.474166,
146.350490,49.226731,
133.703612,55.294378,
245.781757,39.159000,
322.031575,-0.833377,
146.500739,37.342280,
221.115103,23.716001,
198.226701,42.445093,
342.359852,-9.000894,
251.186474,47.327295,
221.525162,21.281368,
35.877033,4.116707,
161.678151,28.433533,
234.835007,15.549937,
139.818445,44.680704,
132.834479,13.972941,
195.213640,21.837680,
201.026769,47.095349,
353.216843,3.766571,
183.549486,32.347032,
16.338290,26.565196,
352.284556,32.717068,
8.904710,23.109344,
14.883591,12.515719,
162.857203,12.796205,
135.507659,27.840223,
138.607189,50.815261,
19.409338,3.294381,
175.039008,52.087119,
336.953026,0.538676,
206.960935,38.452431,
134.928156,17.762633,
156.514217,31.827323,
190.001508,42.018931,
180.235888,26.253448,
158.179209,55.923772,
188.486060,14.692430,
191.593442,56.551879,
227.718838,48.180677,
19.424405,-10.788234,
54.545208,0.938248,
329.007958,5.093074,
195.072624,56.826167,
341.994988,1.701035,
358.419776,30.822434,
127.824414,49.981994,
8.167664,4.997803,
337.750226,24.121922,
121.931595,6.150970,
28.965555,-0.118210,
219.139063,24.845476,
195.349106,37.882340,
135.729435,49.485448,
150.582499,24.095645,
225.987715,1.559911,
207.488609,7.523544,
218.390340,10.755791,
220.282602,29.395416,
28.091990,-9.355442,
176.624037,37.464150,
202.154620,27.936460,
347.550274,-1.766400,
10.472647,25.033938,
213.307056,48.710143,
255.252446,45.070838,
185.993836,30.387762,
162.562255,45.956370,
263.412579,60.361727,
249.455655,39.930274,
210.972879,58.721958,
23.015475,4.772218,
122.641427,50.420253,
227.992248,3.282110,
164.692282,48.895801,
27.289613,19.000579,
158.165393,56.214089,
238.719820,31.312848,
7.496929,-3.498561,
226.524605,43.984200,
181.737346,33.049565,
1.878938,-9.975545,
257.710062,29.506401,
31.951940,26.330307,
143.593926,7.942019,
183.826465,36.646522,
139.920099,9.824801,
147.365332,31.686097,
178.689157,23.883381,
324.813652,5.135037,
160.807407,1.382146,
141.071499,32.974216,
332.366520,2.752535,
171.499429,-2.654297,
20.479701,28.584048,
330.050704,11.109796,
329.196318,19.258299,
21.438463,26.799303,
204.340419,63.867618,
13.273312,-2.571909,
263.882376,57.743272,
186.876577,-1.079466,
177.232176,40.829532,
165.890458,64.964837,
345.439114,32.799161,
130.956248,41.294898,
155.699432,22.770954,
359.826638,3.153596,
25.879565,12.261938,
143.014469,28.893634,
184.262056,49.441888,
165.285138,51.839423,
190.869797,56.911868,
190.607741,63.517872,
165.251612,9.387306,
133.127220,35.000008,
226.900525,48.497442,
194.158413,13.680355,
190.994296,64.202559,
216.084138,32.268873,
124.185253,42.101675,
171.690645,47.887234,
38.166892,-3.581316,
203.884266,40.352437,
242.148975,51.316947,
239.268437,37.483071,
149.709342,44.597285,
22.314406,31.465757,
252.942837,33.202528,
248.470462,55.317038,
141.752531,51.513126,
241.172641,54.598939,
227.237118,16.965860,
358.009140,31.235799,
162.248951,12.889546,
240.468120,25.608868,
163.134091,39.092809,
15.951562,-1.871868,
199.888451,39.435493,
139.375747,32.684832,
138.694059,22.191610,
2.996218,6.101109,
194.076508,40.447953,
237.778155,49.715689,
227.392724,17.191574,
200.466345,66.969730,
218.588690,18.988438,
244.730091,31.175178,
136.124374,25.353307,
176.550844,3.324103,
235.701642,16.687361,
190.684489,23.049163,
141.387374,56.800319,
227.057084,61.210146,
134.835964,37.566996,
127.448444,47.383834,
145.555731,41.368021,
214.031501,20.449053,
0.489339,3.029907,
175.964848,63.114159,
197.583629,34.980973,
183.393268,24.466203,
162.968416,29.459049,
133.453957,27.521180,
182.388048,40.212968,
352.299586,25.246085,
181.846854,62.879459,
144.803423,45.899680,
344.619243,3.915850,
164.829127,34.880430,
201.761198,42.344609,
29.085997,-3.703017,
187.646642,37.856269,
22.188586,9.988442,
253.661619,39.070551,
315.980021,1.128306,
136.881539,58.195016,
19.004738,-10.199839,
354.527100,6.030792,
177.873404,52.890479,
166.502394,62.443330,
231.842450,31.812271,
128.578717,11.742600,
240.844308,3.200574,
182.789124,41.767043,
126.552282,45.232144,
146.527262,44.173155,
145.354678,29.103621,
142.259854,18.305359,
198.951011,37.312251,
186.924722,38.596826,
120.826669,49.951758,
1.503294,29.165080,
242.524345,58.515850,
124.396148,22.621594,
2.378831,27.784883,
28.632168,6.132724,
210.338342,40.310616,
161.436382,61.204474,
160.613222,28.441915,
245.929740,-0.556710,
218.964024,43.156917,
124.946994,27.427118,
211.158286,10.136949,
10.659283,6.912044,
214.265860,44.647204,
6.783357,17.547065,
171.705185,16.554195,
215.042865,60.789552,
341.135696,27.488802,
200.739244,46.390296,
114.629681,28.606864,
184.721191,55.890163,
166.873871,48.273233,
239.050079,58.798546,
186.759283,66.123825,
180.346118,41.444938,
173.258987,36.172396,
12.978987,10.642983,
192.567570,4.962518,
313.910364,-1.034107,
158.352482,25.973692,
253.712150,27.644919,
23.295834,22.918961,
336.521398,25.010773,
124.133723,14.008826,
203.353187,6.784217,
130.122267,48.066301,
262.256767,60.875068,
211.383523,24.172022,
114.344149,41.219087,
168.329922,31.769661,
167.489529,31.504689,
136.053865,29.357059,
169.276655,44.225919,
354.935678,6.663800,
193.112017,45.963180,
215.929960,37.411285,
201.249395,46.059040,
322.681106,4.284371,
154.925639,25.160420,
202.596709,66.236142,
128.079613,42.955912,
0.462959,33.167397,
192.458203,-1.868035,
161.841377,23.280490,
35.918304,2.155579,
256.038640,35.414360,
155.424527,26.665375,
150.307659,35.092047,
357.517812,23.971054,
332.723968,25.656837,
210.272614,9.454205,
250.063097,11.704121,
189.715930,30.945188,
56.901209,0.125021,
184.872372,38.261669,
142.085633,58.376916,
155.145923,27.487967,
193.033557,23.371892,
226.635754,49.636589,
177.203837,38.362695,
213.571572,18.856020,
132.393811,16.996510,
9.689523,-9.480427,
19.928862,1.265730,
11.843442,-1.222119,
354.499003,18.777581,
188.219219,23.806388,
199.488937,22.937803,
197.312810,38.009175,
204.588871,49.651604,
7.531637,5.870589,
179.273300,4.990369,
356.873558,35.216639,
324.311522,0.186891,
218.516504,45.514543,
328.860498,27.123308,
172.620980,29.271844,
32.516103,4.060243,
29.254932,9.356872,
124.121410,49.547216,
152.224330,11.430335,
117.604889,21.212188,
252.871617,51.485919,
200.118190,37.833414,
30.293295,2.025893,
143.804712,38.303060,
173.257558,18.233315,
245.294222,46.042063,
190.415516,49.568186,
146.251112,27.556557,
213.059026,40.724661,
266.206003,53.919545,
195.257747,56.701557,
187.297361,12.504442,
351.316642,18.605617,
197.813852,7.464757,
224.615114,36.066330,
7.746870,20.625560,
346.447395,15.504291,
4.928388,-2.675905,
222.374653,1.727045,
142.607920,37.844936,
181.202151,38.027827,
238.514664,14.181128,
142.651792,9.302892,
158.586526,55.355650,
155.071627,15.857691,
179.772637,65.058216,
141.993491,26.774825,
226.838636,31.051132,
193.727170,37.334530,
140.798676,49.475024,
115.540137,29.615901,
194.918399,2.121100,
123.099792,20.701984,
182.564669,52.948116,
124.466975,45.124614,
43.372347,0.464945,
245.418475,13.303443,
216.704165,0.689337,
252.228702,45.782311,
29.067371,-0.021574,
231.966453,37.813482,
241.417932,11.970879,
3.150678,-3.188921,
225.475938,55.620208,
248.980755,14.148112,
216.522129,34.358195,
165.077090,37.604991,
250.213060,38.778385,
236.673330,16.158426,
24.089419,15.619859,
186.405425,64.202412,
223.611934,46.489326,
209.825550,28.313630,
27.016472,4.057069,
146.183106,53.778462,
18.434970,22.077635,
6.381195,-2.731173,
196.964364,6.149846,
212.162526,63.100150,
9.499743,20.044886,
245.538415,45.810555,
227.474643,58.356499,
228.356717,42.004663,
172.780624,19.730424,
225.466630,-1.646194,
34.458242,1.505298,
158.528193,-1.024219,
337.851084,25.902552,
189.526101,18.779463,
348.869745,24.073063,
13.105581,0.335185,
28.254009,6.633674,
4.558614,7.796926,
130.684972,15.483882,
123.285054,10.598740,
348.358401,4.307950,
119.131504,33.062744,
138.468335,51.326770,
198.089796,51.289166,
345.052605,18.257376,
29.141072,25.003923,
209.809110,65.144393,
326.522918,-2.951810,
203.484938,31.565383,
154.062383,18.251364,
6.981903,16.189512,
21.573168,13.775448,
339.384744,1.732062,
159.710139,38.451793,
162.299128,51.134520,
137.569830,55.057274,
133.409447,3.546146,
218.762774,23.050277,
142.044380,25.995693,
193.538656,43.253308,
249.196958,32.793417,
151.999954,10.404143,
238.481618,20.770649,
52.879903,-0.951193,
168.666492,46.044343,
210.245203,41.658195,
158.528214,40.930089,
192.692445,22.972158,
194.513052,42.636702,
150.904843,49.164906,
9.513195,-9.922661,
185.808763,26.881799,
185.561867,64.565865,
138.081584,55.314305,
11.614910,34.070998,
200.988812,51.346836,
164.030157,30.796303,
55.705272,-0.835495,
240.885926,40.710195,
116.260616,30.477182,
129.272203,58.207941,
177.136379,18.410928,
26.022614,4.330097,
146.675872,49.012389,
7.703386,26.475587,
328.929554,-7.650570,
170.387334,12.816299,
163.528962,31.945720,
17.517258,-1.799308,
202.157830,45.531230,
344.626002,21.521749,
140.281316,57.162079,
160.029243,24.468303,
151.208465,36.771596,
247.490859,42.514292,
339.139750,0.447971,
214.930673,34.646660,
251.760847,15.579581,
169.540288,6.654821,
188.557295,47.233945,
194.263250,38.250083,
141.327070,1.004803,
192.495782,30.480306,
31.839114,-5.490375,
139.981529,59.075796,
333.177014,-0.687480,
137.909461,35.374126,
130.537654,22.232360,
8.240361,15.163735,
327.201876,-7.493530,
125.138782,38.405498,
161.962889,8.309666,
26.124019,14.556283,
209.682368,40.612132,
26.578329,33.632282,
209.461791,61.343252,
187.988542,61.568116,
171.376328,-1.289502,
42.036809,-5.309148,
222.169388,17.927710,
348.476995,1.102439,
192.045106,31.706181,
125.381018,22.607198,
172.961254,53.599642,
153.831013,12.322921,
317.856651,-7.046035,
250.750751,41.159161,
231.576312,54.748391,
332.926628,-2.107034,
157.350678,39.026099,
203.689512,56.926204,
131.061843,43.021952,
356.722300,19.060181,
231.807635,33.985366,
229.568105,4.084931,
128.108117,30.251925,
18.133350,27.007755,
202.959019,56.085003,
173.462033,42.771334,
181.302599,4.794156,
160.775281,47.458629,
198.762926,25.654237,
210.453565,-1.410782,
197.174395,16.437722,
156.888929,47.141280,
204.851084,50.633805,
153.980829,36.095582,
173.593655,4.191040,
235.542688,3.438208,
141.643233,29.379165,
128.531490,35.786660,
357.224757,20.376524,
176.019842,18.088346,
150.499297,4.692933,
132.173130,7.421193,
214.660795,39.128505,
224.133928,20.182570,
138.113783,-2.423593,
10.398574,-0.442422,
204.327014,45.393095,
156.908507,24.542480,
2.954540,33.687401,
138.523369,18.998932,
144.000105,39.693458,
26.889217,-4.455236,
251.956049,44.938547,
219.006956,47.571852,
189.569621,15.108353,
1.820267,21.862880,
222.252782,30.703187,
235.675705,56.226470,
135.176406,58.498619,
245.656658,43.633891,
339.328543,25.910660,
259.841900,39.960415,
209.105793,30.360146,
149.777726,43.519552,
236.882379,43.905907,
149.251131,35.149946,
238.766925,41.460202,
130.718927,34.392716,
359.711896,21.169566,
154.515196,39.213084,
2.952933,-1.588865,
359.555655,11.045637,
230.404023,24.003608,
181.981585,52.965816,
29.173310,4.459495,
124.662986,8.080473,
193.617518,54.541743,
350.602142,25.776828,
233.534551,33.894422,
124.762598,25.022802,
154.018082,61.190691,
15.683110,10.285537,
198.379011,52.338166,
253.211708,38.108184,
213.965602,48.893466,
355.973469,-0.747420,
237.757395,7.634688,
208.312461,-1.955270,
344.215105,-0.779768,
155.031067,30.340329,
143.920196,30.074703,
14.589851,19.375328,
157.657425,6.899758,
324.371227,-2.292256,
228.326362,11.569110,
259.632160,59.885951,
209.231741,16.362066,
5.876454,7.280886,
145.399274,38.487600,
14.606812,10.932521,
150.514857,18.124374,
8.639045,6.660499,
216.719988,54.725165,
203.821382,35.691272,
18.243860,32.038414,
140.583676,25.439073,
159.669011,59.952871,
172.483421,40.420667,
2.652860,-4.866143,
29.104842,4.090365,
8.093775,-2.178336,
135.685068,0.995009,
196.435503,25.746244,
198.239676,20.838003,
348.127517,31.930523,
221.173003,5.054227,
171.890547,51.910052,
339.844740,20.179153,
185.229288,6.069225,
24.446162,21.592063,
160.772415,49.263918,
250.713958,44.250375,
133.052013,44.172412,
22.768780,25.746510,
250.913569,30.884834,
211.883426,61.526971,
166.448944,24.362080,
136.810945,17.710690,
208.880779,37.266791,
139.839241,18.525363,
359.621098,28.135702,
125.327807,52.514472,
21.541342,27.352590,
252.773511,45.752765,
217.241717,34.697196,
157.077573,47.235625,
193.752055,3.678641,
179.525836,15.972767,
325.690535,1.013701,
352.318968,33.767534,
192.463793,-2.323127,
153.384452,26.284877,
324.318373,-1.248512,
175.515162,34.516609,
251.614657,30.677444,
161.735656,29.010107,
179.552058,26.129578,
195.163348,41.558670,
190.500620,49.001359,
200.827921,5.639084,
17.527734,24.394228,
149.164035,56.262477,
20.083785,1.164532,
132.105261,17.607012,
223.322709,0.578090,
153.570635,23.071253,
353.128975,23.410538,
10.747944,4.366927,
5.367558,22.426404,
223.346232,11.897455,
217.243753,37.673127,
16.305743,6.779962,
40.000250,-7.732892,
193.749577,7.935047,
186.315224,41.081520,
241.312450,26.782873,
112.611946,24.529752,
230.464398,7.807160,
152.948422,49.622902,
162.524160,37.231879,
196.759442,50.757587,
43.417517,4.332659,
219.258761,21.442408,
216.810731,46.987161,
191.696649,16.437317,
242.599394,42.223732,
132.835987,54.086046,
154.488783,6.309492,
237.080600,25.555405,
350.629427,15.049983,
194.147429,41.119716,
160.363948,25.806207,
246.633626,26.214738,
238.078579,27.164016,
145.632990,47.189272,
164.784727,52.564429,
356.253905,-0.534307,
251.826802,35.864812,
159.992504,50.019413,
166.917772,14.001743,
168.209734,21.693663,
246.847467,14.934293,
331.485643,-8.691586,
158.248196,33.357631,
171.709511,17.855299,
171.406867,28.106760,
137.997740,59.502517,
177.136587,43.787559,
149.089162,49.566918,
246.202864,46.933869,
121.813100,24.126394,
62.970024,-5.923186,
171.529418,13.315176,
41.812510,-4.880528,
10.350953,12.022416,
223.654160,38.670971,
353.234409,22.632950,
153.401552,56.260109,
190.559995,47.654374,
123.733734,53.425985,
239.089910,39.253437,
240.217513,37.520596,
339.206838,31.774306,
128.381655,52.568134,
10.345364,32.052181,
202.263355,25.519508,
171.023785,49.787056,
127.662167,24.341021,
213.150516,42.496685,
242.434146,33.596098,
351.864903,4.936925,
349.028578,27.172192,
14.339056,26.916155,
238.178149,22.511481,
167.909067,2.225460,
172.737364,51.995583,
112.880551,32.330136,
347.969782,18.258706,
23.543415,-3.153551,
214.548543,40.819673,
247.223320,25.427125,
247.132595,37.090984,
228.289386,37.142481,
115.670759,17.279487,
159.437460,43.704585,
213.448102,49.641479,
196.935641,55.305990,
217.110361,50.078038,
141.991327,12.538788,
254.769919,39.140231,
120.480499,7.022943,
175.385634,22.008923,
352.246801,13.805551,
21.223316,25.278455,
131.531356,20.957231,
114.076534,18.020446,
135.609786,24.513526,
131.551449,30.200865,
173.002678,29.434397,
23.217769,29.750618,
0.228177,14.917609,
165.662196,0.397919,
172.213517,37.658582,
191.504580,41.970992,
354.053943,30.854828,
11.317220,-10.170984,
141.877005,6.606213,
145.203536,28.685437,
114.186724,38.388329,
194.331529,43.735505,
237.961698,59.466164,
23.569996,-4.306152,
23.628356,28.686863,
8.248714,2.609782,
24.341235,16.858362,
166.924907,64.520159,
135.347817,27.284081,
28.379256,26.892024,
242.896350,52.968270,
357.975763,-1.128394,
23.677234,33.099689,
337.652440,7.181246,
184.168845,43.566777,
28.862266,14.017276,
12.159312,4.299387,
220.626722,54.424163,
187.079392,60.025014,
335.533281,27.255002,
346.720896,3.513383,
336.946976,13.340204,
169.093801,13.928613,
219.088697,48.768751,
235.194360,18.184685,
257.173319,40.165608,
123.840192,8.439986,
226.580496,10.662329,
345.499607,31.374464,
215.621255,45.207095,
190.940561,49.808252,
142.827449,52.427515,
248.678945,-0.632907,
31.511935,23.964337,
212.811811,40.327284,
180.436554,-0.151383,
215.768961,10.988328,
359.425639,-3.846678,
1.380900,0.248869,
192.905058,58.133315,
234.665745,-0.450493,
124.767309,3.398450,
186.144907,19.273066,
114.264165,39.540401,
22.844220,-2.498914,
209.583859,0.365874,
10.878602,33.602692,
159.371046,23.221425,
21.125901,-5.390684,
154.916917,36.344133,
207.052052,2.074406,
24.126713,7.095110,
204.283576,19.040918,
16.677537,31.742809,
190.101125,44.074422,
137.026680,36.240513,
245.089312,5.897538,
356.940318,23.578006,
176.600822,29.449227,
185.134422,52.427267,
342.851875,29.583551,
166.923148,36.734769,
156.638634,46.844998,
136.040209,51.292407,
340.431588,1.458280,
200.779644,-2.297129,
142.967277,3.220795,
326.782183,12.834310,
125.929605,31.344238,
177.319165,49.074199,
334.659244,-8.580577,
127.355336,6.554669,
241.041707,49.353670,
156.173229,55.343288,
168.252560,34.469452,
136.089699,54.640024,
159.244702,53.813078,
177.976700,25.722937,
150.229141,54.195653,
51.851322,-0.857827,
212.750511,59.349522,
166.940583,28.599059,
125.358893,36.435024,
45.423762,-7.915127,
133.333922,17.200772,
23.682460,28.196464,
167.096281,33.115352,
141.174803,7.138231,
128.482282,56.343685,
199.710647,38.938342,
162.542430,18.441012,
254.019073,64.207130,
227.021698,42.982134,
131.216325,28.435438,
139.925740,53.629090,
340.010642,27.927360,
128.319991,35.409720,
192.335739,41.979517,
154.950856,10.875831,
141.103613,60.249715,
209.268468,19.318719,
252.216690,22.750727,
154.306701,39.505361,
176.337198,49.633661,
26.894456,15.577347,
350.579825,5.200860,
126.773024,32.854136,
43.317231,2.259347,
263.011312,27.412406,
315.163723,-0.331596,
204.860424,25.986646,
23.759655,13.326007,
6.399058,23.761602,
171.453842,53.767367,
8.528631,0.519784,
246.900192,40.334709,
216.714044,58.041587,
155.249992,36.639171,
171.160852,46.077577,
310.188674,-6.406248,
350.483015,23.469132,
146.387965,26.684352,
132.862351,29.384556,
143.381284,49.961852,
338.176718,21.866967,
150.388517,6.350091,
163.200354,20.144984,
200.458577,7.537625,
203.741683,55.930404,
115.212991,48.437926,
158.703534,23.285415,
157.056591,29.885423,
204.011764,27.464360,
143.215857,44.274171,
186.264655,12.088439,
173.890011,54.391215,
158.924079,54.187598,
132.839687,41.569430,
341.612872,21.415969,
124.315214,28.385125,
151.362297,26.747566,
1.509028,-0.899476,
11.404243,19.370795,
154.249929,11.301260,
243.991028,39.653701,
30.040564,32.824087,
13.462982,23.285355,
135.274174,23.633318,
152.357742,5.207864,
124.125649,27.461226,
135.777785,27.425808,
138.551531,27.460172,
125.822818,50.597487,
138.848010,48.002364,
1.868546,-4.395992,
222.636421,45.818658,
0.213914,7.863293,
25.386070,-0.916952,
345.326019,1.014881,
152.169041,25.590246,
117.510422,40.466084,
13.001524,5.962681,
126.393735,9.203486,
335.547813,28.120921,
134.841770,5.232490,
6.547534,7.144771,
23.309822,15.176695,
338.592386,28.694494,
113.683964,28.194191,
186.603186,56.546565,
172.415564,58.340217,
252.924415,38.490697,
338.805870,13.436864,
231.054564,34.331602,
148.862795,36.316428,
339.772780,11.373287,
169.276051,20.235379,
9.317117,29.422113,
147.340845,49.469125,
166.878798,48.396986,
337.690453,19.015064,
255.385459,39.537128,
234.170602,1.909389,
167.872262,24.174782,
207.226785,0.498186,
208.377021,56.691088,
354.279429,31.703534,
222.217738,10.999079,
223.992619,6.652102,
212.592058,20.248837,
245.651528,49.234972,
329.094420,5.514843,
2.431139,15.227193,
134.067851,58.391291,
129.064422,40.777796,
146.408651,2.514403,
156.392572,33.985644,
138.734473,29.074566,
353.354441,32.468397,
211.933305,-0.432323,
1.994532,12.535776,
141.297910,39.983036,
186.456365,37.133261,
14.943800,11.724884,
351.452168,1.138454,
179.012424,26.300517,
198.132238,32.592992,
174.964189,46.345027,
247.833865,40.258695,
222.141381,18.758495,
19.695961,28.823310,
149.058012,3.241854,
160.665629,44.818565,
121.431703,12.138501,
245.093818,19.814969,
131.161274,47.322144,
165.470495,27.977393,
154.289752,32.670769,
359.110885,-0.625721,
224.519150,55.609095,
326.510529,26.545842,
198.207535,4.030449,
146.656534,48.557816,
250.555113,49.820253,
254.630957,39.058750,
2.196120,18.090099,
336.577705,19.258412,
137.044031,47.501116,
342.780476,23.631405,
172.095858,36.149921,
247.491496,37.575258,
134.608460,38.841449,
133.972875,18.991604,
179.759096,28.383267,
142.387330,26.235686,
191.089185,28.434290,
146.554082,25.430109,
10.834510,19.101460,
211.226264,40.594944,
28.668940,26.979998,
197.171626,13.525154,
142.794159,32.312029,
134.917882,35.113161,
189.908770,45.387589,
128.895981,29.872392,
184.689683,38.733397,
235.531970,55.979092,
332.788807,23.353921,
28.718628,-0.015418,
224.525941,36.085447,
234.448517,35.499736,
219.017836,45.811148,
170.528020,35.975909,
241.375636,39.521222,
352.747854,3.636322,
187.695012,30.744322,
198.957725,-0.680005,
175.544131,45.469621,
154.863945,38.503657,
236.799881,26.938958,
352.513096,27.657761,
123.308148,3.668389,
29.702325,5.558261,
155.224849,44.318439,
162.428393,19.644703,
26.713432,2.256480,
179.335514,28.007820,
45.089177,-7.249686,
260.504605,27.330786,
162.831107,25.638267,
311.606294,-0.601752,
204.298258,51.361565,
15.086590,8.697079,
159.285089,47.359542,
221.411179,46.470608,
151.593312,9.864051,
161.804165,18.621846,
216.169641,14.086820,
225.839038,23.516658,
340.492700,18.533647,
12.269549,0.193637,
124.146326,40.136623,
208.768344,-3.286647,
173.053848,1.078153,
14.364506,-0.024372,
344.363385,18.624035,
113.510738,26.865752,
22.735275,-0.766726,
118.716649,26.156797,
218.780336,45.228980,
232.168681,38.163264,
236.856591,44.925400,
16.354721,27.640230,
132.528559,41.773454,
138.664277,35.201258,
187.493530,19.341835,
260.370989,63.785397,
142.904680,57.614419,
338.623527,13.283049,
7.970596,1.195555,
359.231696,7.323507,
119.128836,32.589262,
29.002613,2.914790,
176.984106,34.690950,
166.184701,45.080417,
156.684845,37.891861,
152.104663,20.809504,
331.583229,12.838458,
231.024921,37.133509,
156.467182,15.806166,
231.461726,12.299733,
190.249245,28.512553,
149.519309,37.421760,
154.720931,42.369284,
142.634219,4.670733,
326.044291,-1.020410,
229.952078,34.537554,
0.488351,-4.154871,
31.318222,-3.320556,
160.063211,34.130847,
142.714540,1.445992,
137.839164,29.048833,
157.877650,56.496173,
195.281486,36.890068,
240.814321,47.966723,
218.695369,-1.421105,
30.471542,27.751956,
22.573628,-10.076305,
163.972998,56.576242,
115.174559,47.832794,
211.174556,11.477670,
22.245999,4.385933,
151.584159,10.345070,
205.007920,4.768430,
241.505246,37.012901,
236.886075,5.764656,
220.771630,6.693827,
178.812167,38.267587,
196.837980,10.147512,
253.629606,44.929281,
250.339494,26.570279,
124.879384,32.621459,
205.822234,63.912504,
350.693236,30.300592,
119.259358,17.922958,
231.791258,-1.890893,
260.789315,53.569411,
231.209401,17.528156,
129.633213,19.269784,
163.196369,58.257899,
239.430247,15.672447,
335.917226,30.689649,
175.296471,30.078328,
122.506100,23.068911,
234.888598,58.916657,
10.805061,-2.333916,
337.458225,20.581465,
170.235992,21.848328,
155.915198,52.563792,
139.574696,67.136619,
240.045057,44.780730,
171.847240,26.054913,
175.405629,36.890499,
152.536847,40.129024,
136.565474,25.340983,
143.773000,51.571080,
243.840189,44.549499,
238.967554,33.564118,
183.262577,17.239792,
27.297980,32.405958,
210.818556,48.587362,
338.658570,-9.362814,
241.287690,37.620602,
39.082064,4.729337,
33.383995,5.194803,
185.537047,24.890191,
35.447038,-2.474736,
160.230986,27.347302,
166.486562,29.656918,
140.311281,17.884503,
183.916179,52.888918,
207.839998,4.761378,
165.207997,46.281922,
203.643377,29.359088,
132.394349,32.763787,
57.702766,-5.816165,
139.882938,51.532748,
255.441403,36.451355,
135.407502,46.204310,
58.335936,-0.882290,
353.199413,24.284654,
226.465001,58.664732,
246.434799,15.827184,
190.468021,36.150055,
244.465993,56.173544,
140.470946,40.464275,
248.907630,27.843151,
154.716494,32.589555,
128.807428,44.916262,
9.185396,14.596425,
238.409171,55.233867,
242.677908,50.361459,
36.107256,-0.682323,
318.182287,10.956905,
235.431884,25.250208,
180.895908,39.715251,
245.801522,43.365840,
4.043282,-4.489544,
255.288557,23.252547,
145.733143,1.160603,
161.190986,56.531655,
226.077485,10.311654,
234.011024,31.834347,
223.573073,37.398526,
118.646947,12.013341,
124.469805,41.858087,
198.858349,61.692512,
170.868924,-7.341074,
220.140947,4.808591,
248.008134,48.599225,
230.558436,49.813227,
132.256230,46.619681,
167.340716,8.949049,
345.437254,24.050470,
183.641565,55.633683,
340.004606,-3.267120,
165.017358,66.925409,
152.269464,34.682601,
176.733951,35.432954,
164.660192,31.306276,
242.461324,53.485986,
234.323058,56.755617,
243.821545,53.446764,
336.331357,4.889905,
354.210671,4.581123,
158.397758,30.872195,
123.064110,38.251136,
20.142280,10.982432,
6.765960,-7.786700,
211.616147,45.163269,
36.868634,-1.394024,
159.384515,27.728693,
13.729540,34.886489,
244.501522,39.258669,
221.525899,58.514906,
171.550893,14.018200,
137.983255,47.535974,
163.486358,65.283814,
135.516746,43.167337,
201.307954,47.133800,
226.781242,61.688865,
11.167457,24.730118,
5.179671,7.404207,
128.868848,32.785281,
219.241541,2.382845,
144.836285,46.897972,
189.304932,-0.160641,
163.173765,46.390447,
3.345388,-2.427184,
232.117741,5.027147,
20.893199,6.874907,
193.432156,12.455974,
179.076821,4.455773,
162.727158,59.469911,
235.660200,48.912530,
214.904690,36.091707,
194.837644,55.071100,
139.356805,61.884500,
32.252140,-2.695054,
40.201058,-5.012765,
150.711671,13.478152,
326.933438,-8.051600,
193.673164,1.958117,
254.995575,62.038390,
169.843213,60.814253,
130.821665,16.960726,
188.116571,47.146304,
201.010399,13.963942,
358.650763,30.521039,
309.850081,-6.614185,
165.472502,3.745698,
185.937571,67.186750,
244.951644,47.009960,
358.316680,-3.881990,
166.442709,5.336595,
140.922580,57.265436,
2.270512,9.165885,
112.569349,32.460867,
190.364536,57.822069,
149.651448,33.270084,
146.447514,39.288015,
164.154706,8.373103,
114.149340,30.278883,
117.527712,20.290520,
357.828040,26.236750,
135.432122,34.709073,
223.277946,12.650693,
0.858393,2.326749,
157.127744,36.144653,
163.845972,13.102990,
139.115092,47.118374,
19.342478,21.277027,
201.882082,17.417142,
258.689753,30.607781,
177.241243,23.050032,
233.246097,8.623052,
168.784509,9.906013,
239.340632,48.013925,
130.603961,55.846506,
155.581768,29.417445,
359.488829,-4.923929,
168.694295,41.768483,
157.592583,61.936602,
123.895285,25.999924,
144.790928,3.434063,
153.128275,18.339206,
222.941157,44.869540,
16.930008,18.638556,
120.197409,28.831841,
163.613000,0.407416,
323.652011,4.360398,
157.099434,27.706471,
26.309953,0.971380,
176.870884,62.434616,
215.595331,7.809874,
148.354643,43.061971,
351.705686,18.514340,
26.820558,32.175814,
171.507087,2.493302,
213.650029,7.813526,
220.334807,33.277315,
141.157098,-1.478972,
180.413205,54.205287,
196.988773,38.395884,
345.107671,20.389269,
15.223486,-7.693673,
6.986287,30.995890,
196.888259,32.552299,
256.323455,45.089760,
337.875074,2.157866,
344.446336,19.885226,
19.069535,0.134187,
174.125831,27.528318,
220.907684,55.794931,
207.307809,31.483939,
186.967135,35.507388,
124.058785,9.433337,
146.068342,29.453449,
124.222505,36.176400,
23.823138,-0.327516,
182.314137,4.350889,
3.046161,31.355516,
333.090991,0.723623,
333.760977,20.155813,
8.158550,22.330712,
0.753431,32.977835,
217.991345,12.289485,
118.202548,27.165398,
192.508589,38.066686,
158.067922,2.787825,
168.107648,5.991962,
353.013831,18.915236,
55.365742,-7.265783,
6.855484,18.145071,
16.599712,20.842031,
165.749034,54.107539,
222.516549,2.589762,
198.799553,9.677239,
198.504550,7.279627,
207.536456,36.195473,
161.105924,24.521140,
218.807911,48.697036,
147.610313,26.448852,
31.700550,6.629524,
217.154855,44.488191,
123.144367,29.866100,
354.458579,11.099137,
346.288513,20.256651,
183.254659,29.552581,
124.054821,25.283683,
206.196110,63.753906,
164.723712,16.592548,
240.183226,22.449435,
155.899853,51.902657,
232.593488,25.241145,
213.430817,10.487736,
180.366997,36.848248,
181.122505,33.778516,
188.207176,24.343020,
10.849449,27.535565,
190.569084,45.398105,
221.605754,43.395961,
236.530322,48.703402,
5.691013,35.271370,
157.107208,58.395956,
200.386497,54.253538,
201.587280,47.456234,
244.539694,7.881194,
327.273214,-1.733618,
170.115600,65.421340,
149.287012,48.262826,
122.994831,32.274436,
164.625097,52.665626,
4.748987,6.325545,
11.718430,7.140410,
250.042695,35.717801,
139.921945,25.593819,
357.265109,4.866095,
140.121827,34.676372,
0.654011,1.812943,
348.460668,0.855042,
242.647683,48.006260,
162.922409,52.659505,
260.196225,38.498020,
200.766458,49.865199,
40.777818,-0.425396,
196.208508,5.046339,
182.924984,49.380979,
203.909180,36.778032,
24.171485,28.529068,
142.382646,38.426640,
113.786674,29.756288,
164.424336,8.899930,
217.244940,61.393837,
261.701323,36.735153,
185.958916,36.322627,
141.990233,39.483839,
167.876795,63.158276,
359.594239,7.991447,
152.377654,8.018895,
354.593725,1.274866,
32.951547,1.642284,
115.380804,21.409151,
138.628411,49.463838,
129.033676,35.830256,
7.132146,-0.070350,
250.960478,27.162147,
199.397287,3.493542,
154.584948,1.338179,
23.297908,29.975303,
152.912975,34.633048,
138.988162,37.633314,
136.443391,30.648977,
347.631558,23.473566,
183.418215,57.119862,
341.483812,24.621298,
322.180915,0.409906,
112.973571,40.484026,
31.045258,18.306909,
157.117767,10.207814,
206.194669,41.995563,
166.576209,32.965473,
358.793097,-4.605654,
164.549710,-2.623343,
163.275581,52.602882,
355.161583,24.177948,
184.773366,53.034455,
219.440642,25.073255,
24.640309,3.210559,
23.964495,2.589433,
231.579000,27.494111,
33.371842,29.966356,
221.747631,33.642841,
13.752972,-3.857980,
135.511091,44.938015,
31.115843,-1.210992,
122.903295,2.193887,
166.897445,30.196946,
206.153585,20.713507,
124.632178,24.311313,
13.617281,14.643915,
12.368286,15.483111,
210.820587,50.378441,
337.822555,-2.391180,
149.665169,30.849399,
13.155819,6.979190,
0.140808,3.659486,
192.735535,51.157726,
204.678543,48.158660,
158.396554,32.930077,
0.650887,10.748626,
238.229336,10.093980,
151.071596,57.003415,
255.668720,28.505995,
257.833251,31.363030,
29.079678,24.898118,
15.526576,19.022442,
328.673903,19.957567,
356.465187,1.406036,
155.989977,55.983308,
249.364452,45.426082,
137.646379,82.734919,
170.334103,35.363089,
149.453212,28.308372,
240.815105,59.849924,
142.567352,10.242158,
211.136158,23.588663,
118.728778,27.629712,
132.308808,15.846022,
126.617311,20.957196,
183.722889,4.922294,
218.359064,20.714164,
245.828734,40.382962,
198.364430,31.922592,
183.466792,32.417040,
131.972472,47.289907,
151.544512,7.271743,
192.006235,32.977966,
212.434480,43.225067,
201.689334,9.470212,
204.002083,38.656009,
17.062821,25.441606,
185.007243,8.403724,
206.384064,22.029844,
163.964672,43.818236,
251.280620,39.988553,
251.686785,32.745977,
195.097667,27.053703,
227.246968,56.491650,
167.904534,42.093557,
194.534104,22.461570,
207.001944,37.907910,
255.012984,35.356678,
215.607735,49.898806,
211.886311,48.570378,
147.091351,18.114577,
352.295106,19.933940,
341.015784,20.078043,
219.354812,17.579003,
319.544978,-1.260286,
214.381970,25.945033,
184.244473,46.976105,
133.318992,44.937938,
127.502492,43.888017,
202.069969,55.438327,
344.733865,18.401476,
127.993706,23.533790,
346.344289,21.250772,
355.602050,7.413004,
202.874555,41.085844,
149.435291,33.139101,
154.276521,17.551378,
163.921478,33.069623,
199.712903,38.024167,
356.617551,19.985570,
168.076454,3.040196,
189.601304,58.767522,
10.566442,-6.188366,
157.330392,25.113986,
32.337813,12.864267,
19.912552,6.723693,
159.474110,36.643984,
9.971653,16.852867,
132.997768,21.270865,
177.603358,4.824008,
187.293223,20.141710,
204.659637,60.176174,
130.342500,59.302705,
31.947482,26.810885,
132.631204,14.233534,
155.933087,29.964457,
345.536483,23.172804,
145.820680,49.830874,
214.810847,10.487466,
112.311105,38.335743,
351.874326,28.490912,
133.306447,4.382581,
192.229140,14.063881,
137.659294,0.006876,
129.996548,53.306541,
164.295105,21.748704,
181.236513,30.486599,
327.331120,1.805317,
239.811743,45.016455,
243.273724,10.729462,
10.289100,29.524091,
221.777875,31.451776,
185.895401,17.478647,
211.810739,-0.672107,
154.269840,33.240103,
129.472940,45.289154,
184.489603,57.516035,
35.870406,-4.026360,
214.421439,22.591047,
32.197483,4.061332,
150.252839,63.782887,
259.453194,27.925697,
122.876171,25.927890,
247.195952,12.455420,
159.730505,57.970764,
141.235957,2.120513,
217.823118,47.651830,
229.380764,-2.286508,
165.086053,22.718955,
19.085080,1.736319,
243.505576,43.554342,
217.278910,22.167112,
164.669602,45.151995,
133.365217,19.502978,
160.040774,34.035706,
16.441330,5.829442,
341.556634,25.693365,
200.585778,31.246225,
228.951608,26.839288,
128.260823,32.528763,
157.027336,30.994781,
198.011236,28.767530,
29.937502,3.318640,
144.489305,12.570514,
249.906672,41.343006,
27.743753,28.248192,
117.376142,46.407555,
141.086751,22.245197,
10.565635,16.619936,
130.612139,35.478922,
168.317595,30.473039,
177.641774,41.826643,
356.646704,13.781120,
255.625124,46.882878,
176.572206,26.643877,
234.294153,57.392099,
27.050976,0.031474,
170.531829,22.351450,
128.786698,4.368039,
329.680368,6.471553,
226.603852,41.606761,
160.327908,32.450917,
171.046363,26.338132,
207.183009,29.809463,
148.503535,38.346501,
6.296838,-5.213915,
172.258077,10.101556,
123.642473,57.226595,
244.027395,24.957441,
357.814906,20.828926,
352.003995,21.810708,
110.322643,41.854067,
207.682581,11.649392,
359.145313,28.245333,
358.178697,18.984345,
6.829233,8.385291,
187.610522,2.994929,
205.975826,-1.466430,
2.713435,26.840516,
312.901016,1.202699,
121.136307,31.164327,
202.255962,35.980850,
197.104358,53.339505,
142.808887,32.492163,
151.103831,47.996887,
2.302735,1.782722,
120.299127,12.417025,
20.036580,16.709346,
1.978051,29.446522,
170.116525,45.431827,
173.985229,67.770075,
167.032763,24.479240,
170.435070,23.007629,
255.797337,46.760647,
233.477468,34.917825,
210.983954,8.125450,
200.240813,64.104263,
132.211010,0.875278,
236.591729,39.330964,
147.139744,33.557514,
155.426830,48.089642,
160.684305,16.723249,
227.566983,11.370216,
125.562473,52.599130,
161.031268,27.991563,
3.123626,25.858075,
141.727403,13.717961,
152.966228,10.519793,
181.007397,47.065412,
202.935731,32.797161,
235.392898,42.271461,
130.579981,28.116956,
130.637481,54.017879,
173.708980,36.658209,
225.847163,3.685455,
340.322583,21.916595,
171.958503,-3.173941,
179.687094,6.220814,
188.448838,50.911991,
309.866809,16.085279,
226.212607,52.727864,
130.566159,47.713563,
173.870520,35.008100,
189.072371,40.373271,
171.024322,61.014625,
358.737937,-4.866841,
138.506024,0.969237,
140.211879,33.682976,
213.106759,50.194813,
20.029180,28.974065,
205.212205,57.169411,
340.974134,6.823947,
5.778250,20.152779,
231.835981,40.581246,
225.145545,53.181187,
21.075790,1.144330,
227.574689,12.578936,
330.066146,26.607128,
148.984545,3.584352,
244.701049,54.155021,
211.504931,-1.411985,
16.113507,-1.717162,
124.453462,29.612309,
160.185669,48.593214,
169.988370,30.769465,
178.247859,7.484933,
146.306877,29.502994,
111.921522,39.518375,
198.163445,21.955044,
201.904769,8.642570,
209.188115,1.085696,
172.790509,41.201409,
220.978491,6.786845,
222.660439,-0.039559,
138.444858,55.403794,
31.065386,-3.851898,
28.856168,8.866272,
41.925561,-2.965357,
132.418097,1.777341,
257.142667,44.927849,
203.032633,42.093697,
198.055140,53.281786,
222.186320,61.588037,
230.049556,15.601994,
170.742269,19.749535,
201.636315,7.209382,
177.829761,47.679761,
192.318320,37.398049,
28.248241,20.049876,
189.654798,54.449659,
142.089924,12.881064,
131.722372,52.256791,
250.961061,53.496849,
26.778194,6.611669,
133.191908,29.917076,
9.867395,9.059813,
19.308729,34.798659,
342.876190,13.787478,
131.489951,35.197354,
183.349153,38.449270,
13.473097,8.539486,
214.522587,24.582493,
170.062138,47.423974,
31.370647,22.419816,
353.762368,-8.567753,
352.223525,32.859472,
147.431309,35.211485,
140.761081,14.233826,
184.861205,9.517383,
334.418815,3.992719,
123.583178,18.460299,
0.756791,4.449693,
172.535678,54.710076,
206.405653,27.635140,
206.322555,51.955032,
346.194465,-0.571243,
333.540607,11.996540,
168.647823,41.019343,
4.707674,-2.693914,
113.052660,27.725326,
150.879769,21.064119,
154.694459,26.399720,
156.706683,24.797868,
154.348578,9.134284,
211.396084,3.778217,
128.287459,26.364798,
124.244243,10.538599,
165.994114,37.755982,
233.305132,41.894847,
230.622696,20.995042,
228.846521,25.159326,
179.777187,13.627149,
128.744403,55.386070,
174.292115,10.379528,
161.367938,29.562424,
159.027677,52.518991,
210.783618,22.992154,
235.793301,39.278670,
164.962716,9.151590,
249.083635,42.587102,
170.703445,50.977462,
146.127890,49.730230,
226.952322,39.302539,
165.737956,26.411859,
343.847256,18.632779,
124.209235,27.902369,
333.406954,-0.338190,
122.453294,38.324441,
237.709887,56.782338,
357.548045,0.734317,
155.837869,38.137218,
230.638964,42.081741,
30.172679,19.533715,
190.508923,61.949589,
351.185451,8.258248,
184.825472,24.667352,
130.324474,9.545919,
1.264766,7.280360,
218.724323,59.440673,
250.182714,33.498604,
217.482004,33.746641,
143.092136,51.203454,
5.284980,0.682624,
359.209712,1.610697,
21.474043,-1.607594,
345.968818,23.902278,
177.016694,45.574519,
358.513573,0.291166,
191.831268,2.645027,
2.898496,27.346251,
134.218764,14.392766,
247.140256,39.082201,
352.237808,9.634795,
23.563001,21.807194,
199.485087,26.134014,
348.064589,19.901836,
151.115176,36.452215,
239.189877,28.339439,
211.895271,4.896044,
151.973328,25.365411,
130.512674,19.600465,
210.493942,12.015495,
249.443967,42.913791,
181.598392,51.273354,
222.504283,44.486259,
116.952003,27.857403,
30.494768,22.661399,
189.632124,38.613211,
336.871741,20.701607,
14.952950,22.682210,
253.111709,25.839070,
13.207883,2.558830,
198.851292,26.188188,
170.096785,54.074193,
159.532755,20.456855,
183.602892,32.725104,
246.571800,14.358567,
5.595423,15.854811,
340.756518,2.197360,
338.698324,20.215539,
218.858082,49.065604,
3.456799,-0.797748,
133.636445,35.780786,
181.449684,64.822672,
137.490587,44.098293,
27.043899,6.100397,
7.997637,31.514315,
197.962029,42.059205,
171.917174,56.837446,
318.331637,10.973318,
191.741246,18.286128,
224.408231,46.311469,
201.720127,57.515555,
121.861503,50.853332,
265.678178,54.436084,
320.457002,2.567037,
202.421922,25.730627,
153.815163,1.981475,
139.056143,57.301440,
220.514242,60.275879,
141.000540,7.734811,
1.429822,28.563891,
161.929531,43.734690,
220.375147,12.054711,
330.158448,29.052607,
336.293025,30.440843,
140.832091,2.091215,
13.443646,32.248592,
28.923510,6.132238,
246.491682,31.653174,
181.531886,38.068555,
194.773386,25.452826,
215.901741,48.759717,
194.223560,13.615301,
43.348504,0.079648,
175.761753,29.327889,
175.108428,46.910751,
207.602754,24.047619,
244.907416,38.795307,
54.672024,0.750674,
3.070481,30.667252,
232.906382,37.938939,
231.682691,28.012300,
230.729921,40.223913,
143.830543,43.372574,
18.739236,9.022379,
147.574784,28.629393,
24.327852,17.742115,
216.332260,18.582751,
204.744907,53.496422,
141.608510,63.193874,
22.297214,26.522019,
2.862945,25.940158,
17.830538,23.886949,
194.597160,19.621859,
179.684951,30.092236,
235.227482,39.875616,
257.420186,35.581642,
55.072247,0.531302,
318.992889,-1.744463,
126.900889,27.092410,
160.502632,38.129116,
121.807857,23.111150,
231.863484,17.338894,
221.071350,36.024825,
134.187560,55.419459,
163.782186,21.434286,
125.878343,15.020137,
358.822456,26.888824,
176.051841,35.726644,
343.341697,4.156820,
0.121781,5.820189,
240.952026,54.772273,
7.714351,27.598324,
240.757739,54.928788,
151.321791,-1.182711,
171.052148,13.138771,
227.065894,55.560149,
113.286191,32.606597,
162.734609,53.128365,
239.729930,33.388515,
176.990940,54.784688,
163.637699,4.007624,
230.828574,17.201963,
221.141577,51.297295,
143.931833,23.413050,
331.446954,23.187590,
187.255735,32.341743,
137.198562,35.866558,
223.436000,2.491059,
5.256032,27.803200,
125.483261,34.070258,
24.535595,-7.545498,
188.042488,44.434421,
35.139484,-6.006154,
247.577957,37.317923,
186.816741,58.949362,
0.536430,24.337235,
8.573286,-2.091131,
185.870795,5.623648,
239.098508,50.381943,
205.042533,45.871437,
24.685813,-6.980374,
193.299631,53.019914,
161.361159,18.054662,
204.154297,53.298246,
155.852489,50.629298,
311.110184,0.936221,
203.848630,8.956996,
250.129468,41.869388,
3.617905,15.042248,
141.467113,6.222288,
151.650969,41.510328,
44.013258,5.057307,
227.736266,1.826689,
201.627531,48.797637,
231.733056,35.119488,
162.574534,25.185929,
217.484119,57.004987,
225.504185,46.212332,
195.168513,27.788891,
126.022016,54.055990,
250.532539,17.040749,
183.463428,35.782509,
235.283369,38.710420,
343.066493,8.098371,
195.237541,23.879633,
212.233171,24.159563,
195.660918,32.766257,
175.042336,45.956844,
2.833864,11.527245,
202.614841,54.210558,
144.156550,47.176887,
21.108624,10.160318,
217.940001,14.608378,
245.834586,29.985272,
129.944995,40.565871,
250.753220,26.421100,
351.587121,-0.842816,
250.083020,28.497593,
21.830150,8.195492,
168.525184,20.646536,
168.744011,41.111034,
152.861845,46.216387,
12.506409,28.499960,
171.227344,30.260230,
145.750100,10.886650,
353.471985,28.741908,
215.069880,2.874030,
118.363815,31.532291,
198.123393,46.926812,
178.064443,36.585495,
130.942635,48.527921,
26.940646,24.256018,
237.992714,32.911338,
216.268543,45.950644,
331.226146,12.981279,
180.259701,58.453988,
175.536045,58.752639,
170.338754,60.672710,
7.683652,-9.619679,
207.146003,25.056470,
163.118080,-1.080013,
239.077506,26.010565,
119.064615,41.694682,
142.940151,33.027010,
331.531205,20.568734,
326.592946,28.548747,
344.101021,-8.475344,
237.416159,39.421579,
122.518716,27.416252,
217.345414,34.508384,
175.559553,33.755613,
14.790612,12.139117,
116.121231,31.290897,
152.851772,21.816169,
347.584522,29.000314,
12.884926,-0.114730,
136.133859,24.430464,
128.428375,36.241447,
191.981589,9.224227,
143.877469,11.227389,
207.391126,51.011333,
242.443937,32.651689,
172.457913,59.514930,
219.864415,18.375807,
339.527669,20.411872,
121.123902,14.952240,
145.325760,14.141056,
199.315860,13.072911,
239.552868,10.485048,
165.912148,47.721788,
115.535790,34.169400,
150.447065,27.982317,
204.615915,37.598975,
147.471770,52.616403,
206.241238,47.030186,
147.892008,9.206048,
172.281900,21.383609,
9.871262,17.774720,
197.273108,59.573170,
126.162491,40.952157,
248.017314,48.126127,
1.663863,3.456409,
337.425367,17.803250,
332.942981,6.714484,
229.534505,36.016919,
189.605839,61.446461,
139.497125,55.324349,
23.384431,1.329443,
6.143406,29.190732,
163.518434,18.185969,
235.199498,1.535330,
344.366881,26.380809,
128.961093,34.911199,
198.394769,22.861208,
213.192850,2.495518,
252.200618,34.290116,
143.003259,47.806867,
25.129011,4.507108,
202.805560,0.164551,
226.689154,4.664011,
245.439245,35.135325,
328.249215,4.014548,
9.962363,-6.955709,
166.543868,17.974080,
152.778090,11.799853,
172.086739,-1.244836,
12.718765,-3.762377,
159.473186,34.118367,
335.028881,19.461501,
153.712600,33.377701,
25.176648,3.271679,
149.779005,5.166381,
22.593054,33.256620,
201.272568,50.672301,
160.458014,6.726814,
180.848324,20.728502,
13.657883,-3.025530,
214.991770,30.205279,
20.027661,32.118857,
168.546727,22.789418,
0.569255,13.821207,
29.632193,0.818916,
157.065677,22.656722,
231.783502,47.725416,
235.823747,37.973169,
234.883611,54.992476,
2.777538,5.877568,
31.501826,-4.537893,
122.671848,12.468737,
30.091048,23.024887,
127.281268,38.828002,
117.321450,34.395180,
353.464636,5.930945,
140.839355,66.652336,
200.708272,30.429947,
323.615760,-6.341695,
130.942195,22.701513,
36.325594,0.503868,
121.389241,46.310682,
221.902105,50.773405,
171.589466,35.673839,
155.784065,46.804994,
167.228444,46.080257,
23.812511,4.369572,
138.603076,36.358950,
26.011585,-2.221909,
242.785577,33.346976,
5.563167,7.272067,
131.928518,27.236353,
153.425724,56.767275,
205.299814,0.962308,
232.055404,55.350083,
155.563430,48.839475,
189.766937,64.874320,
143.969235,18.936195,
253.172140,20.853621,
188.522736,49.306468,
219.841676,60.650486,
169.997863,6.611458,
215.883687,59.196372,
142.645491,7.843399,
347.750129,3.591895,
169.578316,55.341440,
141.515197,34.356194,
245.985714,45.856997,
347.807747,-8.978817,
117.668535,43.425451,
13.471432,21.757659,
348.497784,35.077285,
234.192271,48.131608,
247.355246,21.568873,
214.007868,14.702705,
122.377543,25.852764,
17.996160,25.911706,
124.989115,30.877196,
183.588578,13.467314,
335.418116,16.183066,
153.249049,48.499666,
27.968978,10.212596,
219.055372,44.264889,
187.857920,25.578002,
188.270901,31.395088,
123.098769,5.636871,
201.594745,41.895847,
162.004627,40.816161,
229.113992,15.997106,
206.950397,1.247100,
142.010804,31.410750,
170.080056,10.383496,
216.724446,18.882742,
331.659017,-1.519909,
351.450551,-1.492967,
114.889116,28.151989,
164.928223,33.254805,
124.819234,26.700893,
162.400932,48.700831,
163.944636,-1.218565,
217.545238,32.549215,
262.229760,28.038420,
12.789378,0.276771,
190.055414,-1.094395,
120.652992,48.660058,
248.766574,51.801531,
170.147187,39.143621,
188.231841,47.546894,
20.426490,22.340830,
130.871772,35.528050,
190.238639,38.197307,
355.221013,-9.054202,
43.750749,-4.685972,
21.542164,7.510991,
130.905333,35.264906,
152.991674,29.900817,
164.044714,42.849635,
120.467361,11.611253,
121.298963,10.657157,
140.568348,33.650680,
173.524755,22.934476,
118.446572,26.960760,
177.489920,56.099012,
142.234457,1.546104,
137.146881,61.587448,
24.867125,-9.670962,
156.473977,15.835488,
253.296759,41.270153,
177.295994,8.702755,
240.334766,17.237813,
348.620357,1.716076,
122.169534,10.793914,
237.500786,30.487476,
257.035767,31.063615,
10.147597,18.278006,
249.979179,31.013524,
13.655147,19.560178,
138.246273,20.895632,
184.418451,65.780712,
163.799696,23.075763,
244.268549,19.446841,
334.262988,3.673581,
161.561693,37.991256,
142.984333,4.523260,
192.184118,2.617974,
138.535071,16.683212,
130.907008,15.786642,
217.986742,-2.506280,
174.327372,52.969301,
124.522691,7.404498,
198.142245,5.467389,
331.058192,-1.241784,
196.057202,3.578943,
184.362709,30.327332,
230.830512,14.482217,
214.640389,27.546346,
8.878338,-9.928548,
169.452356,50.086600,
169.317303,28.332167,
192.114855,59.396872,
137.100945,24.858206,
235.008599,28.293326,
26.268143,12.870600,
180.373790,2.391639,
173.450172,-0.189451,
212.071847,42.900099,
26.623041,31.806722,
193.908628,35.613681,
185.957612,1.708243,
163.029049,40.791072,
196.106485,42.169370,
166.994468,38.178893,
124.376028,50.507995,
170.922779,14.136234,
165.819241,52.938993,
135.317356,48.800421,
122.006200,27.590638,
206.824874,16.371700,
358.076409,-2.552132,
154.533146,55.606598,
202.214623,51.887785,
238.030445,58.839773,
213.729298,43.646311,
349.562890,-0.893758,
8.363982,-3.448752,
185.001595,49.995688,
170.926232,19.933207,
141.452459,34.802544,
119.478156,29.371686,
35.306075,-8.728009,
130.615567,21.928000,
351.990417,-1.357479,
199.028877,33.878329,
147.719025,18.775046,
235.643024,54.026759,
155.352642,27.754792,
230.687059,29.533676,
241.724264,41.670936,
346.963676,3.641642,
160.267993,42.922634,
207.020014,7.411006,
187.900182,58.235227,
133.506174,11.482926,
245.118300,35.384193,
162.689984,59.327918,
189.589307,13.212738,
227.658223,47.477233,
8.140378,7.338571,
223.009262,3.404102,
175.360900,39.189076,
131.369275,43.088894,
9.936691,-2.744496,
112.288095,32.738514,
347.700697,-2.230412,
205.284234,14.646679,
11.968385,18.882086,
335.846790,-8.794899,
167.499171,27.624482,
163.854253,61.942469,
219.020870,27.205016,
205.780059,62.809614,
317.640512,-7.152866,
146.690576,-1.680414,
50.229446,-7.827937,
3.897905,27.172252,
195.224245,44.296356,
38.427405,-7.723856,
39.079010,2.205334,
128.938818,37.504191,
179.286928,13.125890,
251.083240,27.746392,
156.504412,33.118429,
14.742046,23.142753,
20.903780,23.045481,
212.877899,62.380162,
7.467123,2.101702,
160.001605,56.191538,
10.956880,6.737588,
184.896076,35.294889,
185.494210,38.375617,
176.511008,22.433672,
2.364265,5.379816,
139.286704,2.294428,
24.750103,6.886891,
10.844721,-1.527121,
164.890232,53.428212,
253.414329,23.163456,
226.310982,-2.154676,
121.829133,14.090216,
212.826450,20.191684,
162.069078,22.377498,
219.172663,11.354461,
339.042281,4.638308,
347.450863,2.084740,
144.692075,1.025053,
198.834656,52.608174,
346.784633,14.443249,
168.666218,62.574776,
233.816378,1.318438,
188.821860,3.004650,
219.256257,26.671993,
236.887412,42.781498,
127.993028,28.744321,
198.528946,42.986050,
17.213265,0.854913,
173.650635,33.679025,
251.039626,49.731204,
150.712786,31.467964,
348.265415,2.180881,
131.757435,0.953942,
166.216439,28.429991,
318.838273,-0.959261,
175.699311,11.153488,
205.219571,38.678474,
159.330613,53.124470,
137.339265,22.287475,
195.524758,2.646160,
244.100260,12.447492,
41.930066,-5.413954,
52.549578,5.650536,
28.560898,1.517983,
17.252577,19.500140,
357.411091,23.637295,
185.215018,41.381476,
27.408379,-3.933808,
177.481642,33.485501,
253.766275,44.229151,
195.964228,-1.163583,
194.211059,16.217335,
185.786897,9.249914,
127.673255,0.875006,
129.888245,31.185660,
163.364932,58.740321,
148.041750,59.288723,
157.717039,53.261163,
17.102045,-2.036941,
207.442697,26.912140,
351.902847,2.835736,
166.984410,1.005214,
180.904202,37.568131,
33.921383,-1.047496,
228.825939,47.345016,
241.709704,12.916383,
343.588657,24.045472,
215.600512,-1.496473,
226.459104,44.199014,
115.987785,30.128526,
185.962778,43.837722,
125.195339,4.113747,
315.098154,-0.735373,
218.472375,9.453594,
8.716265,-3.157856,
20.192801,25.491455,
194.868001,21.598114,
327.218635,28.420800,
148.048092,39.036760,
236.497271,4.318241,
157.271517,25.473457,
344.270795,20.386415,
167.998735,2.622141,
221.490251,39.209768,
161.088656,16.121707,
157.094661,7.101666,
160.934986,43.178251,
11.698230,15.920876,
177.371454,50.815075,
223.071547,49.621629,
124.045200,46.176446,
2.300013,34.263388,
223.999161,2.737910,
140.214863,46.985873,
332.293299,-0.267081,
154.357881,61.274304,
193.428612,55.534859,
28.669994,29.849260,
31.912697,1.208831,
186.351557,49.027542,
140.664912,11.604791,
156.221736,48.391662,
1.653217,26.239414,
157.982711,2.329657,
13.535269,-9.777302,
147.830327,27.128784,
334.790556,17.238710,
42.068910,-6.756652,
200.666947,42.415393,
357.475298,3.501883,
170.890592,36.773595,
134.586529,25.663749,
239.256041,13.697157,
226.111945,38.191887,
229.838232,26.456552,
157.486661,34.775348,
222.092724,61.678957,
133.611422,3.237156,
20.229182,31.208346,
8.624953,25.761857,
335.179720,21.586566,
239.953957,59.066033,
37.855346,-3.140889,
256.081820,34.511288,
174.936809,4.011412,
197.948001,27.307430,
131.256920,58.340261,
6.585852,2.277866,
157.865541,-1.488087,
192.697725,20.606828,
190.449301,19.060930,
224.399289,18.937232,
22.224655,5.123683,
10.294437,-5.859353,
164.334779,27.409630,
219.224581,18.503396,
44.819698,-8.243919,
326.230653,-2.657085,
184.692330,32.226558,
17.213228,6.505348,
188.418305,35.326055,
172.016886,16.359049,
345.090830,3.567117,
178.432103,31.460723,
36.351357,-1.274284,
215.160247,42.485837,
42.633607,2.006081,
156.268087,-0.771924,
31.116487,29.287399,
359.550841,3.375418,
326.213758,26.007573,
192.639673,66.267663,
207.475335,20.148941,
152.374414,3.210090,
188.668238,20.842359,
171.064513,63.760083,
340.585643,28.999388,
357.975812,-1.486513,
232.676602,58.921386,
21.317033,-9.131695,
155.147109,36.762989,
1.057232,-8.440394,
198.667421,48.494711,
18.664617,34.628232,
206.050664,40.985453,
123.237850,26.058105,
194.406001,66.705417,
201.393240,34.973481,
222.186892,3.425518,
136.194514,42.744871,
352.730389,2.040978,
231.336596,49.383339,
167.352996,53.066634,
154.805024,38.048890,
193.788882,54.782845,
145.245725,-0.640768,
239.327105,37.171643,
28.980550,4.105641,
190.286864,63.399624,
241.862303,47.281328,
232.142741,36.594017,
155.618138,64.427054,
233.854230,56.198312,
30.739614,1.739648,
136.368681,26.967870,
25.752278,10.076706,
333.220099,-8.819523,
243.915117,16.576562,
179.060458,38.639737,
324.139827,0.781825,
131.964715,12.675563,
212.411146,45.119883,
165.048330,38.840959,
225.170147,4.786066,
218.700419,52.616128,
24.143092,-4.525127,
215.883580,20.934326,
351.157820,3.360927,
233.102670,11.171881,
206.459772,11.338409,
179.318072,51.039343,
224.342231,34.884681,
2.378028,22.359737,
332.417304,25.761878,
157.779096,27.209419,
221.502472,60.038506,
211.841485,37.201463,
237.199656,45.113361,
140.600798,28.262527,
182.458231,54.442102,
352.744496,18.434910,
350.228676,-10.561265,
21.104305,34.346542,
346.078361,2.416495,
124.372107,24.389675,
149.813733,3.676006,
23.154239,27.115645,
156.193013,65.480633,
209.939259,45.306476,
257.198434,40.779589,
249.164048,36.113114,
224.419485,52.911507,
249.380654,19.840074,
161.453358,15.798972,
174.200158,4.861442,
213.494032,9.546320,
151.888599,20.565377,
213.401994,49.172634,
148.242090,19.931422,
205.634236,21.943504,
141.340363,56.302781,
2.805430,11.665768,
227.162932,48.567061,
26.780579,25.986074,
127.444584,46.751727,
191.799448,29.652906,
156.974530,66.205468,
208.281851,21.447983,
221.088676,63.309905,
225.027803,16.871492,
334.154946,12.812308,
131.848806,41.375463,
151.035938,30.649431,
166.754503,42.151752,
233.701709,48.745271,
152.700587,49.977801,
141.441819,33.222268,
311.692283,0.470346,
12.565249,9.905996,
226.720744,45.711717,
239.574090,25.136951,
201.809735,60.821165,
150.584409,34.248792,
124.712051,20.153175,
353.008590,25.288222,
146.276817,37.152024,
199.575388,21.380389,
233.351656,-1.575715,
170.545346,-1.190974,
236.820641,36.936430,
148.035283,29.159787,
341.749033,6.328992,
194.506163,52.546855,
220.671751,16.028444,
45.834583,37.775087,
175.621788,8.608954,
179.130615,12.689760,
233.314642,12.849891,
123.400253,48.217400,
236.561916,2.439693,
175.733023,20.352754,
194.188084,58.994723,
244.507123,7.080647,
219.161997,58.786356,
168.724234,33.215197,
140.485535,32.860852,
155.085101,4.613725,
159.956627,32.278656,
8.336933,27.618280,
252.923817,34.779734,
238.171016,32.220329,
164.095154,9.904847,
183.386323,19.120711,
130.160014,52.145364,
138.369096,15.253551,
199.367315,44.153337,
212.582017,45.438346,
21.741932,13.492739,
179.372704,49.128381,
137.800243,44.308578,
228.287486,48.645826,
40.222196,0.185809,
139.554743,50.755213,
203.690937,36.433668,
343.947476,-8.223082,
231.060305,8.236987,
184.292891,55.495656,
55.894508,-6.418613,
10.153695,-3.566535,
175.066971,29.408697,
232.676024,41.858962,
9.463782,36.108941,
199.758275,53.356030,
16.522856,8.497204,
35.479889,-5.051094,
120.777755,30.452579,
179.352938,60.359974,
135.523253,17.789691,
24.839946,-3.114950,
0.586511,-10.713480,
170.635381,19.762804,
194.764645,12.615088,
184.352050,16.184113,
133.155797,6.352429,
41.595112,-3.656128,
254.660208,19.543982,
128.004663,13.054616,
142.265330,64.916634,
208.733685,50.867675,
158.722284,36.394027,
135.765721,45.338284,
48.161481,-8.188805,
219.070151,17.195910,
153.123026,29.091507,
26.545895,22.069537,
219.703460,28.598918,
116.037841,26.342380,
158.684663,47.301430,
28.601600,15.095867,
113.652787,36.488347,
223.719854,41.616193,
140.066330,40.413958,
202.809830,57.417492,
117.150556,39.462732,
2.089176,29.739752,
340.555785,-1.703940,
165.312318,41.511120,
175.191726,41.297027,
204.221583,38.878661,
27.538144,22.636109,
13.546382,20.910746,
351.385532,25.540561,
346.914330,0.879903,
246.082183,12.028106,
128.737762,18.737074,
241.640186,39.780595,
181.959593,62.648223,
333.858121,28.708449,
134.728395,37.103312,
27.681568,4.579628,
176.963160,20.896551,
33.450907,14.315391,
240.396547,34.003678,
145.898838,23.000064,
168.294311,-0.378337,
124.078052,31.230827,
198.314129,46.333672,
354.861907,4.192870,
18.903246,33.526936,
222.558878,22.925019,
252.658880,33.427017,
358.550243,10.406128,
240.607380,53.268010,
218.190018,23.189487,
28.505271,0.786174,
186.959431,26.681104,
252.792505,35.086502,
202.780260,41.147671,
47.701832,-1.248807,
197.284493,46.409538,
184.530659,56.969055,
127.157310,23.401624,
131.357437,61.541537,
150.943356,24.792309,
141.309008,13.588090,
208.325648,48.337741,
124.380378,23.128997,
196.214228,24.912757,
126.951477,11.035270,
349.215551,0.387459,
13.626685,23.737063,
9.808941,26.159139,
132.461640,51.629625,
130.304268,28.990858,
179.229645,36.655242,
337.671337,-0.346976,
121.023813,5.984875,
251.379823,32.034843,
179.094720,6.448559,
145.650169,52.638905,
202.304241,-0.564953,
197.314582,39.093113,
355.815984,15.442195,
37.043776,-3.648431,
143.519793,19.938219,
200.150027,30.903717,
213.217893,-1.100246,
167.280344,11.479440,
186.982515,58.164957,
357.135042,15.855107,
230.577230,54.181253,
136.179514,61.095760,
164.015488,7.043044,
217.275261,55.478243,
133.947389,26.720951,
191.596249,45.589140,
141.250255,0.884457,
114.870058,30.863473,
224.613734,11.031151,
332.261516,24.794342,
199.517521,62.622627,
30.639241,7.824736,
151.430935,-0.933308,
356.368959,18.238404,
150.727166,32.677507,
122.436693,52.734477,
341.047717,21.801011,
132.515984,35.968642,
184.495706,-2.061882,
345.833016,0.266747,
175.091836,63.233697,
45.174078,0.543779,
11.691664,0.458239,
130.936897,35.466174,
8.165092,8.805007,
17.696698,35.356757,
15.283596,-3.540940,
214.149637,14.742802,
323.272885,3.283831,
193.056744,64.713999,
351.500812,2.171912,
205.373347,18.087565,
157.950899,35.735078,
138.575798,33.296521,
13.971154,-4.015840,
202.150814,36.806264,
137.938970,38.194688,
229.581261,19.215950,
21.877528,21.593137,
142.289209,16.782774,
164.788199,36.012190,
178.184628,63.290377,
131.400190,48.954617,
33.275413,27.267185,
30.482782,1.465343,
20.451685,34.929464,
19.859287,22.138403,
21.678999,29.178291,
122.719517,44.133782,
14.075830,30.970765,
19.177489,9.388480,
231.417806,45.289937,
358.586077,-10.825027,
220.954590,7.313895,
348.922037,-8.444731,
29.227465,-2.682363,
194.203062,51.113334,
188.438356,48.234141,
16.580187,0.806476,
208.690236,0.347302,
131.940606,5.465310,
157.712640,30.596079,
252.356966,39.433647,
353.576941,6.982874,
323.892544,-7.990505,
22.003489,20.591695,
204.546610,40.825808,
203.019556,48.599081,
168.452866,39.275032,
233.871976,24.970532,
117.778391,39.360643,
164.260781,35.588762,
113.769871,40.990607,
159.539332,25.164848,
230.307603,36.201833,
165.115821,35.705984,
349.579619,21.173868,
204.604688,61.368930,
226.445056,12.686208,
339.307501,-9.772044,
225.222698,10.531476,
343.784132,18.421151,
128.405699,22.212307,
121.151872,32.216681,
236.984781,39.872533,
171.948302,27.734445,
189.882521,32.440515,
1.816768,21.664028,
14.291723,20.828809,
21.577816,16.666357,
228.453451,7.369577,
122.202470,5.682104,
169.748204,7.935153,
225.876884,1.752469,
134.793355,42.653148,
245.722603,51.366980,
320.063448,3.300540,
24.206652,4.133819,
202.836676,38.308117,
334.343562,1.076755,
237.999585,37.784360,
145.978511,6.303498,
221.378160,9.303682,
250.942767,12.857462,
216.350924,34.159990,
130.244628,29.190202,
195.242676,42.860773,
205.939626,12.279743,
11.337579,-3.846539,
219.857653,1.739693,
177.381999,55.968759,
44.754342,-4.833903,
346.005626,5.941915,
342.656052,-0.851201,
253.198925,36.440727,
190.519663,65.079367,
181.532407,52.284343,
123.062519,29.249741,
31.278265,14.478642,
120.736244,21.519146,
173.649807,44.304884,
209.133415,48.060899,
239.957160,8.088226,
345.527568,-0.410683,
14.379976,14.796259,
350.419565,19.178920,
253.971040,35.427256,
197.118441,58.666840,
343.536544,26.072482,
25.356815,0.132125,
214.237974,47.518693,
198.171770,37.652585,
154.025661,11.107743,
157.839017,51.945491,
235.032154,46.587286,
221.661981,-0.634954,
243.632333,50.512081,
178.131813,15.223529,
258.331907,29.151279,
165.127076,43.167305,
184.661216,16.668973,
159.990336,14.476014,
323.646115,-0.612488,
159.870841,47.410264,
126.364215,41.078078,
183.294938,4.665032,
222.796080,47.731471,
233.605018,58.276343,
18.870153,7.475202,
39.658154,-1.053932,
206.224455,51.838289,
120.189134,11.963615,
234.506912,52.624805,
356.259928,3.810410,
126.436420,4.570754,
163.855253,15.742738,
212.564011,-0.238589,
165.685488,28.459429,
130.421111,49.006426,
185.213173,7.733594,
16.522682,34.579039,
191.328433,41.383741,
11.335855,6.947529,
20.388692,10.695213,
145.023805,7.132144,
203.409430,30.355696,
151.346599,28.596548,
203.738443,47.602549,
233.197505,33.674694,
330.569762,24.405966,
234.913382,21.790573,
353.885815,11.412346,
180.176698,31.879157,
330.466802,0.506188,
149.416364,7.679973,
185.622027,7.566643,
117.753146,15.164992,
203.951625,23.114694,
335.431490,1.760382,
21.059738,-9.719967,
176.522175,2.410668,
336.958750,0.737835,
206.098235,50.075514,
115.444028,22.832506,
33.346950,-3.800570,
21.383749,25.290325,
224.755340,0.356602,
192.198401,37.705672,
164.146086,41.767390,
359.518196,7.796674,
162.076539,29.132914,
152.613926,9.142862,
253.373339,25.870142,
154.407469,31.912178,
26.644890,4.282562,
163.284222,32.632974,
190.680494,51.678513,
216.043332,18.164350,
204.251391,48.643674,
123.543908,13.794821,
8.557584,35.355248,
124.580412,51.032773,
126.178240,3.607000,
183.376408,52.938509,
194.281852,11.290791,
20.261380,5.581456,
175.974548,45.593606,
206.076079,3.219386,
33.616016,-2.647507,
320.587092,7.614562,
234.343254,9.945620,
174.042351,40.759217,
12.365034,-2.251418,
204.794906,12.366625,
160.083116,24.240697,
346.959910,7.065395,
128.423533,30.563563,
329.016044,4.315565,
246.412450,56.736070,
139.685114,35.099796,
171.924529,18.237831,
353.201950,2.327116,
21.705570,11.511037,
216.349851,7.040734,
17.856332,1.057791,
191.904950,67.367783,
8.153771,29.207186,
148.332955,4.971009,
316.824327,7.113987,
113.383170,38.784285,
225.379347,32.150946,
217.510463,23.650091,
348.960710,31.207132,
345.965561,19.128437,
232.886278,29.736034,
357.232951,24.456029,
130.426356,47.764092,
214.204588,57.819411,
139.095136,27.118970,
154.039463,43.602890,
326.091173,2.075911,
341.452887,2.381859,
341.643158,21.000408,
186.988307,13.042457,
181.037762,33.015362,
134.304668,47.570578,
174.081965,41.084079,
215.858560,32.872323,
164.027205,9.232688,
130.098095,17.128580,
159.912714,5.721132,
210.769570,18.783473,
327.723720,26.916222,
159.362430,29.347974,
112.789506,25.606234,
123.692792,22.612654,
262.021438,37.251347,
245.497175,19.337257,
357.755431,3.774122,
155.554753,53.730580,
45.367370,0.967790,
181.935918,64.921838,
359.981852,22.087275,
120.227709,39.762174,
237.469997,-1.096803,
248.476065,12.405868,
179.038240,58.206037,
240.452024,56.972027,
256.132312,47.125415,
149.703925,36.866970,
21.268980,18.113480,
326.648410,27.775539,
247.187162,0.114927,
52.285169,0.183255,
19.371371,0.363510,
7.390991,3.521082,
184.000128,35.356103,
251.289832,47.651012,
336.921669,-0.667768,
192.134690,16.230996,
134.954264,7.389265,
151.078453,22.428824,
245.694920,28.087936,
211.356797,40.732236,
184.107572,41.307562,
328.589518,0.773774,
354.267768,7.544776,
20.529593,34.501218,
16.206288,2.735677,
246.206680,49.509098,
207.261366,19.595648,
348.991216,12.348748,
21.960680,-3.470240,
262.368274,56.199302,
160.149396,34.808682,
149.376756,31.196314,
209.659231,26.011707,
173.006659,52.746683,
153.462661,11.171179,
200.953393,35.640181,
31.223946,3.194060,
189.670610,64.180107,
153.956958,17.002201,
30.089951,24.798160,
143.689406,44.170201,
172.281584,27.494684,
254.328987,31.776835,
339.917861,27.994229,
155.285743,41.702808,
236.637308,0.932434,
193.056497,38.088495,
205.044162,48.379092,
245.147020,14.634871,
237.812443,40.366561,
139.971831,13.904966,
161.971817,19.614553,
343.685208,25.196355,
226.619254,54.067249,
130.436543,1.465670,
120.016018,34.987235,
177.798293,62.473634,
195.523101,15.970165,
122.931415,53.820099,
18.538809,2.025951,
245.140607,42.780061,
125.330780,27.289893,
359.477401,9.271884,
187.193403,36.275575,
190.570007,52.304595,
246.917797,20.639290,
162.683280,50.058130,
356.733915,32.329917,
211.646398,13.231725,
174.745821,49.719526,
190.056087,47.578425,
346.168592,31.182003,
120.237383,22.889997,
149.429468,15.878350,
153.888249,45.398370,
146.271219,4.913825,
228.609908,13.097908,
231.582314,12.874988,
199.319046,47.110830,
137.008516,33.505539,
148.903332,28.833580,
133.849206,16.994720,
335.844714,5.889600,
23.094648,6.710977,
23.198014,4.018658,
168.129176,3.344709,
143.343066,12.020199,
221.561976,9.387614,
245.836589,38.542755,
355.547318,30.042091,
190.102683,43.980339,
174.828578,68.400275,
164.417265,36.207033,
230.247958,9.261410,
3.397221,-2.605187,
164.758350,15.062383,
243.916682,9.087660,
313.051196,-0.445893,
144.310353,8.482935,
143.051943,51.767670,
242.387077,24.117556,
347.423969,21.319245,
240.556970,4.860369,
19.788276,8.298299,
357.700180,6.484266,
231.198995,4.322182,
129.686574,33.986660,
149.813365,3.271520,
209.855925,39.341938,
172.223313,45.317400,
163.596929,5.319405,
167.575529,10.772084,
157.165599,32.119874,
253.425707,33.642325,
249.120524,24.312592,
358.620502,-6.930745,
239.519187,46.925696,
15.885986,27.806083,
133.467769,24.759468,
29.072960,-2.932201,
182.080187,63.937078,
191.432803,10.825203,
171.182682,9.669486,
162.749143,41.969796,
159.656537,63.212421,
12.027681,13.857888,
143.836156,30.579182,
343.759007,18.357147,
206.450021,33.959635,
26.230624,27.193555,
132.330866,33.882784,
124.815063,52.861630,
174.622010,31.142425,
213.220076,8.663365,
211.358714,20.587770,
184.252537,59.526616,
253.877115,43.748789,
25.912188,16.241780,
139.408000,55.977219,
5.255296,1.234110,
198.394739,42.500423,
17.714357,19.010984,
142.844947,24.554030,
334.686170,21.124308,
143.049827,10.115143,
332.069458,30.724802,
150.473605,20.528102,
244.287563,-0.641213,
22.649625,4.868796,
205.514991,7.958309,
25.989894,29.275373,
163.249001,2.031485,
153.053293,16.669278,
357.521746,10.622327,
172.729567,16.744519,
249.227736,46.905727,
249.709575,22.710114,
177.138345,47.039157,
158.681485,50.166835,
162.151206,35.678242,
167.494983,37.871558,
252.154235,27.531891,
154.356024,37.770266,
338.523221,30.987318,
200.037953,0.393505,
110.638831,42.065938,
19.161943,15.621456,
203.799176,27.492573,
248.526241,28.695749,
118.191454,33.126482,
134.648627,8.271897,
214.898648,64.357868,
146.468554,46.188415,
202.799711,46.594800,
142.216630,34.605188,
357.138960,1.038806,
22.235348,9.917502,
332.198757,1.202835,
20.576664,7.875699,
140.762736,17.556714,
174.825731,43.281832,
235.067318,3.195808,
125.441608,20.661132,
177.541050,61.037791,
228.054932,17.682423,
10.277977,25.292108,
142.111216,32.539133,
215.232712,12.662783,
128.631728,24.029501,
162.479227,23.232843,
205.343112,-1.775039,
22.598013,0.097722,
244.570042,24.695321,
121.471000,15.116136,
139.742109,37.855817,
245.107288,42.174848,
191.024042,42.054706,
161.811302,22.459310,
337.652538,-8.882004,
32.518628,-3.294915,
223.698750,0.576756,
173.777002,67.294829,
180.215971,5.782390,
186.116305,36.867742,
141.748866,35.657934,
11.039352,2.036992,
178.534278,59.858861,
168.355104,33.899998,
335.410990,32.301266,
247.167825,44.710862,
134.985551,38.043003,
228.301768,35.438222,
120.839866,20.918593,
187.870959,15.769366,
345.237078,-0.859644,
216.864527,48.687350,
147.236564,7.463525,
222.846018,1.029576,
153.568269,0.238639,
168.812583,28.611170,
120.589141,0.123993,
171.579140,4.192570,
234.422336,6.564970,
172.776380,24.267777,
208.071937,57.996365,
217.924349,33.167827,
352.615920,-0.984923,
162.374769,7.141244,
333.456220,12.166913,
170.241755,52.128012,
253.441962,41.097773,
329.074219,-2.470375,
156.477257,34.010800,
177.126051,0.293673,
143.794156,59.660351,
196.562110,63.794719,
31.829903,5.084831,
14.133441,25.197634,
154.697967,58.057431,
161.971286,48.937910,
13.420097,34.391250,
137.225612,31.973675,
124.993471,3.198303,
184.085531,31.248784,
323.622817,0.521772,
336.329461,7.618256,
143.722694,22.111714,
237.822802,10.822444,
337.147018,18.489808,
249.341752,53.618559,
164.738656,32.442690,
2.251603,26.840052,
180.396427,27.715026,
148.085824,69.190401,
329.246936,26.291651,
135.356523,26.236904,
192.065906,10.358334,
193.420867,47.985141,
190.715400,10.329386,
327.369484,27.131462,
218.461106,2.631605,
202.385351,6.162359,
212.904640,30.930068,
345.163464,22.994132,
188.607930,48.954178,
133.989933,35.484186,
29.225292,-2.174248,
223.777838,44.455851,
242.115966,35.280688,
152.395930,0.760158,
120.361356,24.398896,
166.106873,35.732448,
162.556922,10.498031,
238.591845,36.097174,
323.040553,-7.661853,
310.268395,-0.511362,
185.437790,53.380435,
142.158265,60.422504,
331.653616,18.225954,
184.205724,51.864229,
338.172027,21.360092,
346.716394,26.094204,
195.197225,-0.193759,
161.396941,39.487143,
186.467744,20.121165,
206.545906,8.706965,
145.945875,-0.112621,
32.111040,2.975414,
250.247678,26.384817,
36.011446,1.881591,
162.955003,32.449646,
21.100832,24.313980,
347.739599,3.961060,
227.769275,23.839585,
22.063727,24.095761,
204.531273,24.403154,
147.812346,54.960152,
21.258797,-3.381816,
237.212353,32.027990,
186.870662,56.466363,
23.676373,27.480746,
244.189536,32.441122,
163.461397,21.386921,
17.047863,8.177544,
6.137290,4.288995,
179.488501,50.911799,
337.594835,-8.262655,
25.877524,16.844346,
328.658538,3.882912,
26.209289,15.033035,
224.491351,18.439314,
119.422065,41.839935,
135.233053,15.050373,
136.511345,48.904764,
205.723514,39.039897,
244.067277,35.247854,
228.924597,26.889115,
4.573080,3.391623,
160.678372,2.383414,
232.898847,54.381519,
186.992480,30.517187,
261.384979,35.898458,
156.664846,33.524495,
207.971687,47.838813,
138.975641,60.271752,
205.903431,36.562583,
194.181064,57.739816,
253.202729,37.632581,
181.577188,67.573980,
353.619870,-3.243141,
150.867543,41.803098,
197.649201,25.903270,
198.959104,-2.732586,
239.411804,28.147162,
145.764216,43.027225,
48.441402,-8.510323,
11.662799,2.332701,
344.381853,5.009314,
258.137494,37.641982,
120.106304,13.374911,
20.727054,14.850586,
219.089668,7.074316,
190.673392,61.903890,
147.198123,28.207557,
178.119568,56.510246,
166.776798,50.778247,
203.889831,30.781691,
245.783905,55.084801,
11.788652,-4.267637,
164.342315,27.797903,
140.848139,25.260740,
185.570903,32.652455,
233.859815,54.944067,
222.261823,44.453819,
46.543618,-6.460752,
185.470190,34.000553,
176.531696,21.174794,
224.150796,24.500110,
186.993961,64.912302,
201.155800,-1.825939,
254.807743,17.237524,
157.648063,52.133688,
126.511065,46.605511,
194.371386,8.859865,
234.107572,50.091927,
175.188760,49.250564,
338.205927,6.243600,
38.789798,-2.053165,
195.101222,29.029866,
57.465239,-0.410487,
330.349054,-9.351612,
144.498365,45.633859,
173.249039,15.816580,
344.323038,0.947410,
171.595723,59.416630,
241.881885,33.879854,
42.952244,-0.777149,
173.670643,40.354356,
169.554689,58.542242,
220.445190,47.304534,
202.701782,61.138564,
345.653333,27.468587,
352.854026,3.401691,
152.815328,29.325353,
191.287456,19.144899,
203.169609,61.079539,
136.793636,0.586007,
150.345834,47.529881,
196.393123,3.022603,
323.804609,-0.878839,
132.823717,60.077313,
324.756784,9.008931,
256.097661,32.220522,
9.128194,24.539551,
10.074615,13.613595,
205.024202,54.277583,
350.549145,15.450002,
180.371805,28.871500,
359.874090,7.297363,
150.483138,37.384868,
153.959759,44.242740,
240.702095,49.278013,
205.789867,12.457630,
155.985421,-0.331663,
130.237607,5.792616,
174.911408,13.669476,
168.789645,3.309273,
197.398788,15.623589,
175.393889,35.440066,
257.361453,24.927922,
1.048712,5.912938,
162.430367,4.830241,
339.848307,6.006925,
252.584096,37.856528,
209.555005,28.536647,
228.961262,39.272891,
0.245498,25.711912,
227.234801,37.675644,
122.446185,47.777434,
236.189039,43.740830,
164.000345,14.403156,
237.169142,43.289811,
134.660118,49.761465,
187.642523,7.551481,
242.081232,21.204612,
29.367137,6.512991,
152.486752,44.079296,
122.393065,12.533572,
143.514231,58.831783,
252.425423,28.677424,
178.558094,61.007356,
330.833065,18.402921,
188.211106,38.759428,
126.865596,32.539843,
196.195538,58.946933,
188.753156,1.344914,
13.617567,24.201224,
167.092261,1.266631,
196.617168,23.497102,
37.653378,-4.160151,
129.347924,52.240872,
227.303620,53.473211,
181.878536,15.560589,
207.891528,13.108646,
191.879034,-1.707717,
116.724774,39.192283,
134.792114,29.996894,
212.581611,55.577084,
242.134554,51.729591,
153.516263,1.347816,
128.684028,26.611535,
176.731146,25.169359,
135.855879,1.985129,
185.325815,30.262150,
171.263114,46.069176,
121.945357,15.050588,
11.085033,21.907574,
213.942672,11.495401,
186.800473,6.908415,
157.974154,35.353355,
117.740615,29.152440,
330.185148,20.238421,
217.329515,62.249792,
207.828051,26.286176,
242.550615,55.359424,
357.676766,19.902194,
213.494334,42.466684,
120.640473,33.337429,
186.632796,31.844481,
225.019585,7.249583,
156.517814,9.904672,
138.775419,27.573632,
259.254168,30.732688,
152.187841,63.108677,
187.731315,16.707450,
157.116013,51.783320,
33.254171,-4.948417,
255.512057,21.059157,
176.201532,41.533096,
215.576761,35.426873,
26.860728,-3.948232,
10.551797,20.807381,
135.410422,50.417387,
116.450498,47.620751,
132.812957,46.537687,
221.198922,32.856720,
134.891833,41.303222,
21.847058,6.208246,
252.061701,51.326082,
182.231353,55.357503,
315.649539,11.172840,
193.783651,13.737087,
139.737586,14.491222,
219.046363,36.824253,
151.606241,12.695974,
215.336731,39.789007,
133.381638,55.321663,
157.680260,57.659652,
188.591239,47.117331,
168.946903,34.533038,
148.277048,42.823239,
135.326774,22.480686,
0.565135,2.255270,
26.134727,24.150849,
159.305233,25.457660,
113.084067,32.347062,
208.508360,14.512982,
221.575432,27.651000,
115.966066,47.528024,
262.661202,58.979778,
204.283879,14.434322,
212.329864,32.987963,
154.158129,49.450067,
172.628323,47.141250,
195.756148,38.175027,
29.403711,20.162899,
181.608067,61.500140,
130.920352,51.967497,
124.202228,54.370528,
174.204775,21.983318,
146.892488,14.354709,
8.494287,22.408954,
2.096433,22.952632,
112.341775,43.333936,
324.789477,0.755631,
224.400010,60.794156,
242.104958,21.923089,
197.006732,1.333118,
135.853128,37.542361,
23.632155,3.452262,
167.992618,33.035614,
204.703535,56.786450,
189.316595,28.150733,
167.136295,20.507406,
195.292515,35.681387,
141.388264,31.195491,
166.657052,36.331132,
18.168812,0.907796,
169.561040,57.095116,
127.325421,40.651570,
145.003944,-0.911402,
182.226545,7.002722,
172.903026,33.014024,
209.550602,12.203116,
185.026284,19.728657,
209.119983,55.818846,
243.878135,7.518171,
218.114362,8.486961,
227.893795,33.097222,
334.637950,26.428091,
189.617468,8.933273,
193.464102,47.686008,
234.851739,55.008490,
16.346838,14.158426,
115.905373,20.910312,
122.190486,18.983859,
146.386150,-1.000929,
4.781502,34.739271,
164.099721,-1.736156,
239.279047,52.498156,
141.479405,49.060620,
3.421418,31.418470,
205.994041,33.439679,
224.069696,30.183703,
148.579000,19.853499,
169.697484,44.499115,
145.355349,16.717567,
195.729134,6.397367,
180.950340,45.997529,
175.863259,58.723294,
114.509866,38.521198,
142.290798,46.740017,
198.555049,60.052516,
204.369965,61.919984,
27.321274,-0.361570,
194.203047,-1.037034,
29.144776,32.558141,
317.214762,-7.790714,
0.242609,-0.779603,
232.517197,33.028138,
199.409930,58.065333,
226.965773,41.218096,
179.957668,0.724906,
181.018503,23.600555,
220.384313,59.367947,
169.402847,53.818978,
188.588132,47.560989,
212.874162,43.581451,
172.051497,-2.914699,
226.814919,27.953170,
31.610237,-0.440440,
131.193281,31.972720,
135.257018,7.188988,
181.994964,28.731120,
149.847047,14.811119,
245.553004,36.626140,
174.867561,25.090632,
185.363252,37.535123,
123.995995,17.913156,
199.842785,2.513224,
142.253126,2.873082,
212.303388,16.189419,
223.768205,45.011842,
166.610289,24.275469,
187.264462,60.141943,
1.969243,26.703151,
123.444962,40.025425,
178.580824,35.792052,
160.606806,3.927544,
186.263095,49.884613,
239.960628,53.853437,
24.533844,-2.291866,
185.653682,8.438655,
176.723463,44.451885,
242.583749,48.658341,
8.226451,3.686418,
26.614674,14.096825,
140.810326,51.005763,
237.429453,53.742272,
145.390010,50.443882,
178.692641,25.908398,
194.887038,41.846769,
224.668345,15.788299,
130.951526,41.933462,
136.676193,50.245825,
145.938369,46.865204,
3.448346,-0.418603,
157.855956,46.976458,
162.895858,55.376556,
315.064462,-6.673550,
350.000679,1.312018,
18.803384,6.405988,
15.169184,18.493190,
56.660831,-0.612728,
136.165384,30.438365,
177.139912,18.225064,
329.705744,29.994095,
184.739396,27.506374,
156.349459,23.629560,
168.698289,64.216152,
190.466989,51.438431,
143.344322,52.162836,
25.541413,20.021600,
1.252012,4.241222,
120.362340,49.763604,
235.397801,45.004495,
201.150032,60.355490,
346.570988,-0.241554,
145.438617,-0.588173,
169.048893,62.526431,
25.658032,19.348515,
162.696143,14.651997,
136.920457,44.829311,
150.510287,8.646464,
231.684783,32.392138,
20.198637,-4.304320,
40.350986,3.045470,
158.662804,21.952418,
157.004466,32.762380,
233.554854,39.145699,
135.460317,36.314617,
256.121440,24.334237,
250.772413,24.762174,
134.206418,14.366073,
149.053625,54.553612,
22.506584,6.985804,
110.376449,40.020225,
118.167440,9.423069,
131.747180,34.806968,
340.075989,25.825068,
194.859819,22.061081,
150.321402,20.837369,
327.044815,28.685149,
213.648542,30.790813,
207.767964,26.338222,
162.432688,10.167779,
222.507923,33.367023,
41.079858,-8.943864,
205.104187,59.285566,
204.864616,40.860749,
197.054685,0.868204,
29.749511,10.131995,
153.714915,14.760274,
224.394268,18.484032,
231.508496,53.296047,
121.141594,30.508334,
164.727078,9.090950,
167.177776,42.634114,
11.982962,11.813892,
31.709094,-2.826329,
175.344774,9.758070,
18.544887,5.706890,
231.406837,49.656344,
216.274940,3.709335,
156.377964,3.825848,
238.911032,4.353687,
0.230259,11.068017,
19.931389,-2.671195,
177.270820,7.622151,
255.070707,46.283915,
211.656690,14.258358,
1.231033,-11.110546,
140.728051,44.853855,
22.392249,2.051582,
150.004336,11.935009,
39.841439,-4.131028,
203.000524,55.416536,
337.942432,-0.462650,
222.770812,36.842083,
140.375808,24.173154,
154.787248,43.471022,
151.274743,8.190423,
214.412436,-3.171715,
215.923025,9.721163,
210.572774,52.638026,
206.858136,11.600351,
200.954373,32.371426,
344.800084,21.941278,
121.853793,14.508169,
133.128594,55.268291,
131.222469,49.039247,
20.607885,14.154044,
11.419087,28.709973,
265.640982,54.692206,
233.874823,1.304522,
252.970227,33.594752,
228.571592,9.914418,
358.364148,3.701368,
130.266194,15.875759,
153.679713,58.295375,
27.167680,13.840637,
176.668530,65.175665,
146.433491,-1.884431,
227.843764,49.014605,
315.838615,0.373058,
237.453313,50.175354,
23.813524,-2.230403,
241.843066,16.090972,
13.974646,20.578176,
158.292280,47.568887,
331.787012,6.777088,
253.590309,20.494092,
233.520294,48.394705,
180.542004,-0.907084,
187.963698,56.055711,
24.442859,-3.627909,
145.985638,56.199335,
226.500380,59.930775,
20.744603,-4.705725,
165.875179,40.192132,
234.059023,46.327502,
119.830329,39.980870,
186.014529,31.500225,
357.895709,-1.192802,
212.587993,54.247922,
13.677576,9.563436,
140.040427,50.604857,
29.575916,-2.411615,
221.948367,1.289548,
355.628260,33.180251,
124.510273,40.867097,
176.223285,25.748704,
25.575697,5.021768,
226.765335,38.773920,
347.209098,17.964840,
15.779189,25.498417,
123.562618,38.295928,
6.294306,18.968116,
179.832614,63.931515,
181.400179,26.748018,
350.249845,29.887833,
126.646121,29.109475,
341.811356,4.044338,
39.658488,1.772320,
215.573217,34.680335,
211.234351,32.496946,
121.956801,43.078326,
44.850116,-4.463749,
218.640727,40.466226,
173.401389,65.786522,
167.965808,42.913622,
201.681770,1.869253,
215.420533,16.625999,
188.652395,15.667487,
228.496063,47.078706,
122.788862,5.848342,
247.021663,25.443560,
168.927249,20.798561,
31.823690,27.772528,
175.939928,7.285251,
229.432732,14.486137,
319.340213,-6.043519,
2.677968,-6.785788,
203.851495,5.766196,
127.617075,28.059427,
150.364809,31.509752,
22.782968,34.298304,
192.799907,13.788332,
248.409218,56.289111,
26.830437,-2.012853,
126.081417,43.263116,
1.216573,21.411290,
343.541502,6.181919,
327.882374,1.577862,
343.965935,22.034188,
355.546267,24.026958,
250.824354,27.685096,
153.734826,44.663802,
199.672334,63.086564,
17.499718,-10.700488,
342.832801,28.110351,
321.666609,9.892468,
222.060111,14.468163,
192.289659,34.060272,
178.435798,26.074998,
161.276841,5.274286,
184.642663,36.454902,
253.692987,37.225650,
133.189769,35.181767,
203.465197,27.783422,
142.701591,42.023275,
247.072308,48.780484,
257.100100,22.691965,
212.588102,54.764107,
8.257717,4.522255,
230.394488,18.293490,
23.915154,14.243052,
159.086278,57.944385,
26.744944,6.817676,
118.480164,16.327384,
120.478491,40.098517,
191.363024,38.636270,
342.569283,25.234045,
202.868555,36.488650,
18.984834,31.799977,
327.011266,-0.731693,
19.751352,-0.032444,
0.288033,-0.689394,
131.983634,30.199394,
156.960802,-1.370051,
171.049354,-0.387453,
122.905104,48.526053,
22.401575,24.711092,
124.974871,6.690779,
152.208600,-2.642137,
33.519472,1.272590,
136.747598,48.723204,
162.560408,45.606959,
6.592650,24.592567,
159.803266,1.504517,
254.360844,23.220793,
226.255003,15.345846,
354.413002,0.448946,
166.857189,17.484097,
41.041252,-2.374594,
127.710282,35.455810,
140.255737,52.590205,
127.196527,40.383002,
222.408409,39.265326,
122.686758,17.831784,
163.940183,30.585852,
359.336709,12.611775,
163.656661,17.368365,
136.763351,27.119275,
159.222657,44.003837,
188.391670,9.112553,
132.768213,8.233170,
236.722681,30.569056,
121.900446,41.410186,
323.053697,-0.025482,
213.180066,28.208509,
193.317057,11.789063,
152.074431,8.662959,
157.013258,51.038060,
29.340744,19.284271,
202.836997,3.112082,
255.070639,35.299140,
119.876608,12.963654,
237.997355,51.800138,
178.461464,40.868131,
225.156564,9.106158,
50.973776,-6.938299,
331.008951,-1.461865,
143.956755,1.476248,
11.526214,21.172659,
13.122971,-11.052767,
112.121919,33.483456,
15.332709,14.943124,
33.793834,-0.800615,
148.189341,16.537627,
180.785504,40.452085,
132.587000,39.835003,
171.526587,34.007662,
168.271963,57.414225,
248.088043,13.694530,
196.143720,7.452412,
233.098219,6.384447,
156.709079,21.934925,
217.088638,57.590980,
358.053572,-1.341574,
148.082962,27.342064,
246.842057,8.947096,
219.666528,52.851235,
19.986630,25.738877,
173.690963,43.316110,
236.148386,-0.324464,
139.937279,21.833358,
241.515123,17.719246,
158.330544,45.719347,
251.155632,46.174428,
249.215910,31.530016,
198.151079,23.275057,
253.487968,31.872714,
182.624248,44.806672,
148.038872,59.438812,
159.488018,-1.444770,
190.102272,36.913508,
160.903056,49.785465,
353.688830,22.913444,
118.405035,19.993773,
249.685092,35.149304,
195.033201,32.659607,
136.781458,51.382843,
332.268033,3.775629,
5.449909,22.183716,
221.472789,3.792353,
238.547988,10.256051,
215.665919,26.759644,
142.383294,58.739429,
155.561511,2.241328,
177.219573,51.761667,
238.953085,12.121915,
30.736769,-4.379778,
177.294634,15.899071,
337.081882,3.614056,
239.678058,12.801267,
128.247183,40.144421,
140.632264,14.566969,
172.091858,21.216697,
170.204679,10.957365,
351.038031,8.215634,
189.937332,19.907074,
227.625073,36.513468,
136.531990,3.010025,
14.284463,-9.551740,
120.556637,30.679008,
145.960429,32.781082,
136.507178,13.410524,
23.748543,-9.913308,
189.975577,34.258015,
150.398595,33.133869,
239.569304,50.498279,
186.025196,36.887980,
157.269361,36.092910,
29.464329,27.674895,
210.521698,19.215244,
150.534276,17.963692,
14.049708,7.825907,
336.803396,4.502198,
232.550657,25.557935,
133.758088,38.408154,
179.530581,39.269450,
18.442116,2.524510,
18.841794,-0.827049,
144.982215,18.605869,
188.012687,40.624708,
128.144824,28.868309,
40.793027,2.468427,
168.389816,21.533508,
26.164047,0.668315,
114.344876,42.397754,
195.743692,-0.434287,
133.532089,16.225838,
8.054035,4.355489,
10.483745,32.971555,
207.043669,58.477913,
7.288158,-4.076838,
8.394786,24.522830,
165.312011,43.392276,
179.768253,42.438099,
203.809095,26.729579,
132.452519,24.250633,
184.803994,19.705877,
172.877231,22.314019,
14.404054,34.696538,
166.240581,25.726505,
258.624438,40.037647,
199.381619,47.479133,
206.882075,13.698211,
355.190784,2.427327,
137.760208,26.285099,
198.300544,28.791669,
321.107753,3.277696,
196.937921,56.229876,
257.966931,38.849862,
217.414836,42.586956,
236.383354,43.428851,
36.052111,3.797587,
198.024563,10.681302,
126.472083,33.696144,
221.584271,38.505771,
160.457767,28.007311,
144.072585,53.587231,
224.081926,22.190385,
221.707626,50.295390,
249.197153,34.816324,
194.589483,11.818356,
167.667388,53.592575,
147.794031,39.545529,
135.123501,43.327141,
217.654531,-1.876269,
130.240893,39.908481,
135.525513,50.266877,
116.160375,44.178074,
155.811388,43.108955,
224.972720,55.647978,
224.914479,58.067386,
153.725738,3.839553,
41.930246,-7.317264,
37.206971,2.907921,
161.004718,21.467775,
149.016883,13.288500,
114.225188,30.449318,
204.491150,2.305818,
191.544783,8.940406,
229.736229,37.496334,
142.674307,30.239321,
14.942301,17.525720,
229.719694,41.251240,
135.747653,13.335081,
152.259409,21.522547,
12.006725,19.623589,
150.452423,9.987186,
158.804896,14.273197,
20.551466,32.928103,
182.404284,10.632470,
357.479028,-9.394747,
146.435879,44.906488,
247.792973,25.070821,
176.590993,13.720389,
43.650057,-2.643614,
158.250819,28.553091,
179.260290,60.676507,
10.604004,36.038390,
209.398325,34.507146,
218.550825,34.351298,
193.274169,39.261683,
237.628911,23.402598,
5.749828,6.312498,
0.824296,10.045054,
142.706501,8.049948,
185.213871,30.640839,
212.161566,48.394154,
16.674967,0.288035,
196.759515,32.710832,
26.659792,-3.815065,
163.615257,26.931617,
158.115143,61.481553,
0.566641,29.397945,
359.729295,19.876952,
119.619240,49.739105,
345.627861,10.183972,
23.792867,-3.163660,
187.589479,14.154621,
159.944744,35.299551,
339.446042,28.332424,
179.866014,62.227949,
141.164764,29.884527,
0.956996,3.562406,
359.515314,30.884399,
25.243897,14.861450,
263.007362,61.051855,
123.704416,14.269118,
187.600127,26.598783,
344.007910,7.761362,
150.495041,45.104462,
20.010107,12.851572,
167.963652,54.089447,
143.718090,30.736244,
179.807163,39.159816,
122.046830,9.719713,
172.878320,34.931696,
215.536218,56.991961,
248.874527,45.445199,
145.893968,47.230263,
209.222405,58.988215,
354.368580,-10.129051,
359.688997,10.159112,
200.062344,39.884148,
127.401863,54.848649,
195.303907,42.250886,
347.732592,28.220060,
148.493865,2.381330,
335.370846,6.955976,
11.226137,27.329974,
8.722067,19.464834,
175.144449,59.334250,
308.439806,13.776582,
137.050722,51.783555,
249.839478,32.990388,
29.730009,7.371981,
33.110348,-3.598635,
32.121386,-9.859069,
34.433322,3.844808,
196.937241,64.136394,
349.885357,24.742145,
153.422180,33.161104,
140.596634,6.458434,
238.882129,21.701164,
141.892581,10.289266,
195.033385,37.797536,
116.364267,22.414811,
241.954286,35.836749,
358.649724,25.024792,
198.282880,53.162686,
241.810944,21.600630,
160.001963,33.641871,
182.696499,49.933168,
21.496172,19.521432,
19.873128,-10.523338,
141.049397,44.129786,
227.078692,46.824523,
156.209892,14.402132,
339.015233,22.267974,
189.570291,2.394144,
194.925836,29.701045,
150.645875,3.794327,
20.933243,6.844705,
164.063784,9.131591,
220.054527,41.951195,
144.174871,30.532229,
213.452299,7.372442,
189.847667,20.818622,
245.200268,53.571929,
234.222652,10.622477,
29.769649,5.115372,
204.454367,37.899093,
186.926959,29.909543,
146.773089,32.610992,
239.800623,24.846208,
179.100659,38.454585,
135.045228,18.091746,
182.277055,23.147126,
142.488444,33.642726,
236.640069,51.779292,
207.397655,39.942690,
336.643425,25.152954,
249.752327,13.570515,
212.026356,42.162234,
216.238499,3.194854,
358.114277,5.366017,
191.115785,21.869499,
241.749328,30.858774,
128.919369,54.238100,
194.766400,34.784012,
208.125006,18.786879,
182.423355,66.322166,
336.141908,-7.620428,
30.104783,5.648381,
212.732481,34.733403,
191.117455,47.632091,
191.668215,11.217479,
211.288549,22.145606,
215.652169,17.031450,
234.563055,2.749923,
183.623766,21.319955,
31.882021,1.063581,
358.311807,13.762689,
126.930273,20.991597,
246.246607,38.378399,
170.147458,65.127254,
30.903845,-9.837306,
121.546284,31.570757,
125.191923,1.328525,
157.067674,11.974059,
124.291926,8.161130,
145.605920,56.936957,
216.124681,1.999811,
28.325800,0.153179,
163.195025,0.458517,
122.974188,56.493876,
1.349553,10.635719,
30.019974,18.958312,
332.450659,8.147226,
327.584508,24.244985,
17.298718,5.809410,
197.402820,3.897645,
243.586852,58.924590,
144.585946,18.552769,
1.349320,20.356891,
39.915035,-2.432166,
187.402159,58.014865,
17.385912,15.378374,
194.233232,32.031148,
204.463814,61.553567,
217.778822,36.401882,
236.651440,26.477703,
253.447153,45.265111,
176.013149,68.437694,
20.045787,5.430247,
313.980481,-5.489291,
199.409544,21.088317,
241.374691,33.868396,
152.760515,48.306024,
167.184678,40.091337,
185.063002,60.318068,
163.690981,38.063558,
189.836272,60.986531,
205.652358,42.950428,
162.001868,48.798942,
131.900023,23.419544,
230.453863,21.588353,
239.207601,46.922189,
227.107731,20.255901,
29.226102,3.164754,
169.269236,27.717953,
147.304075,39.188318,
327.685380,1.444812,
29.822677,17.868449,
179.481340,53.067596,
18.824153,31.284575,
194.856338,40.245291,
202.123334,45.279226,
209.651586,12.476811,
172.359541,6.607006,
11.818838,0.387892,
125.178743,35.015599,
143.536938,43.396807,
330.807236,1.104746,
140.277756,12.577927,
211.009040,10.466839,
219.839819,34.570030,
233.718572,1.517824,
138.982791,51.840076,
188.766162,18.132129,
222.350331,24.689755,
311.699891,-0.385800,
3.124084,13.962347,
3.427661,-1.703762,
171.388811,28.677205,
237.822611,37.430639,
165.609572,0.598091,
340.429122,27.015534,
357.726987,1.850183,
9.032747,-5.379290,
188.279573,22.441918,
40.983288,-2.812980,
229.270757,53.604318,
145.475927,2.696164,
253.790884,48.890254,
4.581725,-2.543006,
29.307405,-3.741115,
113.747708,45.929655,
135.054183,0.861461,
170.887542,40.092598,
318.583254,-6.264294,
328.065486,26.109273,
148.920641,2.127690,
233.206728,46.149244,
30.894861,21.506364,
177.585046,46.899178,
163.851668,33.435958,
333.313073,-9.407080,
122.519688,17.920982,
177.835652,14.739934,
202.474502,2.039684,
206.781743,32.443864,
145.747763,33.433328,
160.532598,18.617717,
24.087854,25.444771,
187.018743,28.250881,
135.777821,38.185500,
40.920753,-0.433663,
359.317350,-9.671822,
40.155621,-7.832658,
164.635397,30.848328,
153.285336,48.701081,
21.925067,7.073802,
30.363696,26.893650,
314.317246,0.053043,
208.292148,24.383232,
186.543325,47.839333,
21.159786,8.088814,
162.423276,52.396927,
233.361250,29.908825,
191.568324,0.896157,
161.026409,29.983608,
354.969880,-0.144472,
192.719954,6.412466,
138.461328,57.603746,
30.829605,-8.133505,
197.528643,1.074276,
145.215065,33.555754,
137.933236,13.480721,
172.330570,31.129535,
229.083522,57.972087,
139.077421,51.408305,
119.779431,21.888938,
25.543956,7.881291,
247.665562,49.080567,
215.641838,45.343050,
173.898264,54.318856,
221.266948,58.645317,
189.333674,28.417572,
180.990606,46.677934,
134.906397,25.285517,
245.692773,29.015052,
165.604149,34.228091,
155.018177,32.728481,
142.864925,57.282347,
242.393309,37.692320,
11.116219,27.864283,
226.613897,50.644809,
356.765660,10.656260,
150.656539,5.077618,
231.955036,-2.397324,
241.616936,29.059397,
331.574725,5.326579,
203.145388,23.365717,
243.521772,59.724790,
207.366644,11.828189,
160.410556,53.234042,
153.406730,3.639244,
122.902210,7.525659,
224.314628,15.037713,
228.627771,54.360001,
312.401133,-0.880107,
230.792278,57.513443,
233.402859,16.607540,
21.522887,6.959462,
199.587801,37.064306,
328.083644,25.554920,
6.092690,9.856973,
259.921049,35.590013,
351.968286,-9.983583,
237.463352,34.486952,
140.047223,49.901103,
140.719199,29.640009,
22.274186,23.919551,
249.928681,42.942025,
171.721427,6.432508,
228.676618,45.323392,
7.427231,5.676412,
45.189482,0.359180,
239.683619,4.150679,
183.718366,59.292501,
9.037092,25.149937,
5.566209,25.734151,
128.798619,26.284852,
180.899296,35.044791,
139.425124,24.404649,
353.178016,15.345795,
226.522386,60.879539,
16.796077,2.103579,
159.139354,2.812838,
171.886761,28.614984,
198.170019,23.156728,
114.322980,29.485123,
16.125650,16.434854,
19.750886,7.045879,
187.640375,14.643584,
330.673572,23.316060,
113.447950,45.387540,
174.293160,27.414758,
326.050440,28.289564,
201.488249,60.967363,
149.450239,7.077920,
213.884360,43.671206,
136.518334,27.871744,
177.382955,46.417827,
184.767019,7.375007,
134.291908,28.761000,
148.397227,1.634225,
247.824718,15.008069,
39.284800,-0.294403,
352.198851,25.462684,
127.281678,42.261051,
121.701780,27.054212,
133.899530,51.085725,
354.921979,19.850694,
160.357411,36.139031,
253.116531,22.692783,
147.418052,14.151519,
345.403656,24.338787,
195.934334,34.134406,
243.602745,38.996311,
6.576628,5.332443,
1.088870,22.887281,
218.113344,59.711001,
331.574159,7.555505,
241.615000,31.435062,
115.290974,21.309033,
119.105542,39.017704,
206.819866,27.133583,
2.975018,4.447105,
156.045889,47.298217,
148.126150,37.690842,
184.470939,5.008590,
230.398837,54.024271,
219.829402,31.546327,
183.348126,48.646692,
115.768968,16.732851,
136.924151,23.599588,
31.582847,5.303031,
117.716874,48.062672,
355.097061,10.333621,
179.780382,20.377392,
213.982749,21.121570,
166.492133,37.213311,
183.620912,53.088692,
169.176082,55.236576,
10.803798,5.679019,
186.625061,17.111842,
130.364889,44.531397,
11.934000,2.300902,
166.753101,14.347145,
148.499941,44.176138,
19.267596,16.556300,
36.718839,-5.105608,
358.260966,21.624993,
160.674953,36.514630,
129.504288,22.483636,
234.534816,54.235286,
319.036548,2.317650,
123.984323,31.917776,
213.424310,5.137429,
10.993027,25.017441,
134.694658,53.278692,
179.971828,49.279813,
219.934131,-2.578650,
172.904845,15.945929,
200.123091,31.353795,
131.339802,43.162373,
5.257220,7.778219,
197.055693,33.059394,
218.822962,53.252422,
242.813105,18.331089,
170.838893,54.188446,
230.877448,28.579909,
116.735987,48.541417,
2.046773,1.525303,
355.311645,24.501300,
135.666319,59.661371,
330.884796,0.733679,
167.863575,46.835927,
341.793003,19.142083,
146.706129,12.274559,
231.862095,40.325892,
162.363956,35.514950,
168.561637,62.362966,
246.467334,53.326579,
118.501569,46.785300,
355.471268,13.778123,
17.066509,35.185318,
120.225034,39.288664,
16.689449,-2.044641,
231.964959,-2.221548,
202.488098,54.084991,
150.227781,58.090598,
167.704306,56.598182,
197.044780,56.946428,
133.166376,17.177073,
223.339609,23.849938,
325.963331,29.200217,
153.319258,37.300497,
13.336140,-3.356020,
191.476702,6.485224,
159.612882,27.953961,
29.209508,0.885682,
159.654766,29.313859,
258.760293,42.979302,
223.034441,54.516823,
220.625112,34.485769,
255.359618,23.763701,
9.786904,8.662079,
21.632063,23.829827,
260.176639,29.994775,
239.217971,9.398347,
179.702470,13.819080,
166.197309,32.657346,
250.233566,48.111814,
13.403792,35.915042,
224.606431,5.653704,
56.759090,-5.940672,
125.610945,51.720164,
23.692931,-7.226470,
212.322605,35.369467,
119.853098,5.787113,
24.838581,14.513406,
198.978932,33.011164,
170.131815,56.159996,
220.416855,11.911176,
326.475782,0.534853,
4.878013,30.123110,
162.740796,23.368447,
344.578784,27.196458,
150.211203,50.996244,
218.811154,61.694751,
225.289945,59.525524,
194.213241,32.190624,
183.203148,30.048800,
147.791816,39.117244,
165.711122,50.202486,
201.100670,36.571129,
209.616702,48.246353,
340.872983,16.795280,
37.630847,-2.565336,
333.104415,-1.702023,
192.148058,32.974008,
121.693508,55.352895,
57.538621,-5.526041,
172.113685,50.910985,
227.130165,57.975714,
168.730529,49.766453,
195.658004,-0.978852,
167.652715,6.984401,
211.457793,17.493177,
188.373413,62.789277,
178.975501,-1.061342,
210.029840,5.812852,
29.416240,11.405903,
130.848734,16.948917,
184.372567,47.240229,
343.795938,1.528056,
138.833668,47.612314,
128.240211,45.534135,
159.853306,50.727262,
206.703135,35.493767,
346.310635,33.293778,
244.799774,9.567178,
260.501710,27.519817,
33.263201,-1.501490,
203.583839,46.572524,
141.384625,28.548324,
141.441165,44.738308,
220.208919,33.563955,
165.020481,27.076618,
186.893813,35.280691,
117.002295,31.779930,
127.754702,3.962982,
164.200978,29.910504,
0.152262,8.041090,
358.124718,-0.450689,
317.555926,8.012627,
216.047224,29.807516,
217.872129,46.527949,
10.188343,4.112838,
14.299263,-10.670956,
219.587191,-2.664760,
129.858918,32.388839,
205.028453,38.144592,
162.823423,13.156502,
41.801300,0.856827,
338.568599,18.303830,
124.178172,23.745326,
5.438369,34.585795,
335.587611,-1.526091,
13.162599,30.857165,
1.677594,2.908033,
122.431949,10.434056,
205.603195,10.689054,
165.342437,0.651432,
156.716629,11.901166,
59.038525,-5.132028,
359.926029,8.316503,
353.644965,31.589302,
32.794013,-1.580684,
219.042055,0.003791,
228.721204,30.372996,
338.343904,2.398744,
155.063339,34.304676,
145.330968,51.325816,
209.628047,3.536834,
180.909859,52.940138,
214.109459,58.200199,
158.499877,58.582691,
5.866329,-0.871795,
185.991363,44.747461,
137.224240,34.528703,
202.234196,31.804081,
163.472682,4.417541,
132.247042,6.256741,
254.328830,46.245004,
198.250873,42.943275,
232.676298,0.012877,
26.168713,-1.290740,
14.463227,23.837352,
358.965919,2.929083,
142.304174,37.768158,
188.493432,49.449486,
218.692456,63.999960,
120.787608,34.857609,
205.161135,31.341196,
41.391958,1.137160,
130.474288,21.656919,
203.703629,51.962119,
248.507620,28.919101,
230.132541,58.806018,
26.129095,30.870983,
353.632593,-1.815578,
349.432982,29.520794,
136.281796,33.839972,
228.965082,0.051361,
182.897283,18.905938,
21.310056,-3.966740,
6.901109,27.529606,
142.874708,49.044657,
204.145125,46.366326,
243.815210,11.303294,
337.041955,15.298822,
122.558924,51.852160,
183.138196,51.612480,
133.738448,54.805707,
329.246155,30.699692,
148.117735,27.033240,
180.444243,27.504585,
342.536876,25.924266,
158.473722,26.762301,
184.338109,37.152406,
159.455873,5.811811,
245.565904,26.118250,
191.069798,16.534317,
221.804333,-1.366273,
215.246415,8.193557,
239.556638,39.061255,
235.499041,37.255979,
16.036373,3.361056,
241.418747,13.107436,
120.098833,50.354545,
22.919555,-4.200577,
244.814492,43.976886,
131.945968,25.912386,
170.013895,10.153053,
151.349753,18.930245,
160.564056,62.503951,
208.703311,37.977073,
35.631820,-4.549014,
243.489878,32.409382,
115.069490,48.716600,
164.466971,29.055509,
177.674918,58.597004,
209.278165,35.728529,
140.199867,50.801228,
123.237261,23.330551,
154.460645,46.170730,
248.833549,20.873655,
221.852686,-2.595941,
11.065979,22.486204,
332.350393,-1.984842,
208.667157,28.878932,
4.109802,-2.691882,
189.157916,42.901697,
230.572333,55.646356,
243.881721,39.931324,
252.486609,46.944443,
248.978415,27.483173,
349.217696,29.091161,
328.564839,-0.805584,
353.123422,31.243372,
62.488906,-4.602039,
244.240674,38.309137,
37.032707,-1.261199,
144.408066,45.345022,
159.437204,59.931125,
144.838380,26.798987,
160.538789,38.299157,
13.590245,29.806702,
160.204593,59.106807,
149.511631,38.499780,
232.015320,31.723273,
205.758618,43.443328,
160.389310,-0.043432,
246.808976,39.745709,
352.321660,24.982445,
184.174022,29.424804,
144.986116,-2.255723,
344.413137,33.386016,
131.479488,49.640360,
219.585870,5.913307,
214.122796,19.794867,
144.554158,21.503618,
121.576887,28.162175,
201.342919,37.762534,
120.000627,42.035107,
240.213638,60.671537,
120.642115,34.551296,
203.462615,48.396995,
226.957877,26.165733,
115.984979,43.811948,
127.291078,8.335621,
199.921700,46.089113,
149.115550,62.934742,
23.660695,13.236160,
161.998146,35.460418,
5.985885,15.734684,
192.729237,55.056296,
169.936888,25.734155,
254.601339,31.521242,
44.114856,2.515509,
168.210585,40.763528,
18.641843,19.936561,
151.571295,45.035572,
183.463419,30.725014,
238.172584,36.064796,
126.073691,18.004862,
131.071807,9.133228,
317.197058,4.555907,
148.707500,-0.730653,
134.033318,21.002734,
177.891810,13.471621,
222.124783,45.058182,
18.490928,30.358622,
233.628729,5.361428,
347.000334,11.340835,
338.429195,32.154570,
250.287902,27.605769,
38.475498,-2.964117,
135.271441,30.474797,
175.784084,30.690829,
2.290948,-4.591133,
172.064151,59.637423,
223.028520,-1.244112,
209.674102,58.841939,
181.385781,50.049406,
0.384404,35.181840,
192.216496,48.947367,
137.559305,24.257836,
203.548758,55.023581,
10.808558,30.124859,
182.806537,4.829518,
241.119229,44.099994,
243.136533,56.221777,
358.537242,6.022612,
164.893947,56.474101,
177.253762,11.340453,
123.963407,30.718880,
248.245002,45.261441,
208.856053,9.242402,
9.280546,25.089631,
121.108133,18.561005,
244.396470,25.802456,
154.635709,44.682420,
118.904927,24.645055,
242.164933,16.104362,
194.763591,62.203218,
355.991184,35.824711,
191.801151,51.183181,
202.233265,-3.208805,
19.697486,39.074489,
205.366081,36.661226,
247.117681,-1.005366,
162.064631,15.519838,
154.449146,25.508936,
126.956850,32.747298,
17.070481,31.917086,
346.461951,-0.678245,
227.569295,50.370228,
128.402777,43.813818,
141.736090,11.307854,
141.624336,15.770723,
122.809019,8.600386,
241.136812,51.156231,
156.161666,47.424069,
226.240094,13.128423,
333.224182,0.283573,
238.810799,34.501926,
124.304957,15.615723,
130.989122,51.183014,
228.243554,3.676341,
223.828188,15.330581,
207.392959,-0.684141,
167.637453,37.936249,
152.544022,24.388564,
127.623311,27.140779,
217.681638,53.754682,
197.267609,33.749833,
118.511583,50.251159,
189.273815,2.663462,
19.533264,15.086917,
8.892755,-0.539768,
199.097594,2.925496,
163.298072,29.802299,
13.744331,6.611175,
2.857007,27.009603,
134.010095,28.724417,
134.697502,51.030511,
155.960842,27.405050,
162.618235,16.476170,
347.858964,18.534019,
140.773419,7.611724,
244.429134,8.011996,
163.679744,15.946234,
128.938644,37.390112,
169.772253,59.420576,
138.839450,27.536090,
133.183122,47.779013,
176.653129,32.001143,
243.164378,22.389184,
169.372934,37.631753,
247.736766,37.997402,
46.921620,-7.942445,
234.326720,46.216591,
145.361036,45.335272,
18.889905,-3.060687,
342.387729,1.082171,
224.946839,45.877201,
22.374788,-9.311097,
137.602180,47.010907,
226.178953,9.183217,
147.278924,29.117402,
342.554296,4.424529,
238.413989,8.698376,
114.611897,17.320990,
206.359898,20.809759,
203.041642,5.140457,
24.778385,2.847825,
230.812473,2.407544,
123.738081,51.945221,
171.487122,42.016297,
22.180562,15.371604,
228.795517,37.079388,
140.831987,22.872790,
247.288287,49.749749,
338.014492,21.808206,
174.715631,63.498699,
129.491759,37.892799,
328.463802,23.041960,
114.566898,25.995277,
183.398352,63.132503,
222.394921,56.066893,
142.003127,7.258672,
168.609624,60.690998,
234.110059,20.123597,
169.089488,17.468604,
32.480714,-1.571562,
212.314481,38.863500,
203.579148,29.319867,
133.138008,3.419444,
202.273501,10.086119,
217.422358,51.743895,
9.660670,-2.346175,
116.045863,48.381612,
150.268637,26.920882,
186.491095,37.796887,
249.869498,40.003685,
147.010492,45.246389,
157.587275,20.502769,
208.574606,33.816617,
148.760089,17.457160,
213.010774,50.528578,
205.846867,3.404642,
237.283834,2.511880,
155.994716,49.742379,
352.599556,3.600529,
242.089580,7.020337,
195.161476,0.278093,
258.162189,30.521504,
241.251732,5.849129,
221.969674,34.262867,
123.573137,-0.081968,
176.293311,1.182284,
191.088587,38.008409,
251.296218,47.998161,
234.382934,5.420551,
119.742902,35.945459,
172.034230,46.378725,
174.371315,17.543095,
195.558858,29.040890,
180.135899,23.678322,
205.498177,-2.231016,
197.437449,22.442230,
224.739226,44.116543,
158.505821,43.696966,
131.970783,40.133114,
142.110189,26.015074,
212.193393,28.578162,
31.388035,25.923283,
349.085591,26.962257,
176.729795,25.383561,
253.835695,32.917727,
135.806678,27.912239,
167.609208,50.401021,
339.006938,14.487503,
116.316351,30.171160,
190.078361,14.841014,
18.996457,11.707454,
177.027645,60.175636,
125.564193,53.288313,
184.617075,42.482875,
194.145814,16.238124,
203.632002,10.200527,
7.646751,28.664229,
155.124893,34.118659,
149.019612,4.298022,
348.935627,22.885948,
181.961730,23.466293,
201.675953,36.964905,
225.491902,9.936991,
192.028758,53.016159,
152.863657,64.715403,
210.220949,5.119114,
251.436223,37.923915,
178.651264,25.897086,
166.875470,43.865984,
19.745177,-2.384645,
196.709506,29.158024,
213.586554,56.492523,
192.267790,30.071470,
20.051667,15.465523,
28.850589,19.855770,
225.870653,54.785517,
4.707200,-1.329637,
18.535744,6.865067,
130.047459,54.193937,
198.650968,15.688006,
192.625896,53.495736,
253.297704,45.687904,
114.547876,30.302800,
188.581622,35.973947,
156.987297,53.617865,
249.114801,48.824514,
226.057676,24.334767,
118.506000,26.485797,
127.832094,32.470910,
164.881614,28.887235,
31.808660,24.196778,
62.749481,-5.287920,
141.464829,32.595168,
238.207802,30.064560,
218.313536,38.941200,
184.802392,29.145361,
234.447324,17.006656,
217.515996,65.144757,
254.278076,42.644548,
247.802910,50.086476,
129.752381,31.979680,
243.282032,42.170019,
141.806607,8.110030,
160.757685,21.573612,
139.253848,43.219449,
132.726423,45.148758,
183.823775,63.019119,
347.111013,26.989301,
184.513663,0.210249,
36.054501,4.607149,
184.943913,14.883159,
251.495177,31.538502,
140.613515,3.981846,
4.460853,0.761967,
24.890198,7.630753,
222.663082,-0.952600,
350.513741,18.974395,
15.991182,29.855018,
21.286306,29.054798,
34.853779,-2.557855,
217.818995,13.076161,
169.390350,24.946163,
35.845484,-1.550799,
190.266347,30.745416,
8.219339,-1.980606,
185.591122,50.088127,
347.522083,-1.376334,
202.849559,65.524333,
175.792480,67.534801,
215.747899,26.364728,
31.067801,3.468179,
18.446893,2.162515,
340.580156,4.064561,
123.297780,20.122240,
246.790719,24.192267,
213.228330,35.996775,
237.665935,13.779551,
228.357948,46.902218,
115.498499,65.673344,
125.439603,52.958705,
245.379478,18.450886,
135.637716,29.289180,
124.220347,24.270162,
227.021776,14.145959,
196.441162,41.192670,
154.042303,27.177778,
237.441840,5.814021,
220.124960,38.534946,
27.776313,8.710045,
23.300520,7.463011,
233.914211,32.957556,
355.533494,24.619980,
183.626797,0.154035,
218.148697,63.722601,
352.631482,13.553523,
351.564567,-10.796669,
240.320046,38.537022,
205.204047,24.307918,
132.266850,31.881913,
120.464934,31.079610,
183.126547,56.069470,
142.535639,23.802873,
135.074119,56.906442,
125.209822,24.417299,
144.447531,15.160981,
173.067746,47.540898,
155.033352,43.008065,
179.381271,54.690506,
166.415898,34.426287,
168.475990,1.337616,
173.802863,16.264063,
254.471758,36.819736,
26.841213,22.561563,
202.290853,44.841137,
358.778081,24.435035,
138.839145,48.820364,
342.893523,19.137357,
163.950783,17.736103,
329.415785,27.728269,
117.052138,47.747131,
328.120600,1.306896,
245.104820,26.718363,
245.595792,45.703415,
329.019142,21.593126,
6.326332,24.758936,
142.964194,55.953734,
137.839809,46.162952,
10.723244,-0.918465,
215.229277,61.343902,
322.021347,9.905288,
327.575009,27.978052,
130.182722,6.757238,
143.953569,0.744431,
134.089373,33.808774,
329.613150,6.412646,
13.992848,32.039826,
240.278876,42.742493,
176.808251,44.428743,
190.314608,48.460490,
261.488532,27.640732,
223.054488,8.942967,
185.483808,-0.926137,
355.643559,19.560360,
35.706987,-5.248121,
233.321057,3.040912,
133.385868,28.724522,
158.561129,9.407752,
175.010542,31.687127,
122.423583,11.278848,
326.815734,11.271862,
61.515480,-4.512567,
242.433024,54.282263,
179.818351,26.881950,
337.725311,2.050423,
145.357941,44.690126,
120.880766,49.946842,
173.542321,35.772910,
29.416725,5.837420,
256.539994,28.290507,
30.500755,-0.938043,
21.955503,15.294353,
177.661185,33.219079,
342.399919,23.442966,
44.597794,33.555340,
340.030003,3.303667,
3.213558,24.626826,
121.278756,48.050840,
198.143556,52.686271,
2.872698,21.636777,
202.239411,23.200585,
245.978040,14.195971,
358.027966,15.324849,
243.527293,51.213999,
183.261055,56.757016,
133.851926,42.840305,
214.921854,11.144592,
165.191279,57.236823,
165.482106,39.623967,
344.144725,22.169402,
172.263504,9.238825,
148.951414,42.252189,
174.787810,37.701562,
231.734324,34.161827,
134.994515,45.877199,
230.964158,37.147573,
200.851644,34.580142,
172.894666,-0.337501,
201.767227,44.584720,
8.691171,33.505157,
122.305062,5.967313,
226.429283,46.871775,
248.834010,36.959751,
153.955616,29.320934,
157.977911,43.824233,
217.171753,63.732359,
234.936944,48.166554,
133.841083,48.785925,
217.865542,17.434718,
160.280611,15.893296,
138.524307,8.329019,
145.490606,17.809068,
236.988728,10.242549,
174.094918,47.289190,
222.350459,29.362140,
37.055553,5.102067,
153.257313,38.535229,
122.590060,36.485790,
220.733125,38.808766,
139.854335,46.203658,
242.648370,57.953868,
3.203174,20.343620,
209.717781,49.179810,
354.220549,-10.919163,
27.716474,21.263493,
136.485033,48.618763,
223.829218,60.144320,
185.441507,36.696072,
146.872562,49.559429,
191.259503,51.174092,
256.218506,42.799509,
339.183450,24.921262,
354.727384,35.588051,
14.393614,9.625966,
138.950872,39.531957,
179.672380,-3.377759,
220.188187,41.550280,
112.859735,41.600402,
167.374229,36.183378,
160.400997,55.166781,
197.295709,30.942581,
156.260604,56.554601,
164.687816,44.795046,
175.339575,12.576332,
128.965598,41.769132,
231.517867,54.659344,
182.177449,11.222413,
236.966042,10.312296,
118.374041,35.090222,
124.479766,50.925591,
118.166403,44.561203,
200.201625,3.044570,
257.932623,31.013500,
182.437108,32.456660,
159.278950,65.742053,
226.135135,56.397763,
238.700847,6.832857,
34.738736,2.010121,
13.346944,20.204253,
216.318174,9.574790,
206.375193,3.202293,
154.017958,36.572221,
157.672306,18.294949,
134.093573,17.226781,
359.673738,-0.882075,
354.946369,22.467639,
1.887211,29.245900,
199.634997,37.269460,
180.584874,10.621647,
140.805812,40.274104,
145.586766,31.747314,
178.555497,27.693656,
222.760892,6.292743,
136.296066,18.454585,
154.344383,46.453694,
129.678779,34.934399,
115.614587,43.019458,
189.985402,8.300859,
19.952176,0.732217,
188.870860,2.742390,
221.976601,50.912344,
136.765960,27.461015,
341.261700,2.903322,
143.036602,60.785629,
123.311053,50.409026,
194.135765,46.074430,
210.033490,3.220471,
142.404344,52.231341,
196.679414,-1.597962,
337.615979,-0.884381,
221.121711,50.475786,
4.637319,21.188057,
37.800459,-0.348955,
154.795175,2.083053,
21.069591,28.424631,
30.327825,-9.326607,
187.726160,65.749577,
339.124668,30.581585,
120.279994,23.761892,
359.075764,5.284058,
124.676331,43.049594,
158.203438,36.908328,
260.641920,28.110406,
158.993463,28.938838,
220.464401,8.871317,
185.399704,21.177057,
193.385787,61.014969,
123.453465,36.870196,
142.245879,1.002282,
252.647873,33.064956,
174.776744,24.234954,
162.241888,32.887166,
188.611075,61.908907,
332.609360,19.387769,
170.724704,54.316380,
330.653597,19.893738,
164.631598,26.218548,
198.263784,56.884197,
36.202826,-3.051181,
326.214121,-8.255608,
147.006808,42.157891,
201.216450,56.526813,
117.299429,21.051126,
150.903786,25.344028,
130.283490,17.295306,
222.319148,46.898161,
328.379930,26.103698,
359.470141,34.267148,
237.097770,14.235513,
354.285545,5.057349,
4.392124,12.183812,
179.138325,28.356185,
332.499725,31.628513,
174.138990,48.736336,
231.090090,49.433098,
222.974394,-2.072416,
196.795384,48.510301,
261.886763,35.114741,
224.746151,15.529092,
226.529075,23.180661,
336.243374,13.594914,
189.140596,65.977101,
191.340375,53.808639,
9.332936,21.359662,
17.707490,-5.084303,
156.203536,45.308105,
144.152476,60.945790,
238.986754,46.415056,
140.516197,33.972863,
139.097819,20.101801,
169.514262,24.007572,
251.685511,33.796350,
206.467043,42.290949,
234.946142,45.666798,
185.634643,58.269822,
27.970656,17.420415,
218.960119,57.656308,
171.883511,-2.681192,
352.800872,14.118253,
124.703039,45.814245,
232.571206,36.599981,
133.397420,33.748840,
159.719524,34.233759,
328.815027,8.715516,
332.046875,25.126004,
246.748691,55.160070,
176.383304,33.876186,
11.796730,22.214927,
160.760125,31.409449,
242.362471,44.322650,
241.468138,33.233778,
238.774652,39.716975,
129.435299,24.406464,
243.332189,56.083774,
164.800555,30.656410,
253.630590,41.191548,
148.934274,31.062001,
238.980852,13.942405,
234.310411,23.011258,
32.148995,-2.034675,
241.061694,49.311341,
187.445620,37.732041,
20.395654,4.645709,
146.563135,6.150165,
189.222835,18.124523,
165.119411,10.438807,
201.320544,41.024850,
150.945494,27.398951,
217.185364,15.718864,
157.709276,4.456186,
30.034045,-4.053170,
176.642116,47.467189,
158.890874,14.026123,
118.434273,25.950622,
15.198704,-0.631167,
27.339722,-0.539180,
224.344599,-1.133593,
143.328143,37.186548,
123.019445,27.157549,
152.029161,6.243644,
241.091634,10.478371,
24.463696,17.190006,
249.742428,32.138651,
225.357760,6.701963,
22.548535,-2.263457,
179.454471,41.692887,
240.699720,31.668778,
180.373830,20.386633,
186.694413,57.848446,
205.482793,15.567619,
264.583556,55.218930,
22.839964,-4.901175,
132.815703,23.047298,
130.224326,58.481378,
219.014407,61.760807,
189.450258,45.613463,
178.040804,56.316461,
20.690019,6.133001,
126.935405,58.784370,
354.447231,11.202854,
116.173930,17.421398,
17.189225,-3.385136,
197.144770,0.693471,
349.771539,11.559599,
192.712021,20.782981,
155.353712,8.984992,
169.906667,54.920489,
321.573696,0.374712,
173.214739,15.024293,
338.630246,23.294289,
226.314756,26.513161,
31.907443,28.326465,
217.239335,49.623452,
215.408245,39.223166,
28.721881,0.788312,
142.341535,10.122232,
181.302371,35.601439,
32.496129,3.895292,
242.610196,58.560346,
353.075874,7.442736,
194.261062,35.129894,
347.688115,33.155370,
189.306611,45.315392,
249.082593,14.234034,
10.684997,29.692977,
202.940092,28.202042,
214.327674,36.821432,
135.213358,19.391914,
188.708332,37.925110,
175.233334,20.861634,
208.932118,47.674089,
196.558118,59.967337,
192.709996,14.801414,
113.594155,41.865858,
159.106718,17.052727,
133.068809,43.251313,
45.132281,-7.903399,
116.785963,21.285121,
195.231963,5.939062,
138.023065,41.959677,
159.467211,12.186579,
229.385241,17.365214,
149.059927,25.903401,
171.948187,45.895865,
202.485010,6.596046,
358.534919,14.531542,
206.458454,35.454132,
211.120690,30.354936,
128.181817,45.256589,
32.348721,0.463594,
194.094110,43.683835,
15.311460,4.237016,
137.421299,62.315618,
118.030838,19.146983,
158.478031,2.661777,
126.804751,45.003791,
6.438727,4.596871,
159.555818,55.032103,
223.489083,13.148935,
255.982848,23.377127,
126.010026,22.656075,
128.106665,3.335462,
226.059300,45.046514,
121.819711,36.735158,
145.840846,54.713017,
214.926913,59.216506,
22.088754,-1.864270,
248.966000,17.330507,
114.215041,28.651427,
193.782821,42.703214,
128.572451,44.049937,
21.414429,2.837517,
359.903417,-0.520218,
234.384159,53.269256,
191.442446,-1.300104,
174.318183,37.179578,
231.007644,56.396068,
135.254386,11.459862,
126.954607,27.859434,
33.707430,-1.190718,
184.733857,45.308388,
145.038585,35.249918,
345.374168,13.374446,
158.122459,39.810614,
19.459316,2.100248,
12.482486,26.343226,
26.389846,-4.043450,
127.210340,49.077841,
330.113304,3.023118,
186.969261,50.541150,
145.551293,48.728535,
134.954477,51.066617,
352.396695,-2.557058,
225.671719,59.162240,
121.177172,19.133329,
155.789471,8.433867,
226.236059,6.827436,
169.715658,32.545781,
227.732227,37.688719,
233.242338,9.943588,
5.988635,3.478979,
168.797106,35.811028,
216.901788,50.572480,
235.405939,42.773459,
22.246498,27.542901,
165.732303,20.914761,
5.225655,4.582335,
216.145800,21.702224,
161.135905,39.205456,
225.702518,47.815911,
171.737998,39.252764,
121.543849,26.389259,
163.122839,17.340889,
206.835440,47.026980,
126.138505,7.069637,
246.991528,29.389815,
130.864255,30.889800,
203.187134,62.258926,
130.973570,15.293480,
211.099664,46.777042,
326.618249,27.165879,
175.558831,55.685773,
152.185518,13.268692,
0.953659,-2.399723,
325.156658,10.064201,
137.418359,26.722703,
349.718536,10.293281,
213.704858,-1.749708,
13.569421,18.273175,
157.080537,12.419620,
125.712901,13.264927,
212.906934,9.253359,
2.172034,26.687414,
50.794219,0.904798,
221.999667,25.847232,
333.250568,12.887206,
26.792072,12.514293,
205.845947,36.385387,
215.350265,41.634441,
335.544409,27.424647,
124.439677,22.605600,
215.576120,58.723678,
194.757809,53.341253,
138.421951,3.794505,
222.477021,53.265193,
172.434593,66.061356,
226.307889,30.013410,
120.511242,14.054205,
338.403903,1.589925,
132.924030,16.206106,
345.963757,-0.285676,
111.204177,40.833868,
333.768056,22.255507,
141.184815,39.873060,
3.938170,24.198344,
29.414185,32.702025,
130.893983,49.985852,
159.405989,31.492962,
173.630498,48.898605,
212.475006,54.141012,
173.697051,49.025922,
197.241725,63.252483,
132.004911,21.310675,
234.871432,20.452003,
200.752022,61.124013,
12.593453,30.673653,
217.477053,0.390992,
177.912887,25.585967,
177.378470,32.953901,
358.301175,7.089678,
27.668661,27.755916,
206.001276,35.128965,
31.316463,1.475286,
156.488876,61.637511,
48.867359,-7.921520,
216.663124,39.868322,
221.336248,47.373545,
234.081294,20.995313,
161.220909,60.241649,
135.146759,53.064127,
139.404259,50.699519,
154.116369,41.797339,
187.696083,48.438576,
160.141119,36.486093,
196.594087,61.130346,
226.602593,41.598686,
202.406536,7.557249,
184.546914,0.263981,
226.534159,39.457227,
24.269144,3.603768,
149.790652,18.020727,
340.623344,25.152253,
20.686280,25.084175,
8.589809,22.996690,
27.815207,11.552790,
130.374394,34.876667,
138.238183,25.418066,
228.203528,55.431569,
200.125728,37.517327,
131.172962,8.516648,
239.781390,55.606344,
136.184738,23.565025,
131.422333,27.286516,
130.819208,36.869338,
202.696241,14.740300,
200.366178,-2.106244,
220.468343,18.559170,
357.649017,-1.001907,
192.845001,12.531123,
170.553980,30.551775,
358.571065,4.124801,
171.920193,27.798891,
336.538668,17.841669,
24.050344,12.637866,
10.673746,9.058435,
158.396316,49.560119,
148.224180,7.844525,
226.629439,35.283832,
257.794843,33.117830,
339.154287,22.554162,
216.709399,42.715286,
166.985666,42.222441,
171.981466,10.644426,
178.337615,50.666327,
3.966080,10.383388,
340.750269,2.755872,
142.131548,49.567291,
217.989610,45.262218,
139.920729,6.749978,
355.817215,11.827341,
139.818417,12.285725,
138.027688,25.433984,
207.624057,33.983505,
177.181017,29.493001,
188.179456,11.774351,
195.630528,53.020708,
196.884017,43.403693,
119.928480,33.579393,
348.438629,26.104389,
234.354973,37.318860,
221.730626,42.503480,
239.187338,33.252314,
119.704036,19.202761,
349.004038,29.259566,
2.972965,25.817914,
160.955629,61.852295,
242.113039,32.252810,
147.512597,45.047989,
353.057888,-0.908979,
161.711837,22.575588,
173.540318,13.584451,
341.410115,18.060715,
234.289015,-0.516555,
154.188026,40.010146,
186.944811,7.256781,
202.533705,14.899188,
186.475512,11.948344,
13.577950,17.044089,
146.150359,13.027021,
37.836283,-2.005910,
178.778398,4.171772,
176.837043,34.646177,
116.454060,44.357328,
182.869473,49.283074,
202.291963,37.411539,
184.710009,-0.469234,
189.478361,11.629225,
232.287851,46.330418,
25.909353,-6.708033,
342.043459,20.404021,
122.196050,37.061999,
155.171456,39.969783,
192.646702,61.354782,
339.152150,0.406203,
227.176481,37.886954,
182.346374,50.697277,
175.032929,34.750221,
351.073166,32.347000,
8.300026,25.690343,
147.939106,47.706181,
5.161188,19.067353,
234.355636,48.818388,
19.849808,31.042738,
359.168279,24.810023,
165.237759,40.836400,
186.924461,57.128791,
194.958936,25.523310,
198.447677,52.660044,
23.935874,21.447589,
186.606150,30.906696,
16.951849,28.135243,
139.880889,50.933951,
156.857984,6.084966,
223.608888,56.602020,
170.989322,47.058500,
10.073622,-4.117707,
256.127127,40.218874,
234.394425,47.078358,
201.803952,3.449198,
317.165538,-0.804693,
170.465373,29.792745,
179.752102,44.295643,
235.553777,11.207439,
117.208385,44.806985,
223.208969,15.603312,
337.081621,22.037423,
221.037417,30.707914,
11.057442,-4.437350,
44.622481,-8.081478,
215.550821,20.530617,
344.880235,22.930478,
32.442842,-1.283862,
25.587156,-3.736066,
26.967339,-5.384667,
342.946835,1.199764,
123.763036,23.051315,
176.313005,47.825520,
27.330329,14.966699,
166.298500,23.780114,
330.119198,2.891487,
253.487572,46.497355,
133.534275,45.200030,
230.850614,26.391533,
120.729852,21.865542,
237.366733,37.058642,
155.249410,52.155065,
231.634708,28.645320,
219.047343,14.017158,
221.169162,22.010930,
169.133971,21.060335,
187.601567,48.500986,
327.361974,26.240358,
235.502887,1.516596,
259.751874,26.693774,
1.323304,4.948599,
143.948917,28.926546,
171.017707,0.213591,
209.744176,49.601506,
136.708686,49.177383,
192.262517,13.531108,
20.077304,25.713063,
211.365723,41.806358,
339.803124,-2.081641,
171.061525,52.897913,
20.616177,34.343051,
125.734708,32.996421,
166.873733,28.772358,
157.991239,15.595689,
228.763315,40.761706,
337.746421,6.273519,
351.220474,18.888665,
213.113046,36.916248,
153.040116,32.739295,
189.337039,47.170366,
235.854231,33.812597,
178.075505,23.050282,
18.598183,34.170612,
196.054630,47.074158,
196.986384,4.370987,
157.370480,10.091531,
144.156569,32.898270,
237.445653,37.998276,
172.257440,52.850570,
23.619724,18.390634,
227.419145,60.639265,
230.415279,3.624798,
235.175380,16.625423,
0.799012,-1.661345,
154.181757,58.803562,
194.450260,-0.043654,
251.886583,33.522530,
114.210892,40.298342,
14.253481,21.261070,
223.480636,30.152577,
173.364584,40.430453,
260.289547,35.704471,
220.625113,36.621824,
147.131498,53.050910,
146.412256,3.473722,
182.466078,19.836080,
163.848193,41.704096,
250.681437,51.532317,
213.378311,15.916930,
121.558900,84.431413,
330.194065,-7.204266,
344.610648,19.842038,
179.891514,65.682695,
2.021924,26.888155,
189.553101,0.254488,
32.378067,3.241865,
197.741236,27.655646,
232.526708,34.031568,
342.615472,-8.480431,
182.560116,34.699083,
237.531140,4.753019,
212.115932,24.156851,
243.303244,50.195408,
138.693653,42.819984,
233.162378,2.759284,
150.749186,36.760287,
151.850184,50.277257,
112.722009,28.857056,
227.670474,8.449793,
135.872994,39.391504,
156.115649,60.803521,
19.541350,-2.870506,
40.939313,3.521245,
174.231149,19.218085,
167.137764,26.662234,
136.499138,25.232261,
150.679046,52.859608,
347.211308,-9.501010,
174.563995,30.260875,
232.889738,45.478242,
130.833683,55.624844,
171.988529,29.782966,
168.399069,27.119609,
160.769834,2.097004,
186.825833,26.502519,
245.691095,36.883035,
174.061102,15.140811,
138.238836,2.652712,
132.337827,63.007896,
258.812653,56.366253,
38.577244,-7.562266,
35.919924,-4.382121,
191.113005,13.744948,
208.360617,24.403764,
150.295978,25.303658,
25.210306,29.289666,
172.018144,37.867208,
153.904698,27.436961,
249.506071,28.448640,
248.477918,21.749367,
18.302896,33.768426,
219.305633,49.344918,
6.947431,25.571352,
134.751580,30.589022,
160.095054,44.826992,
134.776253,54.256492,
168.821237,54.862284,
158.790040,38.075745,
173.656972,60.074274,
233.824339,55.740673,
172.017246,43.088153,
209.974153,59.184178,
129.748200,14.545430,
134.079083,-0.805157,
251.043306,13.831826,
212.740458,64.552995,
8.879589,4.386118,
31.895798,31.868468,
123.646646,50.496213,
185.027972,9.614605,
249.175935,56.148574,
230.268722,15.241840,
39.165280,3.671417,
114.171427,48.126119,
228.845948,43.825499,
123.400711,47.314307,
246.435935,47.936404,
24.873752,3.803479,
210.367876,20.348450,
355.291675,-0.699756,
28.607310,-0.517122,
141.972469,37.508238,
209.144034,32.111051,
174.808676,56.239893,
330.489868,5.597696,
197.040426,39.903179,
209.703055,63.614210,
242.925170,57.285689,
20.584374,-4.431924,
32.556973,6.412638,
201.541074,26.361698,
162.286591,54.424121,
137.263944,47.621137,
248.535523,47.468339,
213.382562,39.781879,
13.639933,8.075191,
331.096606,6.459373,
232.856512,20.275466,
356.627092,31.098874,
154.157949,38.261301,
196.638194,39.973376,
199.378378,-1.234100,
179.344313,30.982656,
208.819168,16.644680,
187.820998,58.591799,
207.485369,18.248647,
201.488980,15.066355,
189.571797,35.043056,
156.615349,51.687229,
202.046336,64.101106,
15.756244,32.284307,
40.130433,-1.648982,
218.595763,8.789706,
187.219057,62.188137,
202.607810,0.874311,
8.436322,21.585259,
179.635111,40.725246,
197.639231,30.156253,
174.877360,57.435442,
150.785879,35.522232,
19.494273,19.336210,
166.214924,48.169263,
340.345248,4.671764,
345.719491,18.207742,
185.216248,38.913916,
153.132604,45.958670,
232.279775,3.890104,
188.348044,53.331517,
180.322783,62.422931,
40.499711,-7.555248,
142.561741,42.010739,
28.446742,17.048639,
355.113554,25.615797,
241.627225,37.227684,
30.923924,-5.127640,
185.194530,6.712557,
322.517620,-1.620128,
214.352460,52.506913,
170.840864,33.735152,
338.826413,13.668962,
125.119134,34.709134,
141.753703,42.402133,
252.522840,41.675680,
170.117835,50.567669,
167.646500,33.997353,
336.753234,14.543549,
151.963243,4.532220,
217.364194,39.892299,
223.422230,49.977739,
131.570093,18.592032,
13.867109,-1.475580,
197.064312,2.236581,
217.248042,35.063690,
236.247615,4.129548,
245.154658,1.230140,
331.182221,28.359914,
12.946349,6.317650,
194.903285,33.762615,
356.302332,31.644364,
166.344316,43.246354,
169.578268,51.050207,
160.474206,24.190428,
356.732569,25.461497,
117.630502,32.010887,
181.837497,26.408103,
344.203569,0.824541,
16.994353,9.583830,
247.951006,33.239864,
204.121135,49.677247,
217.089190,24.781741,
162.123973,24.879711,
188.188187,60.094990,
235.046753,24.519392,
359.952215,-10.660705,
251.320403,27.713462,
118.390687,21.651171,
230.394816,18.273681,
173.359674,23.561276,
235.762806,4.228351,
248.147894,34.622308,
172.281026,57.290677,
112.480786,35.016558,
330.235875,20.462030,
153.948861,25.177707,
192.795785,38.967243,
348.603554,12.454732,
123.714130,43.440155,
195.804273,28.185498,
139.483126,47.525437,
225.289265,52.632883,
234.698104,56.084822,
158.746413,32.617118,
134.588948,26.187570,
181.623526,43.538213,
174.137868,2.129908,
10.222898,-2.850531,
197.796931,37.638846,
256.038231,36.150309,
216.332255,26.207701,
24.844563,7.197407,
334.223006,27.332110,
229.442334,19.944633,
221.528180,44.590143,
157.914957,63.225658,
187.342939,44.621011,
6.972348,18.131738,
197.320979,28.234530,
222.930366,52.690933,
32.700917,-8.842892,
331.359438,0.517564,
12.645230,-10.764438,
334.544130,23.635210,
239.803997,45.270826,
147.360134,28.415407,
334.604342,0.407340,
220.391058,12.838262,
18.907156,0.341288,
135.331984,29.744361,
130.510070,12.281152,
110.585465,40.023739,
245.788228,46.351268,
217.181549,49.926584,
353.921627,21.637883,
135.005541,33.303508,
0.006141,29.001964,
216.820882,38.529067,
240.075090,35.121703,
352.545567,-0.497638,
210.577807,42.000007,
154.155701,31.365854,
232.600619,48.237883,
18.605059,5.223603,
189.392520,3.752964,
168.809184,51.769151,
146.162446,22.869529,
211.426234,51.831778,
208.552555,-2.028405,
2.117135,-0.036175,
136.725937,45.661506,
19.796382,20.847046,
3.739908,-0.494193,
181.139865,42.133623,
135.573318,51.694222,
250.902553,20.787586,
125.155618,41.552256,
225.572542,55.753178,
177.756435,27.395097,
167.717645,35.225146,
140.481841,42.550113,
211.079501,10.068236,
144.333124,11.720087,
153.448088,34.673888,
121.977091,49.774334,
249.148379,30.542968,
258.752531,42.911042,
320.630779,-1.470375,
181.509270,38.950302,
350.975758,24.070984,
339.551173,12.440056,
21.754474,-1.497228,
172.188198,50.344027,
185.535244,31.073537,
165.288118,61.798409,
351.009294,23.866060,
244.441223,33.376847,
247.465003,32.850659,
331.216154,2.583276,
184.845524,17.556804,
137.368798,54.323843,
12.958833,19.697921,
139.336511,33.365599,
39.967623,-7.621314,
6.098908,5.682027,
164.589854,35.946898,
202.025234,47.523631,
136.750377,21.993630,
246.721672,35.281300,
151.118469,0.307132,
182.439759,33.416919,
33.149957,-5.536574,
187.436540,45.065178,
158.314465,2.112452,
141.651399,30.918069,
151.015326,29.309824,
192.560276,16.546165,
119.861058,10.502686,
340.367686,0.385330,
26.026309,11.212841,
177.856639,50.688129,
249.677173,36.037165,
345.919448,28.951713,
15.421396,-2.287045,
140.047039,-0.380052,
146.353589,65.115813,
27.769850,5.093453,
238.990617,36.896918,
150.494674,17.745682,
33.136574,-0.468727,
200.352404,39.502031,
340.840809,11.518804,
198.867993,39.189855,
160.521598,34.381120,
214.782561,1.629142,
46.480884,0.364768,
29.374119,0.042730,
258.798273,28.569195,
173.675260,41.224963,
202.268223,33.437055,
197.584950,14.720425,
25.001534,-6.152629,
23.040665,-8.397233,
198.559817,61.810060,
140.557602,26.299497,
220.137721,10.717823,
356.252537,35.293588,
12.087996,29.846895,
0.084637,4.124370,
336.966840,18.090348,
9.590299,25.662251,
120.270116,49.479523,
353.427109,5.644310,
126.003560,7.103897,
211.035266,4.689530,
342.978998,3.148123,
157.752750,44.753750,
170.846667,20.669187,
240.311726,4.347994,
177.263054,47.778460,
190.826305,45.471795,
351.935745,8.956051,
330.005287,-8.147455,
18.633161,20.797334,
4.807324,0.422504,
172.476158,56.657077,
334.263120,2.245176,
30.314335,33.501178,
164.448168,39.862821,
46.857929,0.619272,
192.502967,49.600948,
208.920661,53.895261,
17.647080,7.910252,
141.453221,65.038399,
5.469224,-9.088003,
189.994047,49.094483,
125.336195,25.676997,
148.294708,14.694769,
187.629506,30.099332,
141.987286,26.051343,
158.059267,-0.532553,
190.235058,39.343535,
122.419238,54.497166,
232.784438,52.131797,
131.883161,21.870237,
12.912316,14.697552,
193.255665,15.565255,
162.591697,33.754960,
232.738980,55.882569,
215.663624,17.272226,
15.402711,17.876881,
155.636620,51.718554,
6.989020,27.369118,
29.844735,33.175188,
349.963918,2.727283,
116.349907,27.112793,
134.060606,62.565076,
119.069517,22.304329,
170.415764,52.332832,
257.487521,33.612510,
230.196233,45.554857,
243.990806,21.129177,
197.554060,11.690601,
196.596691,24.282603,
188.703755,3.444729,
35.487432,-2.344928,
201.007818,16.900445,
310.770061,-0.635120,
239.822788,40.331386,
129.925182,37.049525,
117.836572,27.697097,
130.649675,38.340748,
14.250817,14.627163,
229.253542,58.362711,
29.695627,17.723274,
20.752869,33.485259,
180.103652,35.683992,
333.949181,19.351109,
5.075976,36.015452,
353.269229,-9.453052,
159.969062,3.055483,
202.003026,2.455272,
4.031768,-1.652093,
200.073829,25.854269,
134.446836,16.350003,
210.700671,6.923078,
186.738751,16.778593,
4.067278,32.004371,
251.972525,37.331483,
0.082005,20.609877,
123.164700,20.914287,
256.693450,25.173018,
337.144218,-1.189165,
163.574700,32.371461,
222.581272,58.226883,
124.973723,33.547923,
235.608623,35.184125,
164.649265,14.205589,
346.434144,-0.425585,
179.720293,-0.717216,
239.740660,29.357446,
153.960138,42.357340,
137.337678,31.052926,
351.870838,23.605545,
164.469557,10.843883,
186.289888,40.165687,
232.325686,46.606799,
6.522623,24.410760,
231.290079,41.764196,
178.280340,-1.090863,
169.448413,20.659319,
25.600416,19.926120,
135.996891,48.398230,
118.663921,32.314423,
166.386115,23.347217,
186.999061,52.090746,
227.245203,16.362665,
200.469779,63.562951,
223.712542,33.442894,
122.522492,27.289604,
31.804251,-4.110310,
210.759727,39.291863,
185.283242,7.113042,
176.315965,20.771871,
172.187894,2.601917,
11.543807,2.118415,
42.346541,-0.138850,
208.508068,44.088473,
205.032768,29.269667,
136.283665,10.793518,
255.236867,31.940500,
350.629617,9.288934,
358.600617,6.277463,
135.422998,10.464873,
154.031980,34.515114,
194.143664,25.506570,
220.720624,15.790595,
121.581382,43.363398,
118.942425,39.215778,
179.166707,43.784677,
151.598693,3.289686,
128.161728,49.660123,
204.599533,34.249407,
25.769119,-8.403621,
21.319694,5.811741,
132.036881,25.195339,
12.830913,25.693555,
203.495549,-3.479556,
219.875320,49.006978,
27.920112,13.293053,
129.074443,29.368492,
188.544207,39.131890,
149.366172,25.081613,
182.231127,43.931363,
209.030788,29.730774,
18.826236,17.089829,
187.640650,51.478550,
339.416396,18.987103,
184.810089,66.681811,
2.064108,35.683105,
259.399406,30.674996,
218.302788,43.109065,
111.486558,25.687389,
3.668388,28.355110,
24.765335,11.357007,
208.106190,16.003995,
325.602543,-7.035462,
160.862936,63.514462,
338.587174,-0.857406,
217.658640,11.281290,
224.886854,4.231629,
131.882426,35.237906,
124.477185,41.540372,
340.271782,12.659385,
146.349565,-2.749978,
183.614583,33.673907,
24.883805,21.421640,
180.494374,15.888384,
240.892204,36.998056,
12.232737,-0.010081,
134.678814,-1.165188,
327.660862,19.708345,
174.069314,0.608929,
353.519220,26.239666,
204.125883,3.164573,
344.343041,28.367434,
156.649907,27.736606,
2.039299,22.160125,
204.439162,33.013175,
321.156160,2.860011,
330.899555,11.594176,
343.266742,-9.000491,
117.313716,34.649805,
11.589555,-6.390831,
140.612918,15.125446,
127.673053,12.714994,
10.150548,33.606306,
114.124043,43.974862,
336.253690,-9.423795,
219.667538,54.631237,
187.818327,46.188112,
159.550658,50.830339,
151.981546,0.491755,
178.584278,0.287036,
138.197242,40.326527,
174.933988,23.745290,
146.092240,10.627724,
251.046293,31.076449,
3.896192,25.570081,
162.162124,48.744620,
183.006463,60.843032,
135.401864,34.152961,
244.685706,14.999046,
144.905312,28.664926,
169.257043,22.347937,
126.162353,45.152986,
160.336076,41.854323,
21.092405,2.735996,
219.681448,42.055784,
319.182858,10.626952,
243.445960,33.607939,
116.332878,46.639416,
27.853671,-4.164441,
128.764381,2.838525,
161.490331,19.824501,
154.707447,27.320810,
2.977692,20.785625,
180.703822,30.010692,
205.618120,33.676344,
239.849949,53.091220,
146.211538,15.210275,
127.806550,26.769663,
126.062359,11.757242,
120.026379,44.598790,
134.277832,56.972403,
334.707758,-1.563377,
359.079183,-1.491627,
229.967738,19.247237,
214.800070,30.942731,
130.934327,11.968942,
5.786462,0.377712,
318.050420,2.255849,
191.036165,47.130293,
3.245251,2.314219,
345.360071,21.392082,
180.260709,58.173039,
173.938577,38.535605,
224.739913,0.439434,
133.424972,6.948587,
153.153309,33.748496,
174.938683,21.260676,
221.003049,0.960148,
159.630455,4.647689,
172.157897,12.612098,
3.263036,2.195345,
234.618786,2.112960,
226.794207,56.425838,
178.417041,41.019175,
172.031295,45.781627,
120.164047,36.547420,
191.069184,12.767012,
199.092540,49.465555,
24.472061,14.065269,
150.552424,44.128740,
6.968330,0.437703,
207.668043,66.266600,
24.031272,28.043014,
12.870089,2.147257,
173.890987,20.932042,
122.007541,48.015154,
179.432313,1.898972,
354.150804,11.309317,
223.204979,61.751742,
236.674165,35.507973,
331.182282,-0.110745,
220.329926,34.625125,
157.048565,32.881372,
211.074356,10.204969,
357.074946,31.349604,
194.268380,49.078486,
120.717144,52.019407,
22.007908,9.074450,
169.062642,16.342429,
164.570128,22.103220,
12.362003,18.544078,
10.638561,11.604575,
351.189776,3.367518,
191.988415,17.057977,
166.568392,59.339897,
212.006234,26.108944,
191.604245,36.360732,
133.451921,14.569725,
359.454355,24.288172,
359.401149,0.515675,
127.466707,42.906451,
216.860448,5.744815,
237.905570,22.847554,
328.987322,5.570819,
216.409322,40.623740,
170.770255,24.375919,
160.121979,62.247092,
200.333267,22.562145,
184.058897,35.224838,
125.783602,55.556241,
208.221877,54.275165,
7.941068,29.305592,
346.062966,26.671798,
332.110378,19.172273,
221.293942,45.983523,
168.769910,9.657356,
219.585197,8.376875,
193.574747,31.427122,
178.610825,58.531492,
232.992268,46.054026,
252.730056,30.396786,
230.672123,-0.704124,
167.077494,22.794067,
217.246012,65.015250,
21.492166,14.428095,
176.787889,38.321076,
339.018535,-1.869688,
18.876172,30.372110,
8.723058,28.412297,
167.849183,50.858616,
225.250903,4.493847,
182.710496,37.994648,
186.529972,17.613868,
210.553881,61.259636,
191.330040,41.878245,
116.452232,36.090911,
249.911821,50.201842,
170.415037,48.891303,
204.297516,19.064259,
223.342628,47.390262,
225.473532,39.056729,
241.439207,56.503791,
332.129097,1.309513,
182.057680,7.077252,
198.902167,29.772464,
54.988325,0.921194,
144.034953,7.702243,
196.688366,39.511828,
11.556206,0.399463,
246.055840,52.797831,
195.387708,21.795512,
169.164305,27.772958,
217.538273,-0.888674,
222.662302,40.408442,
199.378349,22.279387,
318.039225,2.031034,
165.465947,41.585564,
175.417432,4.635654,
179.653641,32.969791,
191.280890,47.014729,
35.386117,-3.733542,
156.747155,41.656971,
195.989918,60.971051,
359.897374,25.757531,
151.973354,63.983469,
233.970518,29.854990,
357.668185,-9.806845,
223.434060,43.596465,
123.793025,46.981976,
14.195545,10.175545,
161.272452,56.188428,
132.049440,44.073977,
133.961020,27.306699,
125.246984,26.755903,
133.232428,42.747926,
21.576023,2.392406,
227.410501,48.328250,
183.637425,11.085088,
141.187471,45.199423,
119.590625,27.053846,
233.808207,53.527759,
13.133856,9.759282,
228.607878,37.481436,
22.709038,23.746502,
161.108411,6.551269,
121.825019,20.923899,
238.205079,43.996430,
10.717656,8.904273,
224.924213,43.030873,
30.918349,-0.033852,
125.067525,8.777386,
245.594617,52.730791,
353.708012,1.506085,
241.238920,47.814675,
143.424243,10.371900,
187.675693,9.072894,
178.183605,57.200592,
168.296572,12.088867,
165.457765,5.842683,
143.714334,-2.198502,
221.905654,56.424408,
351.911837,6.983140,
201.127438,53.682132,
152.335871,51.526687,
170.290707,7.999636,
158.423911,30.547039,
199.166978,14.527432,
180.168231,12.316965,
174.491308,31.635496,
1.022079,33.353774,
17.304765,-8.975123,
251.219628,43.131186,
357.127642,13.811242,
226.175852,17.287415,
340.440407,3.969425,
145.663917,32.428162,
222.760671,6.374439,
17.828602,25.639757,
31.365725,-0.963224,
154.815691,29.821846,
190.979321,6.807958,
11.899145,23.927029,
224.653436,43.115985,
166.909740,38.474609,
177.623763,11.221497,
132.470256,28.549066,
115.884964,30.483584,
252.598890,41.463898,
222.885779,51.105358,
29.699411,17.468660,
129.571278,30.037461,
154.204142,4.324497,
212.453114,44.816077,
244.979431,58.666473,
30.190940,-1.930339,
224.258640,41.884467,
178.810770,43.115617,
139.986233,30.633889,
225.988873,41.818755,
127.506131,19.946166,
258.570313,32.827107,
171.320548,20.586630,
242.270153,20.482568,
143.239011,33.188732,
180.109593,65.432428,
135.251011,43.647602,
255.258169,35.591685,
147.340613,4.658645,
4.963500,29.611222,
356.282339,20.389222,
196.361309,43.977499,
158.925875,26.255313,
152.419382,12.502874,
224.545745,13.145219,
199.019023,40.328903,
355.821869,0.686975,
172.810920,37.530974,
128.021835,46.777687,
184.408385,16.348168,
143.871752,19.493071,
169.495777,20.554208,
179.846910,32.275887,
240.557270,31.481518,
236.023556,32.680104,
153.505231,35.497406,
143.177623,25.872964,
164.236952,51.918793,
208.023534,-1.442521,
338.695969,-9.633210,
156.138941,27.925496,
212.229244,55.871655,
219.751398,5.874730,
213.314412,19.960968,
205.301883,35.375332,
250.363549,45.241462,
136.596104,40.414425,
201.221542,35.378099,
211.059150,52.941288,
221.436409,23.044187,
147.424959,9.494668,
181.404984,29.510002,
153.074381,18.700801,
185.155137,28.631139,
29.362664,24.275866,
188.432439,43.517957,
143.489186,43.903707,
5.721704,-6.890539,
134.066306,1.776747,
221.474038,13.270597,
205.332831,25.590797,
240.094937,8.161991,
146.973476,49.171867,
326.054080,24.955902,
337.809291,5.391379,
250.848362,30.832140,
37.588886,-9.622906,
124.427525,54.863535,
231.665595,23.132998,
229.207248,1.480160,
199.275804,27.237996,
127.428419,10.719078,
357.945825,0.768445,
7.479032,-0.181498,
32.490963,32.037070,
141.549992,52.735823,
227.024738,40.817408,
167.334277,37.765451,
194.093016,31.124766,
177.678160,21.230266,
148.636810,49.313442,
333.124055,13.447053,
170.520157,24.911324,
25.761439,32.415826,
176.520845,38.267715,
222.048768,37.430196,
22.053083,18.897511,
2.796973,19.684843,
161.794346,30.186160,
18.860745,18.512319,
198.098675,52.410523,
133.355066,10.055465,
173.118192,11.469801,
233.130084,8.716440,
127.898436,10.232782,
181.386770,66.003022,
144.636717,2.080207,
188.280038,18.774231,
160.799735,23.096991,
245.086206,50.209988,
237.192514,38.995097,
159.775354,12.784670,
237.921322,16.176037,
152.507154,44.193689,
18.533710,-10.403419,
117.344352,13.053853,
358.555723,31.372717,
349.611103,-1.493014,
155.897308,20.733403,
356.524137,15.534556,
197.304667,57.920845,
165.143026,62.711257,
183.176107,8.569696,
143.326891,33.238107,
129.314379,46.698789,
337.789951,23.758720,
12.698256,3.976746,
160.434410,7.750590,
179.230685,13.099377,
152.632540,21.187291,
342.866880,27.098766,
0.442520,6.137240,
119.406830,20.216456,
317.703828,8.382200,
118.369047,27.299029,
192.674194,63.923053,
187.715473,40.757402,
254.196079,34.761982,
128.297502,50.175800,
237.979490,30.122884,
158.946396,0.211096,
12.421326,0.939854,
188.241531,17.621261,
339.264158,23.159140,
132.787298,18.215225,
161.132372,7.144738,
41.976495,4.140294,
132.229851,43.644429,
206.757021,45.160825,
219.593065,2.627215,
242.900741,36.891801,
148.916213,34.318794,
236.563074,57.928650,
12.931088,-6.695931,
2.637559,20.049928,
242.219738,58.753770,
186.394981,-2.799222,
141.079515,35.660668,
208.763948,32.862825,
206.911038,1.610092,
221.524382,35.460095,
30.106327,14.522300,
0.313262,8.250930,
135.458229,56.024972,
187.751456,12.167744,
21.726243,-8.937778,
168.278347,39.646358,
128.715608,26.471011,
245.451358,45.028098,
248.240641,50.688055,
340.222673,25.445809,
39.570623,-7.303039,
171.762164,-1.816074,
215.043306,43.388144,
164.200769,37.080644,
160.299887,28.468084,
24.697865,4.407384,
12.371298,22.752951,
335.321194,20.852710,
155.749157,1.023217,
7.687034,14.026335,
136.889595,44.945717,
151.355565,32.191291,
147.041220,6.360703,
215.892825,43.268025,
222.042311,45.175719,
226.674783,15.137560,
164.368658,12.328101,
212.475340,3.785134,
232.697260,7.475830,
216.439075,6.406852,
332.031078,13.871675,
181.218734,19.306208,
143.121556,43.460113,
190.488413,40.668845,
145.340064,26.977556,
202.816314,51.598364,
237.772608,12.493374,
124.619990,35.339164,
214.646136,48.141268,
358.029387,5.976654,
230.349516,43.847396,
220.079313,55.690644,
141.598267,7.801287,
238.996119,3.641827,
234.040005,11.609231,
149.596419,42.785074,
184.498881,30.548772,
6.831411,21.458266,
209.504199,27.273541,
228.624792,27.952763,
230.961520,35.020526,
247.336398,19.824175,
9.666840,18.927129,
169.418059,10.214934,
16.238782,5.315762,
177.100289,25.929994,
344.708869,28.574898,
193.334769,27.354440,
170.190285,48.258357,
127.064591,45.123575,
230.786404,32.988736,
168.021601,35.028709,
332.424344,4.368841,
324.532233,-0.296821,
35.387050,-7.044085,
123.256152,20.130230,
238.143347,16.196991,
29.405186,4.162226,
129.585924,60.992914,
14.962914,25.643949,
135.175729,43.769358,
138.554835,36.778546,
327.536984,27.473444,
240.185288,51.468219,
1.239663,7.019718,
192.313722,41.601775,
186.292416,43.038706,
235.178362,31.755046,
337.421899,-1.947131,
202.401253,37.941371,
140.791231,26.096752,
344.724305,3.873637,
164.074890,17.066780,
154.887473,18.713023,
333.893790,0.356680,
219.968110,58.561113,
6.843465,7.882880,
195.397278,25.259434,
253.381695,36.404483,
185.964301,44.286137,
150.652938,1.996850,
346.198829,34.191477,
184.503046,56.946446,
333.289890,2.421006,
184.571436,45.558670,
199.650636,36.037588,
332.937563,8.599063,
236.557689,-1.213150,
8.760361,-6.198929,
120.990087,34.628252,
228.936541,49.878970,
327.408121,21.482942,
181.377381,39.713546,
211.090851,41.932278,
129.163579,32.246199,
220.095506,6.781217,
152.040826,8.995773,
205.408769,62.814772,
118.206769,37.748173,
131.675400,29.321995,
203.927374,28.891797,
252.363166,30.409832,
25.470693,24.054278,
331.600063,11.528372,
196.613298,36.484478,
344.077475,21.788840,
238.055628,17.066114,
0.384871,21.226725,
127.537412,11.207865,
336.515937,3.137302,
146.631692,34.836914,
192.311597,30.263897,
227.558223,52.576110,
217.883628,5.450309,
190.242973,39.439498,
149.318558,45.025582,
140.980173,22.527129,
199.590809,43.918710,
190.569919,24.348992,
221.915038,9.884678,
7.891383,25.852813,
173.760536,6.700349,
241.925787,48.468087,
163.355864,30.405374,
225.920464,59.421605,
187.460913,2.781327,
128.224862,43.786818,
190.421838,29.782088,
12.803356,-2.879101,
180.072602,26.156597,
245.131381,47.809583,
248.962419,54.772983,
257.395905,44.832740,
201.262687,27.078636,
115.487526,36.918533,
159.077785,21.637184,
186.789521,31.130369,
128.394568,44.254027,
208.312474,33.729407,
238.212641,34.341670,
217.948271,11.038994,
29.606371,28.485653,
145.963925,39.887414,
161.940313,16.210112,
214.324567,23.288940,
186.719781,45.459011,
28.737233,-1.861614,
175.393692,55.727367,
330.529847,5.069584,
239.093747,10.323688,
205.017653,59.552251,
175.106459,18.772476,
215.674526,28.700132,
356.859994,2.915739,
173.727047,30.090647,
193.008718,27.838501,
158.573634,1.922770,
18.969148,0.100264,
339.182931,29.675084,
5.045070,21.547861,
166.063751,32.705042,
2.065337,0.754484,
227.813711,45.962460,
194.522767,33.863532,
353.618450,6.507087,
137.088326,54.713338,
0.947699,-1.050407,
219.955795,1.673752,
214.325781,38.115194,
14.615112,31.560523,
240.245285,48.844850,
9.042989,35.637140,
11.413067,2.622950,
228.974878,60.702089,
157.319975,62.087272,
230.193668,54.636270,
27.471845,7.780621,
133.632921,59.734281,
205.313666,28.268083,
5.050311,29.929647,
192.667340,-2.695525,
186.916629,44.795506,
144.682131,58.805763,
357.585499,0.609970,
209.359478,4.594859,
130.970282,37.707861,
174.092456,38.914012,
210.187525,62.304023,
130.078332,34.861165,
254.765449,46.502068,
51.446037,0.329296,
117.489881,44.378429,
256.100420,39.042205,
0.603510,36.047771,
211.075247,61.460642,
167.728724,62.528612,
334.975922,3.630166,
142.552467,28.059269,
202.616168,56.875275,
242.562758,36.128777,
28.909918,-1.108802,
240.419077,53.114238,
56.779472,-5.820024,
354.403225,23.713600,
33.781600,-7.035794,
341.575560,-1.608943,
352.892521,16.491868,
143.183798,40.336878,
332.354511,13.359886,
354.915323,3.293193,
125.373607,6.491227,
197.601242,40.138530,
12.741557,19.662137,
154.197237,56.435311,
121.629418,39.548168,
218.642489,39.102678,
120.775356,24.082409,
143.516532,31.892037,
352.887661,-9.046305,
217.593944,26.508786,
18.397400,6.234713,
111.464404,30.974066,
152.529209,60.222823,
205.103707,22.544523,
173.550579,22.638931,
201.310999,30.151165,
344.488430,-0.435654,
23.107304,6.268300,
203.263683,38.302160,
115.503633,26.529705,
159.522598,46.465501,
10.388225,-3.726793,
147.302995,21.129455,
179.145221,25.439317,
159.168395,28.553431,
148.148512,52.894005,
329.676637,-1.641708,
187.887552,32.415576,
256.212302,28.784158,
219.788549,29.184831,
202.837232,60.429722,
164.869079,16.782774,
253.293083,37.475848,
22.594978,-10.234670,
139.490006,36.466442,
31.877324,28.172968,
220.678083,54.825655,
134.299143,37.280968,
258.671677,39.344913,
213.061725,28.583717,
245.312634,37.800617,
331.885378,18.795098,
139.068630,18.886116,
139.536687,0.916039,
224.797189,41.231842,
178.219442,29.746738,
190.415381,18.083857,
46.156527,-1.248043,
206.339677,39.020474,
154.629515,49.633190,
154.367796,47.672913,
8.251835,19.581345,
117.064769,22.977230,
357.401598,1.739096,
169.546150,2.133761,
209.282368,38.376234,
220.549553,64.234406,
218.523717,42.054435,
143.350506,62.611433,
212.130611,20.336343,
223.172214,45.373914,
197.592433,40.612962,
127.115899,0.024911,
130.138415,35.833340,
199.694693,12.583714,
133.071058,53.526862,
162.181158,51.318111,
164.210897,11.889222,
331.711525,0.374027,
203.087800,28.208580,
141.063763,30.808845,
10.354899,7.717798,
209.697015,11.307521,
183.293023,-1.195542,
173.200215,48.937231,
175.133766,0.328837,
117.501365,18.386496,
9.335377,17.029895,
322.908630,-0.427177,
166.264931,39.142060,
180.130792,60.919760,
4.630572,4.165898,
13.458024,-1.508437,
350.050677,4.655977,
26.820813,7.552649,
195.627620,1.618442,
195.175890,41.238584,
201.098819,36.119855,
233.549381,42.369475,
231.413981,22.843162,
240.825246,43.020842,
184.985408,-1.356347,
335.382584,10.367438,
22.029382,33.447703,
196.588173,43.809320,
221.717096,36.242309,
158.192703,19.712552,
24.053149,2.992704,
214.886064,9.966101,
228.928607,32.423341,
150.297954,3.585184,
175.365764,46.758460,
199.834006,45.040513,
203.104364,1.881933,
172.487420,58.962003,
356.213532,34.563532,
134.571289,28.421125,
198.160282,52.988041,
168.006079,37.973563,
211.521618,-0.580333,
249.310262,50.299483,
194.833063,65.194119,
17.953819,8.851840,
165.619400,19.114159,
224.627841,47.249242,
194.258819,41.179614,
146.741783,32.850587,
156.526075,49.680706,
148.058850,29.301884,
237.234433,48.976720,
138.924686,55.402769,
201.732154,2.124280,
231.756144,41.660990,
8.869058,31.183884,
31.130280,1.368038,
249.688646,33.480023,
149.881725,0.938636,
231.371581,29.470355,
246.321453,48.409155,
155.387801,27.253695,
144.128364,64.523258,
222.524743,24.653528,
126.583806,53.841158,
211.869229,17.485399,
54.238557,-6.507295,
151.732538,5.056898,
249.881339,26.613702,
203.378349,41.788452,
189.807866,33.928921,
317.961530,4.861965,
243.087436,13.647316,
197.167256,64.082063,
123.719096,37.263119,
238.578429,-1.061704,
155.146819,60.975627,
184.474846,35.288758,
150.146884,38.003725,
216.528590,27.747386,
173.874046,51.844320,
249.147201,48.871350,
138.184109,34.102607,
238.192258,33.964256,
353.733654,12.204540,
196.377302,5.664298,
320.648049,1.814869,
196.218399,43.427197,
121.840722,16.866679,
213.278652,37.666517,
187.666229,3.149256,
39.005980,-0.424548,
31.863008,0.482645,
135.405536,8.452787,
11.690128,17.078365,
189.505229,15.636128,
357.412839,12.167444,
192.560348,36.072473,
137.403609,35.904077,
225.393177,44.711649,
210.418740,55.987685,
113.337226,22.892210,
222.858097,3.526446,
33.123238,-3.369316,
141.487441,24.301377,
13.210517,12.971705,
126.161538,52.859357,
133.900496,46.647306,
128.326202,31.650787,
14.827864,17.864807,
0.186676,3.906003,
140.729334,22.390346,
188.372561,39.055503,
189.988202,20.955592,
142.111646,5.733984,
358.277962,30.679767,
230.214359,11.872205,
332.259263,13.661187,
122.587373,52.911368,
180.573449,16.569970,
207.171523,32.493561,
171.045674,64.606775,
154.535969,5.344455,
228.063649,59.479434,
122.746908,38.898365,
212.077366,-2.386693,
173.140145,38.062877,
124.894746,40.163570,
23.164241,6.267355,
143.257204,56.793280,
176.877386,8.337714,
246.843456,35.177356,
325.975945,24.724640,
8.791154,-5.303014,
235.241926,44.798701,
112.772578,31.868325,
188.109873,32.344713,
188.506427,50.512552,
193.383245,34.481094,
156.082634,50.855206,
123.433378,17.184246,
12.832335,32.260752,
358.797538,21.352782,
6.035168,17.875518,
9.192238,22.205774,
18.435830,-3.834693,
121.675591,42.982351,
237.165818,43.473572,
317.253019,0.940234,
144.204449,19.965960,
206.097284,38.284258,
329.636345,10.903989,
216.332092,1.345339,
137.793915,25.541670,
139.959252,11.658274,
164.644766,28.302053,
14.876067,23.401273,
169.853894,46.789508,
204.878165,-0.164331,
124.972945,29.876900,
337.066893,12.385915,
209.462193,34.839883,
170.154207,6.505245,
150.121517,36.895114,
183.414598,46.555424,
240.069712,34.278282,
245.296979,37.768036,
181.551370,54.485021,
183.384497,49.967609,
233.255841,47.145751,
223.562888,42.403608,
119.803623,27.208597,
170.028056,58.910922,
158.748935,35.805098,
176.306700,20.945017,
179.902347,38.040382,
238.022934,44.648036,
170.176956,7.219850,
7.013132,4.554787,
180.481372,58.108885,
192.341869,38.348003,
256.241446,21.162189,
